title,Mileage(miles),Registration_Year,Previous Owners,Fuel type,Body type,Engine,Gearbox,Doors,Seats,Emission Class,Price
SKODA Fabia,70189,2016,3,Diesel,Hatchback,1.4L,Manual,5,5,Euro 6,6900
Vauxhall Corsa,88585,2008,4,Petrol,Hatchback,1.2L,Manual,3,5,Euro 4,1495
Hyundai i30,137000,2011,0,Petrol,Hatchback,1.4L,Manual,5,5,Euro 5,949
MINI Hatch,96731,2010,5,Petrol,Hatchback,1.4L,Manual,3,4,Euro 4,2395
Vauxhall Corsa,85000,2013,0,Diesel,Hatchback,1.3L,Manual,5,5,Euro 5,1000
Hyundai Coupe,124196,2007,3,Petrol,Coupe,2.0L,Manual,3,4,Euro 4,800
Ford Focus,140599,2008,0,Petrol,Hatchback,1.6L,Manual,5,5,Euro 4,798
Vauxhall Corsa,90000,2009,0,Petrol,Hatchback,1.2L,Manual,3,5,Euro 4,1995
Volvo 740,225318,1989,0,Petrol,Estate,2.3L,Automatic,5,null,null,750
Peugeot 207,87000,2008,5,Diesel,Hatchback,1.6L,Manual,5,5,Euro 4,1299
Ford Fiesta,181693,2009,0,Diesel,Hatchback,1.6L,Manual,3,5,Euro 4,1495
Vauxhall Insignia,79000,2011,4,Petrol,Hatchback,1.8L,Manual,5,5,Euro 5,2950
SKODA Fabia,70189,2016,3,Diesel,Hatchback,1.4L,Manual,5,5,Euro 6,6900
BMW 3 Series,69690,2019,1,Petrol Plug-in Hybrid,Saloon,2.0L,Automatic,4,5,Euro 6,19800
Citroen C1,164985,2008,0,Petrol,Hatchback,1.0L,Manual,3,4,Euro 4,1100
Vauxhall Corsa,109000,2007,0,Petrol,Hatchback,1.4L,Manual,5,5,Euro 4,1295
Peugeot 207,111400,2007,2,Diesel,Hatchback,1.6L,Manual,5,5,Euro 4,999
Citroen C4,135000,2010,0,Diesel,Hatchback,1.6L,Manual,5,5,Euro 4,1289
Vauxhall Astra,134000,2004,5,Petrol,Hatchback,1.8L,Automatic,5,5,Euro 4,1200
Citroen C4,114000,2013,0,Diesel,Hatchback,1.6L,Manual,5,5,Euro 5,1949
Ford Mondeo,101000,2010,3,Diesel,Hatchback,1.8L,Manual,5,5,Euro 4,1195
Mercedes-Benz A180,53055,2019,0,Petrol,Hatchback,1.3L,Manual,5,5,Euro 6,14498
Peugeot 407,89000,2007,0,Petrol,Coupe,3.0L,Automatic,2,4,Euro 4,1995
Ford KA,69000,2003,3,Petrol,Hatchback,1.3L,Manual,3,4,Euro 3,990
Vauxhall Insignia,79000,2011,4,Petrol,Hatchback,1.8L,Manual,5,5,Euro 5,2950
Mercedes-Benz A Class,62402,2019,1,Petrol,Hatchback,1.3L,Automatic,5,5,Euro 6,15900
Ford Focus,86500,2017,0,Diesel,Hatchback,1.5L,Manual,5,5,Euro 6,8975
Citroen C4,55000,2011,2,Petrol,Hatchback,1.6L,Manual,5,5,Euro 5,3399
SKODA Fabia,150000,2007,2,Diesel,Hatchback,1.9L,Manual,5,5,Euro 4,1990
Ford Focus,95000,2009,3,Diesel,Hatchback,1.8L,Manual,5,5,Euro 4,1200
Mazda Mazda2,135800,2008,3,Petrol,Hatchback,1.3L,Manual,5,5,Euro 4,1490
Saab 9-3,98000,2006,0,Petrol,Convertible,2.0L,Automatic,2,4,Euro 4,2250
Volkswagen Polo,106305,2011,4,Petrol,Hatchback,1.2L,Manual,5,5,Euro 5,2800
BMW 1 Series,86000,2011,3,Petrol,Coupe,2.0L,Manual,2,4,Euro 5,2490
Vauxhall Corsa,75786,2008,3,Petrol,Hatchback,1.4L,Manual,3,5,Euro 4,1695
Vauxhall Corsa,99905,2010,5,Petrol,Hatchback,1.4L,Manual,5,5,Euro 5,1795
Vauxhall Astra,95000,2011,0,Petrol,Hatchback,1.4L,Manual,5,5,Euro 5,2500
Volkswagen Polo,149000,2010,1,Diesel,Hatchback,1.2L,Manual,5,5,Euro 5,2495
Mercedes-Benz A Class,62402,2019,1,Petrol,Hatchback,1.3L,Automatic,5,5,Euro 6,15900
Vauxhall Corsa,22782,2020,0,Petrol,Hatchback,1.2L,Manual,5,5,Euro 6,10698
Vauxhall Corsa,63796,2008,0,Petrol,Hatchback,1.2L,Manual,3,5,Euro 4,1795
Vauxhall Astra,178000,2007,4,Petrol,Hatchback,1.8L,Automatic,5,5,Euro 4,1250
Vauxhall Corsa,113218,2005,0,Petrol,Hatchback,1.2L,Manual,3,5,Euro 4,988
Vauxhall Astra,88000,2008,0,Petrol,Hatchback,1.8L,Manual,5,5,Euro 4,1995
Vauxhall Corsa,122000,2009,3,Petrol,Hatchback,1.4L,Automatic,5,5,Euro 4,1999
BMW 3 Series,57000,1999,0,Petrol,Saloon,1.9L,Automatic,4,5,Euro 3,1449
Ford Focus,119000,2002,4,Petrol,Hatchback,1.6L,Automatic,5,5,Euro 3,1290
Volkswagen Polo,111400,2008,4,Petrol,Hatchback,1.2L,Manual,5,5,Euro 4,1449
Vauxhall Corsa,94000,2014,0,Petrol,Hatchback,1.4L,Manual,3,5,Euro 5,3295
Honda Accord,155085,2004,2,Petrol,Estate,2.4L,Manual,5,5,Euro 4,1400
Vauxhall Corsa,93000,2012,4,Petrol,Hatchback,1.2L,Manual,3,5,Euro 5,1950
Vauxhall Corsa,22782,2020,0,Petrol,Hatchback,1.2L,Manual,5,5,Euro 6,10698
BMW 3 Series,69690,2019,1,Petrol Plug-in Hybrid,Saloon,2.0L,Automatic,4,5,Euro 6,19800
Ford Focus,99000,2009,0,Petrol,Hatchback,1.8L,Manual,5,5,Euro 4,2249
Ford Focus,127000,2008,0,Petrol,Hatchback,1.6L,Manual,5,5,Euro 4,1390
Ford Focus,104020,2010,4,Petrol,Hatchback,1.8L,Manual,5,5,Euro 4,1795
Peugeot 207,92000,2009,3,Petrol,Hatchback,1.4L,Manual,5,5,Euro 4,1699
Ford Fiesta,99000,2004,0,Petrol,Hatchback,1.4L,Manual,3,5,Euro 4,999
Volkswagen Beetle,101000,2003,5,Petrol,Convertible,2.0L,Manual,2,4,Euro 4,700
Vauxhall Astra,100312,2013,3,Petrol,Hatchback,1.4L,Manual,5,5,Euro 5,3250
MG MG6,55000,2012,0,Petrol,Hatchback,1.8L,Manual,5,5,Euro 5,3245
Ford C-max,135000,2008,5,Petrol,MPV,2.0L,Automatic,5,5,Euro 4,1250
Honda Civic,132000,2008,6,Petrol,Hatchback,1.8L,Automatic,5,5,Euro 4,1900
Volkswagen Polo,127000,2015,0,Petrol,Hatchback,1.0L,Manual,3,5,Euro 6,3495
MINI Hatch,46923,2017,3,Petrol,Hatchback,1.5L,Manual,3,4,Euro 6,10000
BMW 3 Series,69690,2019,1,Petrol Plug-in Hybrid,Saloon,2.0L,Automatic,4,5,Euro 6,19800
Honda Civic,160000,2008,5,Diesel,Hatchback,2.2L,Manual,3,5,Euro 4,1000
Citroen C1,65500,2008,3,Petrol,Hatchback,1.0L,Manual,3,4,Euro 4,1490
Vauxhall Corsa,93000,2012,4,Petrol,Hatchback,1.2L,Manual,3,5,Euro 5,1950
Toyota Auris,115000,2007,6,Petrol,Hatchback,1.4L,Manual,3,5,Euro 4,1695
Hyundai i30,130000,2010,4,Petrol,Hatchback,1.4L,Manual,5,5,Euro 4,1750
Volkswagen Polo,149000,2010,1,Diesel,Hatchback,1.2L,Manual,5,5,Euro 5,2495
Honda Civic,68000,2002,0,Petrol,Hatchback,1.4L,Manual,5,5,Euro 3,1389
Ford Focus,84000,2013,0,Petrol,Hatchback,1.0L,Manual,5,5,Euro 5,4490
Honda Civic,113000,2004,0,Petrol,Hatchback,1.6L,Manual,5,5,Euro 3,990
Volvo S40,101000,2009,4,Petrol,Saloon,1.6L,Manual,4,5,Euro 4,2849
SEAT Ibiza,99061,2011,0,Petrol,Hatchback,1.2L,Manual,3,5,Euro 5,2799
Peugeot 308,55301,2016,0,Diesel,Hatchback,1.6L,Manual,5,5,Euro 6,9149
Mercedes-Benz A Class,62402,2019,1,Petrol,Hatchback,1.3L,Automatic,5,5,Euro 6,15900
Ford Mondeo,84815,2003,5,Petrol,Hatchback,3.0L,Manual,5,5,Euro 4,1990
Volkswagen Polo,127000,2015,0,Petrol,Hatchback,1.0L,Manual,3,5,Euro 6,3495
Vauxhall Meriva,78521,2011,2,Diesel,MPV,1.3L,Manual,5,5,Euro 5,1600
Mercedes-Benz B Class,85000,2008,0,Petrol,MPV,1.5L,Manual,5,5,Euro 4,2650
Mazda Mazda3,66000,2009,0,Petrol,Saloon,1.6L,Manual,4,5,Euro 4,2990
BMW 3 Series,171090,2010,3,Petrol,Saloon,2.0L,Manual,4,5,Euro 5,2495
Nissan 350 Z,100479,2004,3,Petrol,Coupe,3.5L,Manual,2,2,Euro 3,4300
MINI Hatch,68000,2008,4,Petrol,Hatchback,1.6L,Manual,3,4,Euro 4,2499
Alfa Romeo Mito,120000,2011,2,Petrol,Hatchback,1.4L,Manual,3,4,Euro 5,1500
BMW 3 Series,113000,2009,6,Petrol,Saloon,2.0L,Manual,4,5,Euro 4,2495
SEAT Ibiza,99061,2011,0,Petrol,Hatchback,1.2L,Manual,3,5,Euro 5,2799
Mercedes-Benz A Class,62402,2019,1,Petrol,Hatchback,1.3L,Automatic,5,5,Euro 6,15900
Vauxhall Corsa,22782,2020,0,Petrol,Hatchback,1.2L,Manual,5,5,Euro 6,10698
Ford Focus,105000,2011,0,Petrol,Hatchback,1.6L,Manual,5,5,Euro 5,2950
Vauxhall Astra,71000,2012,4,Petrol,Hatchback,1.4L,Manual,5,5,Euro 5,3300
Renault Fluence,67104,2010,1,Diesel,Saloon,1.5L,Manual,4,5,null,2490
Peugeot 207,75000,2007,0,Petrol,Hatchback,1.4L,Manual,3,5,Euro 4,1490
Volkswagen Passat,104000,2006,0,Petrol,Saloon,3.2L,Automatic,4,5,Euro 4,2495
BMW 3 Series,75350,2005,3,Petrol,Saloon,1.8L,Automatic,4,5,Euro 3,1995
Honda Accord,22641,2006,2,Petrol,Saloon,2.0L,Manual,4,5,Euro 4,3490
BMW 3 Series,104392,2010,4,Petrol,Saloon,2.0L,Manual,4,5,Euro 5,2490
Honda Civic,104068,2010,0,Petrol,Hatchback,1.4L,Manual,5,5,Euro 5,2995
Vauxhall Insignia,79000,2011,4,Petrol,Hatchback,1.8L,Manual,5,5,Euro 5,2950
Vauxhall Corsa,93000,2012,4,Petrol,Hatchback,1.2L,Manual,3,5,Euro 5,1950
Vauxhall Corsa,22782,2020,0,Petrol,Hatchback,1.2L,Manual,5,5,Euro 6,10698
KIA Sportage,50028,2016,0,Petrol,SUV,1.6L,Manual,5,5,Euro 6,10198
Ford Focus,111479,2005,2,Petrol,Hatchback,1.6L,Manual,3,5,Euro 3,988
Citroen XM,126000,1995,4,Diesel,Hatchback,2.5L,Manual,5,null,Euro 2,3250
BMW 3 Series,80000,2000,0,Petrol,Saloon,1.9L,Manual,4,5,Euro 3,1389
MINI Hatch,99911,2003,4,Petrol,Hatchback,1.6L,Manual,3,4,Euro 3,1395
MINI Hatch,46000,2007,3,Petrol,Hatchback,1.6L,Manual,3,4,Euro 4,2490
Vauxhall Astra,120000,2014,0,Petrol,Hatchback,1.6L,Manual,5,5,Euro 5,2895
Vauxhall Antara,79000,2012,0,Diesel,SUV,2.2L,Manual,5,5,Euro 5,3289
Vauxhall Insignia,114000,2014,3,Petrol,Hatchback,1.8L,Manual,5,5,Euro 5,3799
Peugeot 207,66000,2008,3,Petrol,Hatchback,1.6L,Automatic,5,5,Euro 4,2945
Nissan Note,65000,2009,3,Petrol,Hatchback,1.4L,Manual,5,5,Euro 4,2499
Ford Focus,140599,2008,0,Petrol,Hatchback,1.6L,Manual,5,5,Euro 4,798
KIA Sportage,50028,2016,0,Petrol,SUV,1.6L,Manual,5,5,Euro 6,10198
MINI Hatch,46923,2017,3,Petrol,Hatchback,1.5L,Manual,3,4,Euro 6,10000
SEAT Ibiza,99061,2011,0,Petrol,Hatchback,1.2L,Manual,3,5,Euro 5,2799
Mercedes-Benz A Class,184000,2009,0,Diesel,Hatchback,2.0L,Manual,5,5,Euro 4,995
BMW 5 Series,139000,2004,0,Petrol,Saloon,3.0L,Automatic,4,5,Euro 3,2950
Honda Cr-v,120000,1999,0,Petrol,SUV,2.0L,Automatic,5,5,Euro 3,1389
Proton Savvy,85000,2007,0,Petrol,Hatchback,1.2L,Manual,5,4,Euro 4,990
Vauxhall Corsa,93000,2009,4,Petrol,Hatchback,1.4L,Manual,5,5,Euro 4,1850
Peugeot 207,51116,2008,3,Petrol,Hatchback,1.4L,Manual,5,5,Euro 4,1990
MINI Hatch,69000,2005,0,Petrol,Hatchback,1.6L,Manual,3,4,Euro 3,2695
Nissan Micra,111998,2007,2,Petrol,Hatchback,1.2L,Automatic,3,5,Euro 4,1895
Vauxhall Astra,93101,2008,6,Petrol,Hatchback,1.6L,Manual,5,5,Euro 4,1995
Ford Focus,105000,2011,0,Petrol,Hatchback,1.6L,Manual,5,5,Euro 5,2950
MINI Hatch,46923,2017,3,Petrol,Hatchback,1.5L,Manual,3,4,Euro 6,10000
KIA Sportage,50028,2016,0,Petrol,SUV,1.6L,Manual,5,5,Euro 6,10198
Fiat Panda,45000,2010,0,Petrol,Hatchback,1.1L,Manual,5,4,Euro 4,1395
BMW 3 Series,74325,2007,0,Petrol,Saloon,2.0L,Manual,4,5,Euro 4,2495
Vauxhall Corsa,102329,2007,0,Petrol,Hatchback,1.0L,Manual,3,5,Euro 4,1498
Mazda Mazda2,97000,2008,2,Petrol,Hatchback,1.5L,Manual,5,5,Euro 4,2495
Vauxhall Insignia,113000,2011,0,Diesel,Hatchback,2.0L,Manual,5,5,Euro 5,1949
Vauxhall Corsa,84000,2014,3,Diesel,Hatchback,1.3L,Manual,5,5,Euro 5,2700
Renault Megane,43000,2007,0,Petrol,Hatchback,1.4L,Manual,3,5,Euro 4,1990
Renault Clio,92000,2006,1,Petrol,Hatchback,1.4L,Manual,5,5,Euro 4,1400
Hyundai i20,100600,2010,4,Petrol,Hatchback,1.2L,Manual,5,5,Euro 4,1500
Ford Focus,100000,2012,0,Diesel,Hatchback,1.6L,Manual,5,5,Euro 5,2995
Peugeot 207,111400,2007,2,Diesel,Hatchback,1.6L,Manual,5,5,Euro 4,999
KIA Sportage,50028,2016,0,Petrol,SUV,1.6L,Manual,5,5,Euro 6,10198
Mercedes-Benz A Class,62402,2019,1,Petrol,Hatchback,1.3L,Automatic,5,5,Euro 6,15900
Citroen C3,120000,2010,1,Petrol,Hatchback,1.6L,Manual,5,5,Euro 5,1300
Audi A6 Saloon,95000,2006,0,Petrol,Saloon,3.1L,Automatic,4,5,Euro 4,4250
Toyota Yaris,27682,2007,3,Petrol,Hatchback,1.3L,Manual,5,5,Euro 4,2999
BMW 1 Series,89900,2007,4,Petrol,Hatchback,1.6L,Manual,5,5,Euro 4,2495
Fiat 500,80742,2011,3,Petrol,Hatchback,1.2L,Manual,3,4,Euro 5,2499
SEAT Ibiza,55926,2008,3,Petrol,Hatchback,1.4L,Manual,3,5,Euro 4,2394
Hyundai i30,105000,2010,7,Petrol,Hatchback,1.4L,Manual,5,5,Euro 4,1999
Mercedes-Benz M Class,132000,2004,0,Petrol,SUV,3.7L,Automatic,5,5,Euro 3,2495
Peugeot 308,79000,2010,0,Petrol,Hatchback,1.6L,Automatic,5,5,Euro 4,3495
Audi A4,89000,2008,4,Petrol,Saloon,1.8L,Manual,4,5,Euro 4,3995
Volkswagen Polo,127000,2015,0,Petrol,Hatchback,1.0L,Manual,3,5,Euro 6,3495
Mercedes-Benz A Class,62402,2019,1,Petrol,Hatchback,1.3L,Automatic,5,5,Euro 6,15900
Peugeot 308 SW,56984,2016,4,Diesel,Estate,1.6L,Manual,5,5,Euro 6,9600
Ford S-max,103900,2009,4,Diesel,MPV,2.0L,Manual,5,7,Euro 4,1839
Volkswagen Polo,102000,2010,2,Diesel,Hatchback,1.6L,Manual,5,5,Euro 5,2595
Honda Civic,95000,2011,7,Petrol,Hatchback,1.4L,Automatic,3,5,Euro 5,4700
Peugeot 1007,36600,2007,0,Petrol,Hatchback,1.6L,Automatic,3,4,Euro 4,2490
Honda Odyssey,88240,2012,0,Petrol,MPV,2.4L,Automatic,5,7,null,2449
Vauxhall Corsa,130000,2006,1,Petrol,Hatchback,1.2L,Manual,3,5,Euro 4,990
Peugeot 307 CC,70345,2008,5,Petrol,Convertible,1.6L,Manual,2,4,Euro 4,1950
Citroen C1,97000,2011,3,Petrol,Hatchback,1.0L,Manual,5,4,Euro 5,1390
Hyundai i20,112000,2010,2,Petrol,Hatchback,1.4L,Automatic,5,5,Euro 4,3495
Nissan Micra,49000,2004,0,Petrol,Hatchback,1.0L,Manual,5,5,Euro 3,1490
SEAT Ibiza,99061,2011,0,Petrol,Hatchback,1.2L,Manual,3,5,Euro 5,2799
Honda Civic,78691,2018,0,Diesel,Hatchback,1.6L,Manual,5,5,Euro 6,9198
KIA Sportage,50028,2016,0,Petrol,SUV,1.6L,Manual,5,5,Euro 6,10198
Ford Focus,89000,2010,6,Diesel,Hatchback,1.6L,Manual,5,5,Euro 5,2350
Honda Jazz,171000,2007,1,Petrol,Hatchback,1.4L,Manual,5,5,Euro 4,1399
MINI Hatch,125000,2005,0,Petrol,Hatchback,1.6L,Manual,3,4,Euro 4,1189
BMW 5 Series,115000,2011,0,Diesel,Saloon,2.0L,Manual,4,5,Euro 5,3889
BMW 3 Series,99000,2007,1,Petrol,Saloon,3.0L,Manual,4,5,Euro 4,2599
Vauxhall Corsa,71000,2011,3,Petrol,Hatchback,1.0L,Manual,3,5,Euro 5,2795
Mercedes-Benz CLK,70000,2009,0,Petrol,Coupe,2.0L,Automatic,2,5,null,3995
Ford Fiesta,97500,2009,0,Petrol,Hatchback,1.3L,Manual,3,5,Euro 4,2699
Vauxhall Corsa,36000,2014,2,Petrol,Hatchback,1.4L,Manual,3,5,Euro 5,3999
Citroen DS4,97385,2013,4,Petrol,Hatchback,1.6L,Manual,5,5,Euro 5,2700
Peugeot 207,111400,2007,2,Diesel,Hatchback,1.6L,Manual,5,5,Euro 4,999
KIA Sportage,50028,2016,0,Petrol,SUV,1.6L,Manual,5,5,Euro 6,10198
Vauxhall Corsa,22782,2020,0,Petrol,Hatchback,1.2L,Manual,5,5,Euro 6,10698
KIA RIO,66800,2013,1,Petrol,Hatchback,1.3L,Manual,3,5,Euro 5,3250
BMW 3 SERIES,98979,2003,0,Petrol,Coupe,2.5L,Automatic,2,5,Euro 3,2898
Volkswagen Golf,98207,2007,4,Petrol,Hatchback,1.6L,Automatic,5,5,Euro 4,2950
Vauxhall Corsa,60000,2006,0,Petrol,Hatchback,1.4L,Manual,5,5,Euro 4,1749
Ford Focus,101591,2010,0,Petrol,Hatchback,1.6L,Manual,5,5,Euro 4,2495
Mazda Mazda3,68000,2011,2,Petrol,Hatchback,1.6L,Manual,5,5,Euro 5,3799
Toyota Yaris,164470,2006,3,Petrol,Hatchback,1.3L,Manual,5,5,Euro 4,1100
Vauxhall Corsa,86000,2011,0,Petrol,Hatchback,1.4L,Manual,5,5,Euro 5,2490
Hyundai i30,90000,2010,0,Petrol,Estate,1.6L,Automatic,5,5,Euro 4,3250
Volkswagen Polo,123000,2010,0,Petrol,Hatchback,1.4L,Manual,5,5,Euro 5,3000
Volkswagen Polo,127000,2015,0,Petrol,Hatchback,1.0L,Manual,3,5,Euro 6,3495
Vauxhall Corsa,22782,2020,0,Petrol,Hatchback,1.2L,Manual,5,5,Euro 6,10698
KIA Sportage,50028,2016,0,Petrol,SUV,1.6L,Manual,5,5,Euro 6,10198
Ford Fiesta,67361,2009,1,Petrol,Hatchback,1.3L,Manual,3,5,Euro 5,2995
Mitsubishi Outlander,116000,2009,3,Petrol,SUV,2.4L,Automatic,5,7,Euro 4,4495
Volkswagen Scirocco,99000,2010,3,Petrol,Hatchback,1.4L,Manual,3,4,Euro 5,3750
Ford Fiesta,80997,2009,0,Petrol,Hatchback,1.3L,Manual,3,5,Euro 4,2945
Volkswagen Passat,100000,2009,0,Diesel,Estate,2.0L,Manual,5,5,Euro 5,2889
Toyota Corolla,110846,2005,3,Diesel,Hatchback,2.0L,Manual,5,5,Euro 3,995
SEAT Ibiza,65000,2013,4,Petrol,Hatchback,1.4L,Manual,3,3,Euro 5,3350
Audi A3,85578,2008,5,Petrol,Hatchback,1.6L,Manual,5,5,Euro 4,2499
Vauxhall Corsa,77502,2012,5,Petrol,Hatchback,1.2L,Manual,5,5,Euro 5,2100
Audi A3,130500,2011,2,Petrol,Hatchback,1.6L,Manual,3,5,Euro 5,1800
Peugeot 207,87000,2008,5,Diesel,Hatchback,1.6L,Manual,5,5,Euro 4,1299
KIA Sportage,50028,2016,0,Petrol,SUV,1.6L,Manual,5,5,Euro 6,10198
Peugeot 308,55301,2016,0,Diesel,Hatchback,1.6L,Manual,5,5,Euro 6,9149
Vauxhall Astra,64000,2010,6,Petrol,Hatchback,1.4L,Manual,5,5,Euro 5,2300
Vauxhall Corsa,96270,2008,9,Petrol,Hatchback,1.4L,Manual,5,5,Euro 4,1500
Ford KA,45000,2005,0,Petrol,Hatchback,1.3L,Manual,3,5,Euro 3,1195
Vauxhall Astra,78000,2011,0,Petrol,Hatchback,1.6L,Manual,5,5,Euro 5,3250
Citroen DS3,54000,2014,0,Petrol,Hatchback,1.6L,Manual,3,5,Euro 5,5299
Volkswagen Passat,49000,2005,0,Diesel,Saloon,1.9L,Automatic,4,5,Euro 3,2250
Vauxhall Zafira,95000,2011,2,Petrol,MPV,1.8L,Manual,5,7,Euro 5,2495
Ford Fiesta,58000,2015,0,Petrol,Hatchback,1.0L,Manual,3,5,Euro 5,7699
Fiat Grande Punto,76850,2009,3,Petrol,Hatchback,1.4L,Manual,3,5,Euro 4,1999
Mercedes-Benz B Class,99000,2009,4,Diesel,MPV,2.0L,Manual,5,5,Euro 4,2299
Vauxhall Insignia,79000,2011,4,Petrol,Hatchback,1.8L,Manual,5,5,Euro 5,2950
Ford Focus,86500,2017,0,Diesel,Hatchback,1.5L,Manual,5,5,Euro 6,8975
Mercedes-Benz A Class,62402,2019,1,Petrol,Hatchback,1.3L,Automatic,5,5,Euro 6,15900
Vauxhall Insignia,147000,2016,2,Diesel,Hatchback,1.6L,Manual,5,5,Euro 6,3450
BMW 3 Series,114121,2006,0,Petrol,Coupe,3.0L,Automatic,2,4,Euro 4,4000
Renault Clio,82000,2009,2,Petrol,Hatchback,1.2L,Manual,3,5,Euro 5,1899
Peugeot 508,91000,2011,0,Diesel,Saloon,2.2L,Automatic,4,5,Euro 5,3995
Hyundai i20,69550,2016,0,Petrol,Coupe,1.2L,Manual,3,5,Euro 6,5799
Mercedes-Benz 260,57400,1991,0,Petrol,Saloon,2.6L,Automatic,4,null,null,2995
Saab 9-3,138000,2008,6,Petrol,Saloon,2.0L,Automatic,4,5,Euro 4,2000
Volkswagen Golf,77720,2006,0,Petrol,Hatchback,1.4L,Manual,3,5,Euro 4,2485
SKODA Fabia,84000,2008,0,Petrol,Hatchback,1.4L,Manual,5,5,Euro 4,1995
Volkswagen Golf,59042,2006,3,Diesel,Hatchback,1.9L,Manual,5,5,Euro 4,2490
Volkswagen Polo,127000,2015,0,Petrol,Hatchback,1.0L,Manual,3,5,Euro 6,3495
Honda Civic,78691,2018,0,Diesel,Hatchback,1.6L,Manual,5,5,Euro 6,9198
BMW 3 Series,69690,2019,1,Petrol Plug-in Hybrid,Saloon,2.0L,Automatic,4,5,Euro 6,19800
MG Midget,75043,1972,3,Petrol,Convertible,1.3L,Manual,2,null,null,1875
Vauxhall Adam,120000,2014,0,Petrol,Hatchback,1.4L,Manual,3,4,Euro 5,2745
Peugeot 1007,56817,2008,0,Petrol,Hatchback,1.4L,Manual,3,4,Euro 4,1990
Nissan Micra,85285,2009,0,Petrol,Hatchback,1.2L,Manual,5,5,Euro 4,1650
Vauxhall Corsa,82000,2010,0,Petrol,Hatchback,1.4L,Manual,5,5,Euro 5,2250
Volkswagen Polo,87009,2009,4,Petrol,Hatchback,1.4L,Manual,5,5,Euro 5,3795
Ford Mondeo,69756,2012,4,Diesel,Hatchback,2.2L,Manual,5,5,Euro 5,5450
Audi A6 Avant,234680,2011,1,Diesel,Estate,2.0L,Manual,5,5,Euro 5,2600
BMW 3 Series,77708,2001,7,Petrol,Coupe,2.2L,Manual,2,5,Euro 3,2999
Vauxhall Meriva,68840,2011,4,Petrol,MPV,1.4L,Manual,5,5,Euro 5,1990
Ford Focus,140599,2008,0,Petrol,Hatchback,1.6L,Manual,5,5,Euro 4,798
BMW 3 Series,69690,2019,1,Petrol Plug-in Hybrid,Saloon,2.0L,Automatic,4,5,Euro 6,19800
Ford Focus,86500,2017,0,Diesel,Hatchback,1.5L,Manual,5,5,Euro 6,8975
Ford Focus,109000,2009,0,Petrol,Hatchback,1.8L,Manual,5,5,Euro 4,2395
BMW 3 Series,119300,2002,0,Petrol,Saloon,2.2L,Manual,4,5,Euro 3,1789
Mercedes-Benz B Class,78000,2013,0,Diesel,MPV,1.8L,Automatic,5,5,Euro 5,5995
Nissan Qashqai,120090,2011,2,Petrol,SUV,1.6L,Manual,5,5,Euro 5,3795
Nissan Almera Tino,93000,2004,3,Petrol,MPV,1.8L,Manual,5,5,Euro 3,990
Mercedes-Benz C Class,140000,2012,2,Diesel,Coupe,2.1L,Manual,2,4,Euro 5,3100
Ford KA,88000,2009,0,Petrol,Hatchback,1.2L,Manual,3,4,Euro 4,1950
Vauxhall Corsa,77000,2009,7,Petrol,Hatchback,1.2L,Manual,5,5,Euro 4,2250
SKODA Fabia,124138,2011,3,Petrol,Hatchback,1.2L,Automatic,5,5,Euro 5,2495
Renault Megane,101347,2011,2,Petrol,Estate,1.6L,Manual,5,5,Euro 5,2495
Ford Focus,140599,2008,0,Petrol,Hatchback,1.6L,Manual,5,5,Euro 4,798
Ford Focus,86500,2017,0,Diesel,Hatchback,1.5L,Manual,5,5,Euro 6,8975
Vauxhall Corsa,22782,2020,0,Petrol,Hatchback,1.2L,Manual,5,5,Euro 6,10698
BMW 1 Series,107000,2009,5,Petrol,Hatchback,1.6L,Automatic,3,4,Euro 4,2999
Mercedes-Benz C Class,130000,2007,0,Petrol,Saloon,1.8L,Automatic,4,5,Euro 4,2495
Saab 9-3,67200,2003,3,Petrol,Saloon,2.0L,Manual,4,5,Euro 3,2299
Toyota Yaris,113500,2010,3,Petrol,Hatchback,1.0L,Manual,5,5,Euro 4,1750
MINI Hatch,68160,2010,4,Petrol,Hatchback,1.4L,Manual,3,4,Euro 4,3100
Toyota Avensis,106717,2006,3,Petrol,Hatchback,1.8L,Manual,5,5,Euro 4,1595
Honda Civic,86276,2004,0,Petrol Hybrid,Saloon,1.3L,Manual,4,5,Euro 4,2300
Vauxhall Astra,75000,2006,2,Petrol,Hatchback,1.8L,Automatic,5,5,Euro 4,2495
Ford Focus,127569,2010,6,Petrol,Hatchback,1.6L,Manual,5,5,Euro 4,1950
Audi A3,127000,2008,7,Petrol,Hatchback,1.6L,Manual,3,5,Euro 4,1675
Ford Focus,140599,2008,0,Petrol,Hatchback,1.6L,Manual,5,5,Euro 4,798
Vauxhall Corsa,22782,2020,0,Petrol,Hatchback,1.2L,Manual,5,5,Euro 6,10698
Peugeot 308 SW,56984,2016,4,Diesel,Estate,1.6L,Manual,5,5,Euro 6,9600
Ford Focus,89653,2012,3,Petrol,Hatchback,1.0L,Manual,5,5,Euro 5,4449
Renault Grand Scenic,98000,2010,0,Petrol,MPV,1.4L,Manual,5,7,Euro 5,2495
Ford Mondeo,84000,1998,2,Petrol,Saloon,2.0L,Automatic,4,5,Euro 2,1400
Mercedes-Benz C Class,96123,2009,7,Diesel,Saloon,2.1L,Automatic,4,5,Euro 5,3100
Mazda MAZDA 2,95843,2011,6,Petrol,Hatchback,1.3L,Manual,5,5,Euro 5,1995
Honda Jazz,100500,2009,2,Petrol,Hatchback,1.4L,Manual,5,5,Euro 4,1750
Peugeot 207,82013,2011,4,Petrol,Hatchback,1.4L,Manual,5,5,Euro 5,2075
Volkswagen Touran,120000,2004,0,Diesel,MPV,2.0L,Manual,5,5,Euro 4,1349
Mercedes-Benz C Class,120000,2008,0,Petrol,Saloon,1.8L,Automatic,4,5,Euro 4,4250
BMW 3 Series,55000,2010,0,Petrol,Convertible,2.0L,Manual,2,4,Euro 5,5995
Vauxhall Insignia,79000,2011,4,Petrol,Hatchback,1.8L,Manual,5,5,Euro 5,2950
BMW 3 Series,69690,2019,1,Petrol Plug-in Hybrid,Saloon,2.0L,Automatic,4,5,Euro 6,19800
Peugeot 308,55301,2016,0,Diesel,Hatchback,1.6L,Manual,5,5,Euro 6,9149
Volkswagen Golf,158000,2009,4,Petrol,Hatchback,1.4L,Automatic,5,5,Euro 5,3050
Mitsubishi ASX,95000,2014,3,Petrol,SUV,1.6L,Manual,5,5,Euro 5,4950
Honda Jazz,99000,2008,4,Petrol,Hatchback,1.4L,Manual,5,5,Euro 4,1595
MINI Hatch,108528,2012,0,Petrol,Hatchback,1.6L,Manual,3,4,Euro 5,3945
Ford KA,65000,2003,0,Petrol,Hatchback,1.3L,Manual,3,4,Euro 3,889
Peugeot 207,104000,2009,0,Petrol,Hatchback,1.6L,Automatic,5,5,Euro 5,2495
Volkswagen Golf,50760,2002,0,Petrol,Hatchback,1.6L,Automatic,5,5,Euro 4,1795
Fiat Grande Punto,69900,2007,2,Petrol,Hatchback,1.2L,Manual,5,5,Euro 4,1600
Mercedes-Benz C Class,115000,2008,5,Petrol,Saloon,1.8L,Automatic,4,5,Euro 4,4149
Volkswagen Beetle,129111,2004,0,Petrol,Convertible,2.0L,Manual,2,4,Euro 4,2250
Ford Focus,105000,2011,0,Petrol,Hatchback,1.6L,Manual,5,5,Euro 5,2950
Peugeot 308,55301,2016,0,Diesel,Hatchback,1.6L,Manual,5,5,Euro 6,9149
MINI Hatch,46923,2017,3,Petrol,Hatchback,1.5L,Manual,3,4,Euro 6,10000
Mercedes-Benz C Class,64000,2015,5,Petrol,Saloon,2.0L,Automatic,4,5,Euro 6,12450
Alfa Romeo Mito,92000,2010,6,Petrol,Hatchback,1.4L,Manual,3,4,Euro 4,2450
Vauxhall Corsa,126000,2010,0,Petrol,Hatchback,1.2L,Manual,3,5,Euro 5,1889
Lexus GS 300,72000,1997,5,Petrol,Saloon,3.0L,Automatic,4,5,Euro 2,1990
Land Rover Freelander,81783,1999,2,Diesel,SUV,2.0L,Manual,5,5,Euro 2,1000
Volkswagen Polo,102000,2008,4,Petrol,Hatchback,1.4L,Manual,3,5,Euro 4,2499
BMW 1 Series,81000,2008,4,Petrol,Hatchback,1.6L,Manual,5,5,Euro 4,2950
Peugeot 307,56000,2007,3,Petrol,Hatchback,1.6L,Manual,3,5,Euro 4,1700
Fiat Grande Punto,25300,2007,0,Petrol,Hatchback,1.2L,Manual,3,4,Euro 4,2290
Fiat Punto EVO,81858,2011,4,Petrol,Hatchback,1.4L,Manual,5,5,Euro 5,2495
Peugeot 207,87000,2008,5,Diesel,Hatchback,1.6L,Manual,5,5,Euro 4,1299
MINI Hatch,46923,2017,3,Petrol,Hatchback,1.5L,Manual,3,4,Euro 6,10000
Vauxhall Corsa,22782,2020,0,Petrol,Hatchback,1.2L,Manual,5,5,Euro 6,10698
Vauxhall Astra,119035,2010,5,Petrol,Hatchback,1.6L,Automatic,5,5,Euro 5,2900
Renault Megane,102541,2009,3,Petrol,Hatchback,1.6L,Manual,5,5,Euro 5,1995
Volkswagen Polo,93930,2009,4,Petrol,Hatchback,1.2L,Manual,5,5,Euro 4,2110
Toyota Yaris,35000,2005,2,Petrol,Hatchback,1.3L,Manual,5,5,Euro 4,2390
Volkswagen Polo,16300,2006,2,Petrol,Hatchback,1.2L,Manual,3,5,Euro 4,3790
Nissan Almera,114987,2004,0,Petrol,Hatchback,1.8L,Automatic,5,5,Euro 3,1395
Lexus IS 250,118000,2015,1,Petrol,Saloon,2.5L,Automatic,4,5,Euro 5,8899
Fiat 500,48000,2010,4,Petrol,Hatchback,1.2L,Manual,3,4,Euro 5,2595
Volkswagen Passat,125000,2009,0,Petrol,Saloon,1.4L,Manual,4,5,Euro 4,2449
BMW 3 Series,138000,2004,0,Diesel,Saloon,2.0L,Automatic,4,5,Euro 4,1289
SEAT Ibiza,99061,2011,0,Petrol,Hatchback,1.2L,Manual,3,5,Euro 5,2799
Honda Civic,78691,2018,0,Diesel,Hatchback,1.6L,Manual,5,5,Euro 6,9198
Peugeot 308 SW,56984,2016,4,Diesel,Estate,1.6L,Manual,5,5,Euro 6,9600
Vauxhall Corsa,88000,2009,0,Petrol,Hatchback,1.2L,Manual,5,5,Euro 4,2050
Chevrolet Cruze,144000,2013,4,Petrol,Estate,1.8L,Automatic,5,5,Euro 5,2950
BMW 5 Series,90000,2012,3,Diesel,Saloon,2.0L,Manual,4,5,Euro 5,4950
BMW 3 Series,139000,2006,0,Petrol,Saloon,2.0L,Manual,4,5,Euro 4,2495
Mercedes-Benz C Class,94500,2011,0,Diesel,Saloon,2.1L,Automatic,4,5,Euro 5,4449
Hyundai Veloster,117000,2012,3,Petrol,Hatchback,1.6L,Manual,4,4,Euro 5,3999
Audi A3,117000,2009,0,Petrol,Hatchback,1.6L,Manual,5,5,Euro 4,3480
Mercedes-Benz C Class,127000,2007,0,Diesel,Saloon,2.1L,Automatic,4,5,Euro 4,1889
Ford Fusion,62359,2006,2,Petrol,Hatchback,1.4L,Manual,5,5,Euro 4,1995
Renault Grand Scenic,128600,2010,2,Diesel,MPV,1.5L,Manual,5,7,Euro 5,1490
Peugeot 207,87000,2008,5,Diesel,Hatchback,1.6L,Manual,5,5,Euro 4,1299
BMW 3 Series,69690,2019,1,Petrol Plug-in Hybrid,Saloon,2.0L,Automatic,4,5,Euro 6,19800
Peugeot 308,55301,2016,0,Diesel,Hatchback,1.6L,Manual,5,5,Euro 6,9149
Vauxhall Vectra,93366,2008,6,Petrol,Hatchback,2.8L,Automatic,5,5,Euro 4,2495
Audi A3,88000,2008,0,Petrol,Hatchback,1.6L,Manual,3,5,Euro 4,2975
Vauxhall Astra,99000,2007,0,Petrol,Hatchback,1.6L,Manual,3,5,Euro 4,2495
Honda Jazz,100000,2010,0,Petrol,Hatchback,1.2L,Manual,5,5,Euro 4,2499
Volkswagen Polo,87500,2007,5,Petrol,Hatchback,1.2L,Manual,3,5,Euro 4,1995
Vauxhall Corsa,53000,2008,0,Petrol,Hatchback,1.4L,Manual,3,5,Euro 4,2399
Peugeot 207,70000,2009,0,Petrol,Hatchback,1.4L,Manual,3,5,Euro 5,1995
BMW 7 Series,87000,2012,0,Diesel,Saloon,3.0L,Automatic,4,5,Euro 5,7500
Peugeot 208,47000,2015,3,Petrol,Hatchback,1.0L,Manual,3,5,Euro 5,4795
Suzuki Grand Vitara,107575,2011,1,Petrol,SUV,1.6L,Manual,3,5,Euro 5,2599
Volkswagen Polo,149000,2010,1,Diesel,Hatchback,1.2L,Manual,5,5,Euro 5,2495
Peugeot 308,55301,2016,0,Diesel,Hatchback,1.6L,Manual,5,5,Euro 6,9149
Vauxhall Corsa,22782,2020,0,Petrol,Hatchback,1.2L,Manual,5,5,Euro 6,10698
Alfa Romeo Mito,130000,2010,4,Petrol,Hatchback,1.4L,Manual,3,4,Euro 4,1750
Mercedes-Benz C Class,121700,2013,5,Petrol,Coupe,1.6L,Automatic,2,4,Euro 5,5250
Mercedes-Benz C Class,100000,2011,0,Petrol,Saloon,1.8L,Automatic,4,5,Euro 5,4995
Peugeot 2008,83000,2016,2,Petrol,SUV,1.2L,Manual,5,5,Euro 6,7099
Ford Fiesta,93796,2009,8,Petrol,Hatchback,1.4L,Manual,3,5,Euro 4,1799
Volkswagen Polo,125392,2010,1,Petrol,Hatchback,1.2L,Manual,3,5,Euro 5,2870
Peugeot 107,83376,2010,3,Petrol,Hatchback,1.0L,Manual,5,4,Euro 4,2050
Toyota Corolla,90000,2004,3,Petrol,Estate,1.6L,Manual,5,5,Euro 4,1750
Renault Scenic,125000,2012,2,Petrol,MPV,1.6L,Manual,5,5,Euro 5,1999
Citroen C4,100000,2007,4,Petrol,Hatchback,1.6L,Automatic,5,5,Euro 4,1950
Vauxhall Corsa,93000,2012,4,Petrol,Hatchback,1.2L,Manual,3,5,Euro 5,1950
Vauxhall Corsa,22782,2020,0,Petrol,Hatchback,1.2L,Manual,5,5,Euro 6,10698
Vauxhall Corsa,22782,2020,0,Petrol,Hatchback,1.2L,Manual,5,5,Euro 6,10698
BMW 3 Series,103383,2008,5,Petrol,Coupe,2.0L,Manual,2,4,Euro 4,2275
Volvo V50,148642,2012,2,Diesel,Estate,1.6L,Manual,5,5,Euro 4,1595
Vauxhall Corsa,109714,2012,5,Petrol,Hatchback,1.2L,Manual,5,5,Euro 5,2450
Mitsubishi Colt,70000,2012,2,Petrol,Hatchback,1.1L,Manual,3,5,Euro 5,1949
Volkswagen Passat,90000,2011,3,Diesel,Saloon,2.0L,Automatic,4,5,Euro 5,4200
Audi A6 Saloon,131724,2006,3,Petrol,Saloon,2.0L,Manual,4,5,Euro 4,1499
BMW 3 Series,92000,2011,3,Petrol,Coupe,2.0L,Automatic,2,4,Euro 5,4199
Audi A3,118500,2011,3,Petrol,Hatchback,1.2L,Manual,3,5,Euro 5,2910
Hyundai ix35,105000,2012,0,Petrol,SUV,1.6L,Manual,5,5,Euro 5,4280
Ford Focus,140599,2008,0,Petrol,Hatchback,1.6L,Manual,5,5,Euro 4,798
Vauxhall Corsa,22782,2020,0,Petrol,Hatchback,1.2L,Manual,5,5,Euro 6,10698
BMW 3 Series,69690,2019,1,Petrol Plug-in Hybrid,Saloon,2.0L,Automatic,4,5,Euro 6,19800
Peugeot 207,78000,2010,0,Petrol,Hatchback,1.4L,Manual,3,5,Euro 5,2390
Peugeot 207,84000,2010,0,Petrol,Hatchback,1.4L,Manual,5,5,Euro 5,2175
Fiat 500,80000,2015,0,Petrol,Hatchback,1.2L,Manual,3,4,Euro 6,4750
BMW 5 Series,100000,2005,0,Petrol,Saloon,2.5L,Automatic,4,5,Euro 4,4450
BMW 3 Series,104499,2007,5,Petrol,Saloon,2.0L,Automatic,4,5,Euro 4,2900
Vauxhall Corsa,74010,2015,2,Petrol,Hatchback,1.4L,Manual,3,5,Euro 6,4500
Mercedes-Benz C Class,114401,2013,4,Diesel,Coupe,2.1L,Automatic,2,4,Euro 5,4000
Vauxhall Astra,98000,2012,0,Petrol,Hatchback,1.6L,Manual,5,5,Euro 5,2995
Mercedes-Benz A Class,60000,2019,0,Diesel,Hatchback,1.5L,Automatic,5,5,Euro 6,16997
Ford Focus,93000,2010,0,Petrol,Hatchback,1.6L,Manual,3,5,Euro 4,1789
Ford Focus,140599,2008,0,Petrol,Hatchback,1.6L,Manual,5,5,Euro 4,798
BMW 3 Series,69690,2019,1,Petrol Plug-in Hybrid,Saloon,2.0L,Automatic,4,5,Euro 6,19800
SKODA Fabia,70189,2016,3,Diesel,Hatchback,1.4L,Manual,5,5,Euro 6,6900
SEAT Ibiza,66000,2012,2,Petrol,Hatchback,1.4L,Manual,5,5,Euro 5,4895
Ford Fiesta,97505,2003,4,Petrol,Hatchback,1.3L,Manual,5,4,Euro 4,975
Hyundai ix20,100000,2012,4,Petrol,Hatchback,1.6L,Automatic,5,5,Euro 5,4495
BMW 3 Series,99999,2005,2,Petrol,Saloon,2.0L,Manual,4,5,Euro 4,1499
Fiat Doblo,99000,2009,2,Petrol,Estate,1.4L,Manual,5,2,Euro 4,2495
Ford Fiesta,95601,2015,0,Petrol,Hatchback,1.3L,Manual,3,5,Euro 6,3985
Mercedes-Benz CLK,149000,2006,2,Diesel,Coupe,3.0L,Automatic,2,4,Euro 4,2500
Volkswagen Golf,70000,2009,2,Petrol,Hatchback,1.4L,Manual,5,5,Euro 5,4599
Ford Fiesta,135000,2004,0,Petrol,Hatchback,1.4L,Manual,5,5,Euro 4,1189
Vauxhall Insignia,79000,2011,4,Petrol,Hatchback,1.8L,Manual,5,5,Euro 5,2950
SKODA Fabia,70189,2016,3,Diesel,Hatchback,1.4L,Manual,5,5,Euro 6,6900
Peugeot 308 SW,56984,2016,4,Diesel,Estate,1.6L,Manual,5,5,Euro 6,9600
BMW 3 Series,138910,2003,9,Petrol,Convertible,2.5L,Manual,2,4,Euro 3,2500
Citroen C3,55000,2005,0,Petrol,Hatchback,1.6L,Automatic,5,5,Euro 4,2495
Ford Mustang,99350,2005,1,Petrol,Coupe,5.0L,Automatic,2,4,Euro 6,5000
Honda Jazz,118000,2012,3,Petrol,Hatchback,1.4L,Manual,5,5,Euro 5,2495
SKODA Octavia,56000,2003,0,Petrol,Hatchback,1.8L,Automatic,5,5,Euro 4,2490
Peugeot 208,78000,2012,2,Petrol,Hatchback,1.4L,Manual,5,5,Euro 5,3650
Nissan Qashqai,132000,2009,5,Petrol,Hatchback,1.6L,Manual,5,5,Euro 4,2495
Chevrolet Cruze,98000,2010,0,Petrol,Saloon,1.6L,Automatic,4,5,Euro 5,2495
BMW 3 Series,98000,2009,4,Petrol,Saloon,2.0L,Manual,4,5,Euro 5,3950
BMW 3 Series,105713,2005,6,Petrol,Convertible,2.0L,Manual,2,4,Euro 3,2700
Ford Focus,105000,2011,0,Petrol,Hatchback,1.6L,Manual,5,5,Euro 5,2950
Peugeot 308 SW,56984,2016,4,Diesel,Estate,1.6L,Manual,5,5,Euro 6,9600
Peugeot 308,55301,2016,0,Diesel,Hatchback,1.6L,Manual,5,5,Euro 6,9149
BMW 1 Series,73000,2012,0,Petrol,Hatchback,1.6L,Manual,5,5,Euro 5,7500
Vauxhall Astra,93610,2001,2,Petrol,Hatchback,1.6L,Automatic,5,5,Euro 4,1595
Mercedes-Benz C Class,128000,2009,3,Petrol,Saloon,1.6L,Automatic,4,5,Euro 4,3999
Dacia Sandero,32000,2016,1,Petrol,Hatchback,1.2L,Manual,5,5,Euro 6,5499
Daihatsu Terios,110000,2007,3,Petrol,SUV,1.5L,Manual,5,5,Euro 4,1495
Alfa Romeo Giulietta,104000,2011,4,Petrol,Hatchback,1.4L,Manual,5,5,Euro 5,3495
Nissan Qashqai,113000,2009,0,Petrol,Hatchback,1.6L,Manual,5,5,Euro 4,2495
Ford Focus,84000,2011,5,Petrol,Hatchback,1.6L,Manual,5,5,Euro 5,3690
Vauxhall Astra,109000,2008,0,Petrol,Hatchback,1.6L,Manual,5,5,Euro 4,1495
MINI Hatch,69400,2009,2,Petrol,Hatchback,1.4L,Manual,3,4,Euro 4,2495
SEAT Ibiza,99061,2011,0,Petrol,Hatchback,1.2L,Manual,3,5,Euro 5,2799
BMW 3 Series,69690,2019,1,Petrol Plug-in Hybrid,Saloon,2.0L,Automatic,4,5,Euro 6,19800
Mercedes-Benz A Class,62402,2019,1,Petrol,Hatchback,1.3L,Automatic,5,5,Euro 6,15900
Mercedes-Benz CLK,115000,2006,0,Petrol,Convertible,1.8L,Automatic,2,4,Euro 4,2995
Vauxhall Corsa,54600,2015,0,Petrol,Hatchback,1.2L,Manual,5,5,Euro 6,4999
Toyota Yaris,73424,2004,2,Petrol,Hatchback,1.0L,Manual,5,5,Euro 4,1850
Audi A3,109000,2010,0,Petrol,Hatchback,1.4L,Manual,3,5,Euro 5,3295
Hyundai i30,44591,2010,2,Diesel,Hatchback,1.6L,Automatic,5,5,Euro 4,4000
Nissan Note,94200,2009,3,Petrol,Hatchback,1.4L,Manual,5,5,Euro 5,1993
Peugeot 308,100000,2011,5,Petrol,Hatchback,1.6L,Manual,5,5,Euro 5,2795
Vauxhall Corsa,79000,2011,5,Petrol,Hatchback,1.4L,Automatic,5,5,Euro 5,4195
BMW 3 Series,94350,2007,4,Petrol,Saloon,2.0L,Manual,4,5,Euro 4,2495
MINI Hatch,63000,2005,2,Petrol,Hatchback,1.6L,Manual,3,4,Euro 3,2495
Peugeot 207,87000,2008,5,Diesel,Hatchback,1.6L,Manual,5,5,Euro 4,1299
Mercedes-Benz A Class,62402,2019,1,Petrol,Hatchback,1.3L,Automatic,5,5,Euro 6,15900
Vauxhall Corsa,22782,2020,0,Petrol,Hatchback,1.2L,Manual,5,5,Euro 6,10698
Fiat Punto,80000,2012,0,Petrol,Hatchback,1.4L,Manual,3,5,Euro 5,2995
Vauxhall Astra,72000,2008,3,Petrol,Hatchback,1.4L,Manual,5,5,Euro 4,2150
Saab 9-3,108000,2007,2,Petrol,Saloon,1.8L,Automatic,4,5,Euro 4,1995
Fiat Punto,49796,2012,0,Petrol,Hatchback,1.2L,Manual,5,5,Euro 5,3495
Citroen C3 Picasso,86255,2010,3,Diesel,MPV,1.6L,Manual,5,5,Euro 5,2090
Volvo S40,113000,2007,2,Petrol,Saloon,1.6L,Manual,4,5,Euro 4,1995
BMW 5 Series,162085,2007,3,Diesel,Saloon,3.0L,Automatic,4,5,Euro 4,1500
Vauxhall Astra,65550,2013,2,Petrol,Hatchback,1.4L,Manual,5,5,Euro 5,4495
Volkswagen Scirocco,130422,2009,4,Petrol,Hatchback,1.4L,Manual,3,4,Euro 4,2920
Chevrolet Matiz,44584,2008,5,Petrol,Hatchback,0.8L,Automatic,5,5,Euro 4,2490
SEAT Ibiza,99061,2011,0,Petrol,Hatchback,1.2L,Manual,3,5,Euro 5,2799
Vauxhall Corsa,22782,2020,0,Petrol,Hatchback,1.2L,Manual,5,5,Euro 6,10698
KIA Sportage,50028,2016,0,Petrol,SUV,1.6L,Manual,5,5,Euro 6,10198
BMW 3 Series,107800,2006,5,Petrol,Saloon,2.0L,Automatic,4,5,Euro 4,2490
BMW 3 Series,100000,2007,0,Petrol,Saloon,2.0L,Automatic,4,5,Euro 4,3500
Jeep Compass,66814,2009,6,Petrol,SUV,2.4L,Manual,5,5,Euro 4,2000
Mercedes-Benz C Class,112000,2008,0,Petrol,Saloon,3.5L,Automatic,4,5,Euro 4,4950
BMW 1 Series,89518,2012,3,Petrol,Hatchback,1.6L,Automatic,5,5,Euro 5,6450
Toyota Yaris,96755,2014,0,Petrol,Hatchback,1.3L,Manual,5,5,Euro 5,4990
BMW 3 Series,165000,2006,5,Petrol,Saloon,2.5L,Manual,4,5,Euro 4,2255
MINI Hatch,111000,2010,3,Petrol,Hatchback,1.6L,Manual,3,4,Euro 5,2250
BMW 1 Series,109000,2007,2,Petrol,Hatchback,2.0L,Automatic,5,5,Euro 4,2890
Ford Focus,97000,2003,2,Petrol,Hatchback,1.6L,Automatic,5,5,Euro 3,1850
Volkswagen Polo,127000,2015,0,Petrol,Hatchback,1.0L,Manual,3,5,Euro 6,3495
KIA Sportage,50028,2016,0,Petrol,SUV,1.6L,Manual,5,5,Euro 6,10198
Mercedes-Benz A Class,62402,2019,1,Petrol,Hatchback,1.3L,Automatic,5,5,Euro 6,15900
Vauxhall Tigra,85556,2006,3,Petrol,Convertible,1.4L,Manual,2,2,Euro 4,1490
Jaguar XE,105000,2016,1,Diesel,Saloon,2.0L,Automatic,4,5,Euro 6,9990
Audi A4,65694,2009,2,Diesel,Saloon,2.7L,Automatic,4,5,Euro 4,5495
Peugeot 208,67653,2013,3,Petrol,Hatchback,1.2L,Manual,5,5,Euro 5,4750
Mercedes-Benz B Class,87000,2007,0,Petrol,MPV,1.5L,Manual,5,5,Euro 4,2494
Vauxhall Corsa,96000,2008,3,Petrol,Hatchback,1.2L,Manual,5,5,Euro 4,1995
Peugeot 2008,61000,2014,0,Petrol,SUV,1.2L,Manual,5,5,Euro 5,6050
Ford Fiesta,85000,2009,3,Petrol,Hatchback,1.3L,Manual,5,5,Euro 4,3250
BMW 3 Series,90000,2006,4,Petrol,Saloon,2.5L,Automatic,4,5,Euro 4,4440
Volkswagen Touran,85000,2004,3,Petrol,MPV,1.6L,Manual,5,5,Euro 3,1950
Vauxhall Insignia,79000,2011,4,Petrol,Hatchback,1.8L,Manual,5,5,Euro 5,2950
Mercedes-Benz A Class,62402,2019,1,Petrol,Hatchback,1.3L,Automatic,5,5,Euro 6,15900
Ford Focus,86500,2017,0,Diesel,Hatchback,1.5L,Manual,5,5,Euro 6,8975
Toyota Yaris,64000,2007,3,Petrol,Hatchback,1.3L,Manual,5,5,Euro 4,2000
Chrysler Sebring,88000,2007,5,Petrol,Saloon,2.4L,Automatic,4,5,Euro 4,1999
Nissan X-trail,101232,2001,0,Petrol,SUV,2.0L,Automatic,5,5,Euro 3,2495
Peugeot 108,71000,2015,3,Petrol,Hatchback,1.2L,Manual,3,4,Euro 5,4495
Vauxhall Vectra,69200,2007,4,Petrol,Hatchback,1.8L,Manual,5,5,Euro 4,1799
Vauxhall Corsa,42000,2013,3,Petrol,Hatchback,1.2L,Manual,5,5,Euro 5,3999
Vauxhall Corsa,65279,2007,3,Petrol,Hatchback,1.4L,Automatic,5,5,Euro 4,3480
SKODA Fabia,45000,2010,0,Petrol,Hatchback,1.2L,Manual,5,5,Euro 4,1949
Honda Civic,80000,2003,4,Petrol,Hatchback,1.6L,Automatic,5,5,Euro 3,2390
MINI Hatch,83000,2007,7,Petrol,Hatchback,1.6L,Manual,3,4,Euro 4,1990
Ford Focus,105000,2011,0,Petrol,Hatchback,1.6L,Manual,5,5,Euro 5,2950
Ford Focus,86500,2017,0,Diesel,Hatchback,1.5L,Manual,5,5,Euro 6,8975
Honda Civic,78691,2018,0,Diesel,Hatchback,1.6L,Manual,5,5,Euro 6,9198
BMW 1 Series,135600,2015,3,Diesel,Hatchback,1.5L,Manual,5,5,Euro 6,5000
Peugeot 308,99000,2014,0,Diesel,Hatchback,1.6L,Manual,5,5,Euro 5,4399
Vauxhall Astra,71000,2008,0,Petrol,Hatchback,1.8L,Automatic,5,5,Euro 4,2500
Peugeot 207 SW,43000,2011,1,Diesel,Estate,1.6L,Manual,5,5,Euro 5,3290
BMW X3,100000,2013,0,Diesel,SUV,2.0L,Manual,5,5,Euro 6,5449
MINI Hatch,52000,2009,5,Petrol,Hatchback,1.6L,Manual,3,4,Euro 5,3250
Vauxhall Corsa,94500,2011,5,Petrol,Hatchback,1.4L,Manual,5,5,Euro 5,2500
Alfa Romeo 159,132000,2008,2,Petrol,Saloon,1.8L,Manual,4,5,Euro 4,2250
Vauxhall Astra,74000,2010,0,Petrol,Convertible,1.8L,Manual,2,4,Euro 5,2477
Renault Clio,58000,2014,4,Petrol,Hatchback,1.2L,Manual,5,5,Euro 5,5498
Ford Focus,105000,2011,0,Petrol,Hatchback,1.6L,Manual,5,5,Euro 5,2950
Honda Civic,78691,2018,0,Diesel,Hatchback,1.6L,Manual,5,5,Euro 6,9198
Peugeot 308,55301,2016,0,Diesel,Hatchback,1.6L,Manual,5,5,Euro 6,9149
Renault Scenic,90000,2015,2,Petrol,MPV,1.2L,Manual,5,5,Euro 5,4695
Ford Focus,100000,2007,0,Petrol,Hatchback,1.6L,Manual,5,5,Euro 4,1695
KIA Ceed,124000,2015,2,Diesel,Hatchback,1.6L,Manual,5,5,Euro 5,3299
Jaguar X-type,92000,2003,6,Petrol,Saloon,2.5L,Automatic,4,5,Euro 4,1599
Suzuki Jimny,103200,2006,4,Petrol,Convertible,1.3L,Manual,3,4,Euro 4,2490
Nissan Lafesta,37000,2012,0,Petrol,MPV,2.0L,Automatic,null,null,null,3900
Vauxhall Corsa,63000,2017,0,Petrol,Hatchback,1.4L,Manual,3,5,Euro 6,5999
Volkswagen Golf,58776,2015,0,Petrol,Hatchback,1.2L,Manual,3,5,Euro 5,7990
Volvo C30,75349,2009,2,Petrol,Coupe,1.6L,Manual,2,4,Euro 4,3841
MINI Hatch,96229,2016,2,Diesel,Hatchback,1.5L,Manual,3,4,Euro 6,5495
Vauxhall Insignia,79000,2011,4,Petrol,Hatchback,1.8L,Manual,5,5,Euro 5,2950
Peugeot 308,55301,2016,0,Diesel,Hatchback,1.6L,Manual,5,5,Euro 6,9149
Peugeot 308,55301,2016,0,Diesel,Hatchback,1.6L,Manual,5,5,Euro 6,9149
KIA Ceed,103000,2016,4,Diesel,Estate,1.6L,Manual,5,5,Euro 6,5995
Saab 9-3,125000,2008,3,Petrol,Estate,2.0L,Manual,5,5,Euro 4,3395
Renault Clio,92415,2006,1,Petrol,Hatchback,1.4L,Manual,3,5,Euro 4,1500
Peugeot 2008,67550,2016,2,Petrol,SUV,1.2L,Manual,5,5,Euro 6,5890
Fiat Grande Punto,47500,2008,0,Petrol,Hatchback,1.4L,Manual,5,4,Euro 4,2289
Honda Jazz,62000,2006,2,Petrol,Hatchback,1.4L,Manual,5,5,Euro 4,2390
Honda Jazz,77627,2007,5,Petrol,Hatchback,1.4L,Manual,5,5,Euro 4,1895
Vauxhall Astra,93000,2009,0,Petrol,Hatchback,1.6L,Manual,5,5,Euro 4,1995
Suzuki Grand Vitara,84000,2008,0,Petrol,SUV,2.0L,Automatic,5,5,Euro 4,5995
Toyota Verso,184000,2010,1,Petrol,MPV,1.8L,Automatic,5,7,Euro 4,3000
Ford Focus,105000,2011,0,Petrol,Hatchback,1.6L,Manual,5,5,Euro 5,2950
Peugeot 308 SW,56984,2016,4,Diesel,Estate,1.6L,Manual,5,5,Euro 6,9600
Peugeot 308 SW,56984,2016,4,Diesel,Estate,1.6L,Manual,5,5,Euro 6,9600
BMW 3 Series,70000,2008,0,Petrol,Convertible,3.0L,Automatic,2,4,Euro 4,4995
Peugeot 107,73200,2013,3,Petrol,Hatchback,1.0L,Manual,3,4,Euro 5,1950
Audi A3,45000,2013,2,Petrol,Hatchback,1.4L,Manual,5,5,Euro 5,7495
Mercedes-Benz E Class,143000,2003,0,Diesel,Saloon,2.7L,Automatic,4,5,Euro 3,1950
Renault Grand Scenic,100000,2005,0,Petrol,MPV,1.6L,Manual,5,7,Euro 3,1789
Volvo V50,107288,2010,2,Diesel,Estate,2.0L,Automatic,5,5,Euro 5,3499
Peugeot 308,99000,2010,5,Petrol,Hatchback,1.4L,Manual,5,5,Euro 4,1890
Mazda Mazda2,58000,2015,2,Petrol,Hatchback,1.5L,Manual,5,5,Euro 6,7999
Peugeot 206,44283,2004,1,Petrol,Hatchback,2.0L,Manual,3,5,Euro 3,4050
BMW 3 Series,75890,2004,5,Petrol,Convertible,2.0L,Automatic,2,4,Euro 3,3989
Peugeot 207,87000,2008,5,Diesel,Hatchback,1.6L,Manual,5,5,Euro 4,1299
MINI Hatch,46923,2017,3,Petrol,Hatchback,1.5L,Manual,3,4,Euro 6,10000
BMW 3 Series,69690,2019,1,Petrol Plug-in Hybrid,Saloon,2.0L,Automatic,4,5,Euro 6,19800
Ford Mondeo,73839,2008,2,Diesel,Hatchback,1.8L,Manual,5,5,Euro 4,1990
Toyota Auris,88000,2014,0,Petrol,Hatchback,1.6L,Manual,5,5,Euro 5,6295
Mercedes-Benz A Class,62402,2019,1,Petrol,Hatchback,1.3L,Automatic,5,5,Euro 6,15900
Chevrolet Captiva,93000,2008,3,Petrol,SUV,2.4L,Manual,5,5,Euro 4,2495
Audi A3,134000,2004,0,Diesel,Hatchback,2.0L,Manual,3,5,Euro 4,1680
Ford Fusion,56000,2011,0,Petrol,Hatchback,1.4L,Manual,5,5,Euro 5,2749
Toyota RAV4,97000,2006,0,Diesel,SUV,2.2L,Manual,5,5,Euro 4,2789
Ford KA,28000,2009,0,Petrol,Hatchback,1.2L,Manual,3,4,Euro 4,2995
Volkswagen Passat,95810,2011,3,Diesel,Saloon,1.6L,Manual,4,5,Euro 5,3990
SEAT Ibiza,92000,2014,0,Petrol,Hatchback,1.4L,Manual,3,5,Euro 5,3499
Hyundai i30,130000,2010,4,Petrol,Hatchback,1.4L,Manual,5,5,Euro 4,1750
BMW 3 Series,69690,2019,1,Petrol Plug-in Hybrid,Saloon,2.0L,Automatic,4,5,Euro 6,19800
Mercedes-Benz A Class,62402,2019,1,Petrol,Hatchback,1.3L,Automatic,5,5,Euro 6,15900
Vauxhall Astra,60000,2015,1,Petrol,Hatchback,1.4L,Manual,5,5,Euro 5,5000
Renault Grand Scenic,87000,2009,2,Petrol,MPV,1.6L,Manual,5,7,Euro 5,2495
Honda Fr-v,138000,2009,0,Petrol,MPV,1.8L,Manual,5,6,Euro 4,2195
Mazda Mazda3,100000,2013,2,Petrol,Hatchback,1.6L,Automatic,5,5,Euro 5,4495
Toyota Yaris,95232,2003,2,Petrol,Hatchback,1.0L,Manual,3,5,Euro 4,1450
Mercedes-Benz E Class,89600,2011,2,Diesel,Saloon,2.1L,Automatic,4,5,Euro 5,4450
BMW 1 Series,145000,2004,5,Diesel,Hatchback,2.0L,Manual,5,5,Euro 4,1800
Nissan Micra,85000,2007,6,Petrol,Hatchback,1.4L,Automatic,5,5,Euro 4,2000
Saab 9-3,87424,2008,3,Petrol,Saloon,1.8L,Automatic,4,5,Euro 4,2950
Mercedes-Benz CLS,84000,2005,4,Petrol,Saloon,5.0L,Automatic,4,4,Euro 4,3995
Volkswagen Polo,149000,2010,1,Diesel,Hatchback,1.2L,Manual,5,5,Euro 5,2495
SKODA Fabia,70189,2016,3,Diesel,Hatchback,1.4L,Manual,5,5,Euro 6,6900
Peugeot 308 SW,56984,2016,4,Diesel,Estate,1.6L,Manual,5,5,Euro 6,9600
BMW 3 Series,88291,2008,3,Petrol,Coupe,2.0L,Automatic,2,4,Euro 5,5495
MINI Hatch,64800,2008,0,Petrol,Hatchback,1.6L,Automatic,3,4,Euro 4,6249
BMW 3 Series,112400,2008,0,Petrol,Coupe,2.0L,Manual,2,4,Euro 4,6000
Nissan X-trail,138000,2009,3,Diesel,SUV,2.0L,Manual,5,5,Euro 4,2500
Toyota Aygo,110658,2010,5,Petrol,Hatchback,1.0L,Automatic,5,4,Euro 4,3250
Vauxhall Insignia,61000,2014,5,Petrol,Hatchback,1.8L,Manual,5,5,Euro 5,4495
Land Rover Range Rover Evoque,58500,2013,0,Petrol,Coupe,2.0L,Automatic,3,4,Euro 5,14995
Toyota Avensis,115000,2004,5,Petrol,Hatchback,1.8L,Manual,5,5,Euro 4,1599
Rover 75,95861,2004,0,Petrol,Saloon,2.5L,Automatic,4,5,Euro 3,2299
SEAT Ibiza,93000,2006,0,Petrol,Hatchback,1.4L,Manual,5,5,Euro 4,1689
Volkswagen Polo,127000,2015,0,Petrol,Hatchback,1.0L,Manual,3,5,Euro 6,3495
Ford Focus,86500,2017,0,Diesel,Hatchback,1.5L,Manual,5,5,Euro 6,8975
Peugeot 308 SW,56984,2016,4,Diesel,Estate,1.6L,Manual,5,5,Euro 6,9600
Vauxhall Corsa,96466,2007,8,Petrol,Hatchback,1.2L,Manual,3,5,Euro 4,1795
Renault Clio,77182,2010,3,Petrol,Hatchback,1.2L,Manual,5,5,Euro 5,1599
Citroen DS3,71977,2012,2,Petrol,Hatchback,1.6L,Manual,3,5,Euro 5,3450
Alfa Romeo Mito,93000,2009,0,Petrol,Hatchback,1.4L,Manual,3,4,Euro 4,2395
Hyundai I20,64000,2013,3,Petrol,Hatchback,1.4L,Automatic,5,5,Euro 5,6400
Toyota Yaris,98900,2002,3,Petrol,Hatchback,1.3L,Manual,5,5,Euro 3,1150
Vauxhall Zafira,97000,2008,4,Petrol,MPV,1.8L,Manual,5,7,Euro 4,2250
Honda Jazz,42500,2006,2,Petrol,Hatchback,1.4L,Manual,5,5,Euro 4,2450
Peugeot 5008,109000,2010,4,Petrol,MPV,1.6L,Manual,5,7,Euro 5,2999
Vauxhall Astra,56800,2015,4,Diesel,Hatchback,1.7L,Manual,null,5,null,3950
Hyundai i30,130000,2010,4,Petrol,Hatchback,1.4L,Manual,5,5,Euro 4,1750
Peugeot 308 SW,56984,2016,4,Diesel,Estate,1.6L,Manual,5,5,Euro 6,9600
Mercedes-Benz A Class,62402,2019,1,Petrol,Hatchback,1.3L,Automatic,5,5,Euro 6,15900
Citroen DS4,91000,2012,0,Petrol,Hatchback,1.6L,Automatic,5,5,Euro 5,4895
Hyundai i30,115600,2013,3,Petrol,Hatchback,1.4L,Manual,5,5,Euro 5,3990
Ford Focus,108000,2011,0,Petrol,Hatchback,1.6L,Manual,5,5,Euro 5,3699
Mercedes-Benz C-class,95969,2016,0,Diesel,Saloon,2.1L,Manual,4,5,Euro 6,12725
BMW 3 Series,133000,2008,0,Petrol,Saloon,3.0L,Automatic,4,5,Euro 4,2495
Renault Laguna,109000,2005,2,Petrol,Estate,2.0L,Automatic,5,5,Euro 4,1500
SEAT Ibiza,78497,2010,4,Petrol,Hatchback,1.2L,Manual,3,5,Euro 4,2620
Volkswagen Golf,147000,2011,4,Petrol,Hatchback,1.2L,Manual,3,5,Euro 5,2495
BMW 3 Series,42460,2007,2,Diesel,Coupe,2.0L,Automatic,2,4,Euro 4,3500
Nissan Qashqai,67000,2010,2,Petrol,SUV,2.0L,Automatic,5,5,Euro 4,3895
Volkswagen Polo,127000,2015,0,Petrol,Hatchback,1.0L,Manual,3,5,Euro 6,3495
KIA Sportage,50028,2016,0,Petrol,SUV,1.6L,Manual,5,5,Euro 6,10198
Honda Civic,78691,2018,0,Diesel,Hatchback,1.6L,Manual,5,5,Euro 6,9198
Honda Civic,80000,2002,2,Petrol,Hatchback,1.6L,Automatic,3,5,Euro 3,2490
Mazda Mazda2,83000,2008,3,Petrol,Hatchback,1.3L,Manual,5,5,Euro 4,2094
Nissan Qashqai+2,85000,2010,2,Petrol,SUV,1.6L,Manual,5,7,Euro 5,5940
Jaguar XF,99000,2012,0,Diesel,Saloon,3.0L,Automatic,4,5,Euro 5,6500
Ford Fiesta,149000,2014,0,Petrol,Hatchback,1.0L,Manual,5,5,Euro 5,2999
Vauxhall Corsa,65153,2014,4,Petrol,Hatchback,1.2L,Manual,3,5,Euro 5,4999
Mercedes-Benz SLK,94000,2001,0,Petrol,Convertible,1.8L,Automatic,2,2,Euro 4,1899
Ford Focus,110000,2013,1,Diesel,Estate,1.6L,Manual,5,5,Euro 5,3000
Fiat 500,60000,2012,2,Petrol,Hatchback,1.2L,Manual,3,4,Euro 5,4299
Ford Focus,119000,2005,0,Petrol,Hatchback,1.6L,Manual,5,5,Euro 4,1495
SEAT Ibiza,99061,2011,0,Petrol,Hatchback,1.2L,Manual,3,5,Euro 5,2799
Vauxhall Corsa,22782,2020,0,Petrol,Hatchback,1.2L,Manual,5,5,Euro 6,10698
SKODA Fabia,70189,2016,3,Diesel,Hatchback,1.4L,Manual,5,5,Euro 6,6900
Ford S-max,75000,2006,0,Petrol,MPV,2.5L,Manual,5,7,Euro 4,3950
Audi A5,97850,2011,5,Petrol,Coupe,2.0L,Automatic,2,4,Euro 5,8050
Alfa Romeo GT,90000,2007,3,Petrol,Coupe,2.0L,Manual,2,5,Euro 4,2495
Volkswagen Golf,149490,2009,2,Diesel,Hatchback,2.0L,Manual,5,5,Euro 5,2259
Toyota Corolla Verso,129644,2008,3,Petrol,MPV,1.8L,Manual,5,7,Euro 4,1895
Peugeot Partner Tepee,175112,2010,0,Petrol,MPV,1.6L,Manual,5,5,Euro 5,3000
Volkswagen Passat,124700,2015,2,Diesel,Saloon,1.6L,Manual,4,5,Euro 6,5990
Peugeot 3008,107000,2010,0,Petrol,SUV,1.6L,Manual,5,5,Euro 5,2495
Volkswagen Polo,97000,2010,4,Petrol,Hatchback,1.2L,Manual,5,5,Euro 5,3295
Toyota Aygo,55897,2006,0,Petrol,Hatchback,1.0L,Manual,3,4,Euro 4,1895
Ford Focus,105000,2011,0,Petrol,Hatchback,1.6L,Manual,5,5,Euro 5,2950
Peugeot 308 SW,56984,2016,4,Diesel,Estate,1.6L,Manual,5,5,Euro 6,9600
KIA Sportage,50028,2016,0,Petrol,SUV,1.6L,Manual,5,5,Euro 6,10198
Ford Focus,89000,2010,3,Petrol,Hatchback,2.0L,Automatic,5,5,Euro 4,3895
Nissan Qashqai+2,114000,2011,3,Petrol,SUV,1.6L,Manual,5,7,Euro 5,4495
Renault Clio,40000,2012,2,Petrol,Hatchback,1.6L,Automatic,5,5,Euro 5,5990
Vauxhall Astra,45000,2009,0,Petrol,Hatchback,1.8L,Automatic,5,5,Euro 4,3689
Mercedes-Benz CLK,86000,2006,0,Petrol,Coupe,3.0L,Automatic,2,4,Euro 4,3500
Fiat 500C,63084,2011,0,Petrol,Convertible,0.9L,Manual,2,4,Euro 5,2900
Ford Focus,73863,2007,0,Petrol,Hatchback,1.4L,Manual,5,5,Euro 4,1995
Rover Mini,49309,1990,4,Petrol,Saloon,1.0L,Automatic,2,null,null,1650
Vauxhall Mokka,55000,2014,2,Petrol,SUV,1.6L,Manual,5,5,Euro 5,6699
Citroen Grand C4 Picasso,114000,2007,0,Petrol,MPV,2.0L,Automatic,5,7,Euro 4,2495
Ford Focus,105000,2011,0,Petrol,Hatchback,1.6L,Manual,5,5,Euro 5,2950
KIA Sportage,50028,2016,0,Petrol,SUV,1.6L,Manual,5,5,Euro 6,10198
Peugeot 308 SW,56984,2016,4,Diesel,Estate,1.6L,Manual,5,5,Euro 6,9600
Mazda Mazda3,93505,2006,3,Petrol,Hatchback,1.6L,Automatic,5,5,Euro 4,2200
Rover 75,84349,2003,5,Petrol,Saloon,2.0L,Automatic,4,5,Euro 3,1495
Fiat 500,102000,2012,0,Petrol,Hatchback,1.2L,Manual,3,4,Euro 5,2499
Citroen DS4,91652,2012,4,Petrol,Hatchback,1.6L,Manual,5,5,Euro 5,4594
Vauxhall Corsa,46300,2010,0,Petrol,Hatchback,1.4L,Automatic,5,5,Euro 4,4389
Volkswagen Jetta,97000,2008,0,Diesel,Saloon,2.0L,Manual,4,5,Euro 4,2299
BMW X5,95000,2004,0,Petrol,SUV,3.0L,Automatic,5,5,Euro 3,2950
Citroen C3,69991,2012,2,Petrol,Hatchback,1.4L,Manual,5,5,Euro 5,3295
Nissan Qashqai,111000,2010,4,Petrol,SUV,2.0L,Automatic,5,5,Euro 4,4000
Volvo V50,95000,2008,0,Petrol,Estate,1.8L,Manual,5,5,Euro 4,4500
Ford Focus,105000,2011,0,Petrol,Hatchback,1.6L,Manual,5,5,Euro 5,2950
Peugeot 308 SW,56984,2016,4,Diesel,Estate,1.6L,Manual,5,5,Euro 6,9600
Ford Focus,86500,2017,0,Diesel,Hatchback,1.5L,Manual,5,5,Euro 6,8975
Renault Clio,64000,2008,0,Petrol,Estate,1.2L,Manual,5,5,Euro 4,2495
Vauxhall Astra GTC,153000,2011,4,Petrol,Coupe,1.6L,Manual,3,5,Euro 5,2495
Fiat Punto,83000,2013,2,Petrol,Hatchback,1.2L,Manual,5,5,Euro 5,2495
Land Rover Range Rover Sport,103000,2006,0,Petrol,SUV,4.2L,Automatic,5,5,Euro 3,4950
BMW 5 Series,113000,2005,0,Petrol,Estate,2.5L,Automatic,5,5,Euro 4,3195
Ford Fiesta,67129,2014,0,Petrol,Hatchback,1.0L,Manual,3,5,Euro 5,5825
MINI Hatch,143000,2004,0,Petrol,Hatchback,1.6L,Manual,3,4,Euro 3,1250
Ford Grand C-max,117000,2012,2,Diesel,MPV,1.6L,Manual,5,7,Euro 5,2700
Vauxhall Astra,68100,2011,3,Petrol,Hatchback,1.6L,Manual,5,5,Euro 5,3400
Peugeot 207,38000,2009,2,Petrol,Hatchback,1.4L,Manual,5,5,Euro 5,2490
Ford Focus,140599,2008,0,Petrol,Hatchback,1.6L,Manual,5,5,Euro 4,798
SKODA Fabia,70189,2016,3,Diesel,Hatchback,1.4L,Manual,5,5,Euro 6,6900
SKODA Fabia,70189,2016,3,Diesel,Hatchback,1.4L,Manual,5,5,Euro 6,6900
Alfa Romeo Giulietta,49000,2011,0,Petrol,Hatchback,1.4L,Manual,5,5,Euro 5,4450
Ford Fiesta,61000,2002,1,Petrol,Hatchback,1.3L,Manual,5,5,Euro 4,1495
BMW 3 Series,68060,2007,1,Petrol,Saloon,null,Automatic,null,null,null,4200
BMW X5,122000,2005,0,Diesel,SUV,3.0L,Automatic,5,5,Euro 4,2495
Peugeot 307,63000,2002,4,Petrol,Hatchback,1.6L,Automatic,5,5,Euro 3,2250
Mitsubishi Colt,49000,2011,3,Petrol,Hatchback,1.3L,Automatic,5,5,Euro 4,3750
Toyota Prius,152000,2003,7,Petrol Hybrid,Saloon,1.5L,Automatic,4,5,Euro 3,1889
Audi A6 Saloon,110000,2008,2,Diesel,Saloon,2.0L,Manual,4,5,Euro 4,2499
Vauxhall Zafira,73900,2008,0,Petrol,MPV,1.6L,Manual,5,7,Euro 4,1795
Vauxhall Astra GTC,51600,2013,3,Diesel,Coupe,2.0L,Manual,3,5,Euro 5,4950
Peugeot 207,111400,2007,2,Diesel,Hatchback,1.6L,Manual,5,5,Euro 4,999
SKODA Fabia,70189,2016,3,Diesel,Hatchback,1.4L,Manual,5,5,Euro 6,6900
SKODA Fabia,70189,2016,3,Diesel,Hatchback,1.4L,Manual,5,5,Euro 6,6900
Volkswagen Tiguan,100000,2012,2,Diesel,SUV,2.0L,Manual,5,5,Euro 5,5899
Vauxhall Insignia,94000,2009,4,Petrol,Hatchback,1.8L,Manual,5,5,Euro 5,1995
Lexus IS 250,106100,2006,0,Petrol,Saloon,2.5L,Manual,4,5,Euro 4,2745
Mazda Mazda3,99000,2008,2,Petrol,Hatchback,1.6L,Manual,5,5,Euro 4,1795
Vauxhall Astra,86000,2007,5,Petrol,Hatchback,1.6L,Automatic,5,5,Euro 4,2490
Toyota Auris,96100,2010,5,Petrol,Hatchback,1.3L,Manual,5,5,Euro 4,3349
BMW 3 Series,110000,2008,0,Petrol,Convertible,2.0L,Automatic,2,4,Euro 4,1800
Vauxhall Corsa,99818,2016,1,Petrol,Hatchback,1.2L,Manual,3,5,Euro 6,3450
Vauxhall Astra,87000,2012,3,Petrol,Hatchback,1.4L,Manual,5,5,Euro 5,3199
Mitsubishi FTO,58900,2001,0,Petrol,Coupe,2.0L,Automatic,null,null,null,8900
Volkswagen Polo,149000,2010,1,Diesel,Hatchback,1.2L,Manual,5,5,Euro 5,2495
SKODA Fabia,70189,2016,3,Diesel,Hatchback,1.4L,Manual,5,5,Euro 6,6900
Vauxhall Corsa,22782,2020,0,Petrol,Hatchback,1.2L,Manual,5,5,Euro 6,10698
Volkswagen Touran,96000,2008,0,Petrol,MPV,1.6L,Manual,5,7,Euro 4,3495
Ford Focus,112300,2012,0,Diesel,Hatchback,2.0L,Automatic,5,5,Euro 5,3995
Renault Megane,96400,2013,0,Diesel,Coupe,1.5L,Manual,3,5,Euro 5,2449
BMW 5 Series,105000,2011,0,Diesel,Saloon,2.0L,Automatic,4,5,Euro 5,5900
Land Rover Range Rover,139000,2003,0,Petrol,SUV,4.4L,Automatic,5,5,Euro 3,2950
BMW 3 Series,138000,2009,3,Petrol,Saloon,2.0L,Manual,4,5,Euro 5,3030
Vauxhall Astra,87500,2007,4,Petrol,Hatchback,1.6L,Manual,5,5,Euro 4,1490
Audi A3,100400,2013,3,Petrol,Hatchback,1.8L,Automatic,3,5,Euro 5,7500
Vauxhall Corsa,65000,2014,3,Petrol,Hatchback,1.2L,Manual,3,5,Euro 5,4480
BMW Z4,140000,2005,0,Petrol,Convertible,2.2L,Manual,2,2,Euro 3,1949
Vauxhall Insignia,79000,2011,4,Petrol,Hatchback,1.8L,Manual,5,5,Euro 5,2950
Peugeot 308,55301,2016,0,Diesel,Hatchback,1.6L,Manual,5,5,Euro 6,9149
SKODA Fabia,70189,2016,3,Diesel,Hatchback,1.4L,Manual,5,5,Euro 6,6900
Mercedes-Benz E Class,88000,2003,0,Petrol,Saloon,2.6L,Automatic,4,5,Euro 3,1889
Toyota RAV4,134800,2010,1,Diesel,SUV,2.2L,Manual,5,5,Euro 5,3995
Nissan Qashqai+2,102000,2013,3,Petrol,SUV,1.6L,Manual,5,7,Euro 5,5490
Fiat 500,95000,2008,0,Petrol,Hatchback,1.2L,Manual,3,4,Euro 4,2495
Audi A4,121000,2004,8,Petrol,Saloon,1.8L,Automatic,4,5,Euro 4,2295
Peugeot 308,61000,2010,0,Petrol,Hatchback,1.6L,Automatic,5,5,Euro 4,3799
Hyundai i20,66300,2010,3,Petrol,Hatchback,1.4L,Manual,5,5,Euro 4,2950
Volkswagen Polo,65000,2012,0,Petrol,Hatchback,1.2L,Automatic,5,5,null,6995
Renault Megane,92000,2012,1,Petrol,Hatchback,2.0L,Manual,5,5,Euro 5,3750
Suzuki Grand Vitara,64000,2010,4,Petrol,SUV,2.4L,Manual,5,5,Euro 4,5000
Vauxhall Corsa,93000,2012,4,Petrol,Hatchback,1.2L,Manual,3,5,Euro 5,1950
SKODA Fabia,70189,2016,3,Diesel,Hatchback,1.4L,Manual,5,5,Euro 6,6900
Peugeot 308 SW,56984,2016,4,Diesel,Estate,1.6L,Manual,5,5,Euro 6,9600
Ford S-max,97155,2012,1,Diesel,MPV,2.0L,Automatic,5,7,Euro 5,4495
SEAT Ibiza,91804,2015,2,Petrol,Estate,1.2L,Manual,5,5,Euro 5,4399
Mercedes-Benz A Class,18137,2019,0,Petrol,Hatchback,1.3L,Automatic,5,5,Euro 6,16990
Suzuki Swift,75000,2014,1,Petrol,Hatchback,1.2L,Manual,3,4,Euro 5,3940
Toyota Camry,125000,1990,0,Petrol,Estate,2.0L,Automatic,5,null,null,2389
MINI Hatch,87000,2010,3,Petrol,Hatchback,1.6L,Manual,3,4,Euro 5,3949
Lexus LS 430,153000,2005,3,Petrol,Saloon,4.3L,Automatic,4,5,Euro 4,3950
BMW 3 Series,113000,2007,5,Petrol,Coupe,2.5L,Automatic,2,4,Euro 4,2500
Ford Focus,77241,2011,3,Petrol,Hatchback,1.6L,Manual,5,5,Euro 5,3940
Peugeot 308,52000,2009,4,Petrol,Hatchback,1.6L,Manual,5,5,Euro 4,1800
Volkswagen Polo,149000,2010,1,Diesel,Hatchback,1.2L,Manual,5,5,Euro 5,2495
Peugeot 308 SW,56984,2016,4,Diesel,Estate,1.6L,Manual,5,5,Euro 6,9600
Honda Civic,78691,2018,0,Diesel,Hatchback,1.6L,Manual,5,5,Euro 6,9198
Volkswagen Polo,100667,2011,0,Petrol,Hatchback,1.2L,Manual,5,5,Euro 5,3495
BMW 1 Series,97000,2012,0,Diesel,Hatchback,2.0L,Manual,5,5,Euro 5,4599
Nissan Note,82364,2014,2,Petrol,Hatchback,1.2L,Manual,5,5,Euro 5,4595
Ford Focus,127000,2007,3,Diesel,Hatchback,2.0L,Manual,3,5,Euro 4,1575
Chevrolet Cruze,93000,2012,0,Petrol,Hatchback,1.8L,Automatic,5,5,Euro 5,3990
Honda Civic,101200,2008,2,Petrol,Hatchback,1.8L,Manual,3,5,Euro 4,2490
Ford C-max,115000,2007,0,Petrol,MPV,2.0L,Automatic,5,5,Euro 4,2389
Citroen C4 Cactus,112000,2015,0,Petrol,Hatchback,1.2L,Manual,5,5,Euro 5,4289
Vauxhall Corsa,94650,2014,0,Petrol,Hatchback,1.4L,Manual,3,5,Euro 5,3300
Vauxhall Corsa,93000,2012,4,Petrol,Hatchback,1.2L,Manual,3,5,Euro 5,1950
BMW 3 Series,69690,2019,1,Petrol Plug-in Hybrid,Saloon,2.0L,Automatic,4,5,Euro 6,19800
Vauxhall Corsa,22782,2020,0,Petrol,Hatchback,1.2L,Manual,5,5,Euro 6,10698
BMW X3,80750,2010,7,Diesel,SUV,2.0L,Automatic,5,5,Euro 5,4995
SEAT Ibiza,77000,2011,3,Petrol,Hatchback,1.4L,Manual,5,5,Euro 5,2800
Renault Clio,41000,2015,0,Petrol,Hatchback,1.2L,Manual,5,5,Euro 5,7150
Mercedes-Benz A Class,69200,2012,5,Petrol,Hatchback,1.5L,Manual,5,5,Euro 5,2199
Mercedes-Benz C Class,89400,2006,2,Diesel,Saloon,2.1L,Automatic,4,5,Euro 4,1995
Toyota Corolla Verso,105000,2002,2,Petrol,MPV,1.8L,Manual,5,5,Euro 4,1949
BMW 3 Series,137000,2010,0,Petrol,Coupe,3.0L,Automatic,2,4,Euro 5,5250
Honda Accord,103000,2008,2,Petrol,Saloon,2.4L,Automatic,4,5,Euro 4,3495
Volkswagen Passat,134503,2010,2,Diesel,Saloon,2.0L,Manual,4,5,Euro 5,2500
Renault Clio,66200,2011,4,Petrol,Hatchback,1.2L,Manual,3,5,Euro 5,2395
Volkswagen Polo,127000,2015,0,Petrol,Hatchback,1.0L,Manual,3,5,Euro 6,3495
Mercedes-Benz A Class,62402,2019,1,Petrol,Hatchback,1.3L,Automatic,5,5,Euro 6,15900
Ford Focus,86500,2017,0,Diesel,Hatchback,1.5L,Manual,5,5,Euro 6,8975
BMW 3 Series,97000,2005,0,Petrol,Saloon,2.5L,Automatic,4,5,Euro 4,2995
Mercedes-Benz E Class,110000,2014,5,Diesel,Convertible,2.1L,Automatic,2,4,Euro 5,6580
Vauxhall Corsa,34050,2006,0,Petrol,Hatchback,1.2L,Manual,5,5,Euro 4,2950
DS Automobiles DS 3,53000,2018,0,Petrol,Hatchback,1.2L,Manual,3,5,Euro 6,6950
Volkswagen Polo,66000,2016,0,Petrol,Hatchback,1.0L,Manual,5,5,Euro 6,8150
Volkswagen Polo,112638,2008,2,Petrol,Hatchback,1.2L,Manual,5,5,Euro 4,2000
Vauxhall Astra,49000,2011,2,Petrol,Hatchback,1.6L,Manual,3,5,Euro 5,2990
Honda Jazz,69920,2007,0,Petrol,Hatchback,1.4L,Automatic,5,5,Euro 4,3995
Mitsubishi Outlander,73328,2004,0,Petrol,SUV,2.4L,Automatic,5,5,Euro 4,3295
Nissan Qashqai+2,118000,2010,3,Petrol,SUV,2.0L,Manual,5,7,Euro 4,3950
Peugeot 207,111400,2007,2,Diesel,Hatchback,1.6L,Manual,5,5,Euro 4,999
Ford Focus,86500,2017,0,Diesel,Hatchback,1.5L,Manual,5,5,Euro 6,8975
Peugeot 308,55301,2016,0,Diesel,Hatchback,1.6L,Manual,5,5,Euro 6,9149
Ford Fiesta,80653,2009,3,Petrol,Hatchback,1.6L,Manual,5,5,Euro 4,3250
KIA Picanto,26500,2009,3,Petrol,Hatchback,1.1L,Automatic,5,4,Euro 4,3990
BMW 3 Series,89890,2013,5,Petrol,Saloon,2.0L,Manual,4,5,Euro 6,9599
MINI Hatch,96166,2007,5,Petrol,Hatchback,1.6L,Manual,3,4,Euro 4,2700
Ford Fiesta,167574,2009,0,Diesel,Hatchback,1.6L,Manual,5,5,Euro 4,1950
Volvo S80,72000,2006,3,Petrol,Saloon,2.5L,Automatic,4,5,Euro 4,4495
BMW 5 Series,125000,2006,5,Petrol,Saloon,2.5L,Manual,4,5,Euro 4,2000
Audi A3,103000,2004,0,Petrol,Hatchback,1.6L,Automatic,5,5,Euro 4,2495
Mitsubishi Colt,115000,2007,4,Petrol,Hatchback,1.5L,Manual,3,5,Euro 4,1495
Ford Focus,145000,2004,0,Petrol,Hatchback,1.6L,Manual,5,5,Euro 3,890
Volkswagen Polo,149000,2010,1,Diesel,Hatchback,1.2L,Manual,5,5,Euro 5,2495
KIA Sportage,50028,2016,0,Petrol,SUV,1.6L,Manual,5,5,Euro 6,10198
SKODA Fabia,70189,2016,3,Diesel,Hatchback,1.4L,Manual,5,5,Euro 6,6900
BMW 3 Series,137724,2006,0,Petrol,Coupe,2.5L,Automatic,2,4,Euro 4,1999
Fiat Punto,32000,2004,3,Petrol,Hatchback,1.2L,Manual,3,5,Euro 3,1490
BMW 7 Series,93000,2004,0,Petrol,Saloon,4.4L,Automatic,4,5,Euro 3,4450
MINI Hatch,59000,2012,2,Petrol,Hatchback,1.6L,Manual,3,4,Euro 5,5000
Suzuki SX4 S-CROSS,64600,2017,0,Petrol,SUV,1.0L,Automatic,5,5,Euro 6,10744
Mercedes-Benz E Class,139000,2009,4,Petrol,Coupe,3.5L,Automatic,2,4,Euro 5,6300
Ford Focus,29000,2018,2,Petrol,Hatchback,1.0L,Manual,5,5,Euro 6,12599
Volkswagen Tiguan,100000,2008,0,Diesel,SUV,2.0L,Automatic,5,5,Euro 4,2889
Volkswagen Golf,36000,2006,3,Petrol,Hatchback,1.6L,Manual,5,5,Euro 4,2900
Volkswagen Passat,173000,2007,0,Diesel,Estate,2.0L,Automatic,5,5,Euro 4,1895
Hyundai i30,130000,2010,4,Petrol,Hatchback,1.4L,Manual,5,5,Euro 4,1750
MINI Hatch,46923,2017,3,Petrol,Hatchback,1.5L,Manual,3,4,Euro 6,10000
Peugeot 308 SW,56984,2016,4,Diesel,Estate,1.6L,Manual,5,5,Euro 6,9600
Daewoo Kalos,62807,2003,2,Petrol,Hatchback,1.2L,Manual,5,5,Euro 3,995
Vauxhall Insignia,78000,2011,0,Petrol,Hatchback,1.8L,Manual,5,5,Euro 5,2745
Ford Fiesta,34000,2010,2,Diesel,Hatchback,1.6L,Manual,5,5,Euro 4,4480
Audi A4,57000,2004,0,Petrol,Saloon,2.0L,Automatic,4,5,Euro 4,2449
Peugeot 107,77106,2013,1,Petrol,Hatchback,1.0L,Manual,3,4,Euro 5,3295
Honda Jazz,93000,2010,4,Petrol,Hatchback,1.4L,Manual,5,5,Euro 4,2450
Citroen Grand C4 Picasso,130000,2012,0,Diesel,MPV,1.6L,Automatic,5,7,Euro 5,2999
Mazda Mazda2,41200,2016,0,Petrol,Hatchback,1.5L,Manual,5,5,Euro 6,7499
Volkswagen EOS,102000,2011,1,Petrol,Convertible,1.4L,Manual,2,4,Euro 5,4390
Mercedes-Benz B Class,83000,2013,3,Diesel,MPV,1.5L,Manual,5,5,Euro 5,6499
SEAT Ibiza,99061,2011,0,Petrol,Hatchback,1.2L,Manual,3,5,Euro 5,2799
Peugeot 308,55301,2016,0,Diesel,Hatchback,1.6L,Manual,5,5,Euro 6,9149
Mercedes-Benz A Class,62402,2019,1,Petrol,Hatchback,1.3L,Automatic,5,5,Euro 6,15900
Suzuki Alto,76833,2011,3,Petrol,Hatchback,1.0L,Manual,5,4,Euro 5,2000
KIA RIO,92000,2013,3,Petrol,Hatchback,1.3L,Manual,3,5,Euro 5,3800
Fiat Grande Punto,49970,2009,2,Diesel,Hatchback,1.3L,Manual,3,5,Euro 4,1499
BMW 1 Series,94300,2010,0,Petrol,Hatchback,2.0L,Manual,5,5,Euro 5,3890
Volkswagen Polo,49600,2012,0,Petrol,Hatchback,1.2L,Automatic,null,null,null,6700
Nissan Qashqai,112000,2009,0,Petrol,Hatchback,2.0L,Automatic,5,5,Euro 4,3950
Mercedes-Benz C Class,79700,2012,3,Diesel,Saloon,2.1L,Manual,4,5,Euro 5,5999
Vauxhall Astra,63495,2016,4,Petrol,Hatchback,1.0L,Manual,5,5,Euro 6,6495
BMW 3 Series,138000,2003,6,Petrol,Estate,2.2L,Automatic,5,5,Euro 3,1999
Chevrolet Aveo,89181,2013,0,Petrol,Hatchback,1.4L,Manual,5,5,Euro 5,2845
MINI Hatch,74700,2003,4,Petrol,Hatchback,1.6L,Automatic,3,4,Euro 3,2995
Chevrolet Captiva,97153,2013,4,Diesel,SUV,2.2L,Automatic,5,7,Euro 5,4500
Dodge Nitro,125000,2008,0,Petrol,SUV,3.7L,Automatic,5,5,Euro 4,3250
Vauxhall Corsa,56285,2015,1,Petrol,Hatchback,1.4L,Manual,5,5,Euro 6,3499
BMW X5,84500,2006,3,Diesel,SUV,3.0L,Automatic,5,5,Euro 4,4800
Ford Focus,108000,2013,0,Petrol,Estate,1.6L,Automatic,5,5,Euro 5,4499
Toyota Mark X,77000,2021,3,Petrol,Saloon,null,Automatic,null,null,null,7500
Nissan Juke,120300,2014,3,Diesel,SUV,1.5L,Manual,5,5,Euro 5,3699
Mazda Mazda6,153000,2006,3,Petrol,Hatchback,2.0L,Automatic,5,5,Euro 4,2500
Volkswagen Polo,149000,2010,1,Diesel,Hatchback,1.2L,Manual,5,5,Euro 5,2495
Peugeot 308,55301,2016,0,Diesel,Hatchback,1.6L,Manual,5,5,Euro 6,9149
Peugeot 308 SW,56984,2016,4,Diesel,Estate,1.6L,Manual,5,5,Euro 6,9600
Honda Cr-v,115961,2007,0,Diesel,SUV,2.2L,Manual,5,5,Euro 4,2775
Ford KA,52000,2008,0,Petrol,Hatchback,1.3L,Manual,3,5,Euro 4,1499
Volkswagen Scirocco,87000,2008,1,Petrol,Hatchback,2.0L,Automatic,3,4,Euro 4,5950
SEAT Ibiza,84131,2012,4,Petrol,Hatchback,1.4L,Manual,5,5,Euro 5,3295
Toyota Auris,125998,2015,0,Petrol,Estate,1.3L,Manual,5,5,Euro 6,4490
Nissan Note,74527,2014,0,Petrol,Hatchback,1.2L,Automatic,5,5,Euro 5,6289
Vauxhall Mokka,56250,2016,1,Diesel,SUV,1.6L,Manual,5,5,Euro 6,5950
Volkswagen Polo,71000,2010,5,Petrol,Hatchback,1.4L,Automatic,5,5,Euro 5,5500
MINI Hatch,45000,2015,0,Petrol,Hatchback,1.2L,Manual,3,4,Euro 6,7999
Peugeot 307,38563,2007,2,Petrol,Hatchback,1.4L,Manual,5,5,Euro 4,2490
Ford Focus,140599,2008,0,Petrol,Hatchback,1.6L,Manual,5,5,Euro 4,798
Vauxhall Corsa,22782,2020,0,Petrol,Hatchback,1.2L,Manual,5,5,Euro 6,10698
BMW 3 Series,69690,2019,1,Petrol Plug-in Hybrid,Saloon,2.0L,Automatic,4,5,Euro 6,19800
Vauxhall Astra GTC,91000,2014,0,Petrol,Coupe,1.6L,Manual,3,5,Euro 5,4995
BMW 1 Series,48650,2015,4,Petrol,Hatchback,1.5L,Manual,3,5,Euro 6,9200
Nissan Cubic,47000,2007,3,Petrol,Hatchback,null,Manual,null,null,null,4500
KIA Picanto,12500,2012,1,Petrol,Hatchback,1.0L,Manual,3,5,Euro 5,4490
Hyundai i20,27500,2014,0,Petrol,Hatchback,1.2L,Manual,5,5,Euro 5,5999
BMW 1 Series,83800,2006,1,Petrol,Hatchback,1.6L,Manual,5,5,Euro 4,2599
Ford Fiesta,170000,2010,3,Diesel,Hatchback,1.6L,Manual,5,5,Euro 5,1950
Toyota Corolla,109000,2003,6,Petrol,Hatchback,1.4L,Manual,5,5,Euro 4,1499
KIA Soul,80000,2009,2,Petrol,SUV,1.6L,Manual,5,5,Euro 4,2800
Ford Focus,61000,2010,3,Diesel,Hatchback,2.0L,Automatic,5,5,Euro 4,3750
Hyundai i30,130000,2010,4,Petrol,Hatchback,1.4L,Manual,5,5,Euro 4,1750
BMW 3 Series,69690,2019,1,Petrol Plug-in Hybrid,Saloon,2.0L,Automatic,4,5,Euro 6,19800
KIA Sportage,50028,2016,0,Petrol,SUV,1.6L,Manual,5,5,Euro 6,10198
Vauxhall Corsa,58998,2015,1,Petrol,Hatchback,1.4L,Manual,5,5,Euro 6,4940
Ford Focus,57000,2014,3,Petrol,Hatchback,1.6L,Automatic,5,5,Euro 5,7250
BMW X1,152000,2011,4,Diesel,SUV,2.0L,Automatic,5,5,Euro 5,3290
Renault Clio,55000,2013,4,Petrol,Hatchback,1.2L,Manual,5,5,Euro 5,3275
MINI Hatch,92200,2008,2,Petrol,Hatchback,1.6L,Manual,3,4,Euro 4,2495
BMW 3 Series,185000,2012,5,Diesel,Saloon,2.0L,Manual,4,5,Euro 5,4495
Nissan Pathfinder,135607,2006,5,Diesel,SUV,2.5L,Automatic,5,7,Euro 4,3000
Nissan Note,97000,2014,2,Petrol,Hatchback,1.2L,Automatic,5,5,Euro 5,5500
Nissan Juke,108600,2013,1,Petrol,SUV,1.6L,Manual,5,5,Euro 5,4225
BMW 1 Series,58264,2013,4,Petrol,Hatchback,1.6L,Manual,5,5,Euro 6,6995
Vauxhall Insignia,79000,2011,4,Petrol,Hatchback,1.8L,Manual,5,5,Euro 5,2950
KIA Sportage,50028,2016,0,Petrol,SUV,1.6L,Manual,5,5,Euro 6,10198
Mercedes-Benz A Class,62402,2019,1,Petrol,Hatchback,1.3L,Automatic,5,5,Euro 6,15900
Ford Fiesta,95000,2010,4,Petrol,Hatchback,1.4L,Manual,5,5,Euro 5,2999
Vauxhall Astra GTC,77700,2014,4,Petrol,Coupe,1.4L,Manual,3,5,Euro 5,4250
Vauxhall Corsa,29809,2003,3,Petrol,Hatchback,1.2L,Manual,3,5,Euro 4,1890
Fiat 500,62000,2010,0,Petrol,Hatchback,1.2L,Manual,3,4,Euro 5,3989
BMW 3 Series,87000,2005,5,Petrol,Coupe,2.0L,Manual,2,5,Euro 3,3995
BMW 1 Series,105950,2012,2,Diesel,Hatchback,2.0L,Manual,5,5,Euro 5,3900
Renault Megane,51200,2008,0,Petrol,Saloon,1.6L,Automatic,4,5,Euro 4,2495
Volkswagen Golf Plus,90960,2008,4,Diesel,Hatchback,1.9L,Manual,5,5,Euro 4,2490
Honda Civic,107000,2006,6,Petrol,Hatchback,1.8L,Manual,5,5,Euro 4,2250
Vauxhall Corsa,61805,2009,3,Petrol,Hatchback,1.2L,Manual,5,5,Euro 4,2395
Peugeot 207,87000,2008,5,Diesel,Hatchback,1.6L,Manual,5,5,Euro 4,1299
Mercedes-Benz A Class,62402,2019,1,Petrol,Hatchback,1.3L,Automatic,5,5,Euro 6,15900
Vauxhall Corsa,22782,2020,0,Petrol,Hatchback,1.2L,Manual,5,5,Euro 6,10698
Volkswagen Polo,42500,2002,2,Petrol,Hatchback,1.4L,Automatic,5,5,Euro 4,2975
Citroen C1,95811,2011,3,Petrol,Hatchback,1.0L,Manual,3,4,Euro 5,1750
Ford KA,40000,2007,6,Petrol,Hatchback,1.3L,Manual,3,5,Euro 4,1595
Citroen C4 Cactus,92000,2016,2,Petrol,Hatchback,1.2L,Manual,5,5,Euro 6,6399
Citroen C4,70000,2007,0,Petrol,Hatchback,1.6L,Automatic,5,5,Euro 4,2295
SEAT Ibiza,99061,2011,0,Petrol,Hatchback,1.2L,Manual,3,5,Euro 5,2799
Honda Civic,78691,2018,0,Diesel,Hatchback,1.6L,Manual,5,5,Euro 6,9198
Vauxhall Corsa,22782,2020,0,Petrol,Hatchback,1.2L,Manual,5,5,Euro 6,10698
Mazda CX-5,127900,2014,3,Diesel,SUV,2.2L,Automatic,5,5,Euro 6,4900
Chevrolet Cruze,108000,2011,0,Petrol,Hatchback,1.6L,Automatic,5,5,Euro 5,3495
Volkswagen Polo,76649,2010,0,Petrol,Hatchback,1.2L,Manual,3,5,Euro 5,4990
MINI Hatch,94000,2015,0,Petrol,Hatchback,1.5L,Manual,3,4,Euro 6,5995
MINI Convertible,79000,2008,0,Petrol,Convertible,1.6L,Manual,2,4,Euro 3,2449
Mercedes-Benz A Class,120000,2015,3,Diesel,Hatchback,2.1L,Manual,5,5,Euro 6,5200
Toyota Corolla,42817,2019,1,Petrol Hybrid,Hatchback,1.8L,Automatic,5,5,Euro 6,13990
MINI Hatch,61385,2018,1,Petrol,Hatchback,1.5L,Manual,3,4,Euro 6,9495
Toyota RAV4,49000,2011,1,Diesel,SUV,2.2L,Automatic,5,5,Euro 5,8990
Hyundai i20,51082,2017,3,Petrol,Hatchback,1.2L,Manual,5,5,Euro 6,7795
Vauxhall Insignia,79000,2011,4,Petrol,Hatchback,1.8L,Manual,5,5,Euro 5,2950
Vauxhall Corsa,22782,2020,0,Petrol,Hatchback,1.2L,Manual,5,5,Euro 6,10698
Vauxhall Corsa,22782,2020,0,Petrol,Hatchback,1.2L,Manual,5,5,Euro 6,10698
Vauxhall Meriva,61000,2011,2,Petrol,MPV,1.4L,Manual,5,5,Euro 5,3100
Vauxhall Corsa,30000,2014,1,Petrol,Hatchback,1.2L,Manual,3,5,Euro 5,6199
Vauxhall Insignia,138717,2016,3,Diesel,Hatchback,1.6L,Automatic,5,5,Euro 6,3990
Honda Civic,52500,2009,0,Petrol,Hatchback,1.8L,Automatic,5,5,Euro 5,5490
Mercedes-Benz C Class,80429,2012,5,Petrol,Coupe,1.6L,Automatic,2,4,Euro 5,8990
Chrysler 300C,109000,2006,0,Petrol,Saloon,3.5L,Automatic,4,5,Euro 4,3495
Honda Freed,80000,2012,1,Petrol Hybrid,MPV,1.5L,Automatic,5,6,null,6700
Ford Focus,60000,2007,2,Petrol,Hatchback,1.6L,Manual,5,5,Euro 4,2495
Renault Megane,75000,2010,0,Petrol,Hatchback,1.6L,Manual,5,5,Euro 4,2499
Mercedes-Benz C Class,115000,2007,0,Petrol,Saloon,2.5L,Automatic,4,5,Euro 4,3800
Peugeot 207,87000,2008,5,Diesel,Hatchback,1.6L,Manual,5,5,Euro 4,1299
BMW 3 Series,69690,2019,1,Petrol Plug-in Hybrid,Saloon,2.0L,Automatic,4,5,Euro 6,19800
KIA Sportage,50028,2016,0,Petrol,SUV,1.6L,Manual,5,5,Euro 6,10198
Ford Fiesta,117000,2005,0,Diesel,Hatchback,1.4L,Manual,5,5,Euro 4,1389
Volkswagen Golf,136331,2005,4,Petrol,Hatchback,1.6L,Manual,5,5,Euro 4,1895
Mercedes-Benz B Class,125200,2006,5,Petrol,MPV,1.7L,Automatic,5,5,Euro 4,2275
Honda Legend,94000,2001,2,Petrol,Saloon,3.5L,Automatic,4,5,Euro 2,3000
BMW 3 Series,105000,1999,7,Petrol,Coupe,2.5L,Manual,2,null,Euro 2,6700
Volkswagen Golf Plus,81000,2010,2,Petrol,Hatchback,1.4L,Manual,5,5,Euro 5,3799
Vauxhall Corsa,64992,2015,0,Petrol,Hatchback,1.4L,Manual,3,5,Euro 6,5995
Dacia Sandero,62000,2016,3,Petrol,Hatchback,1.2L,Manual,5,5,Euro 6,3400
Ford Fiesta,81000,2011,5,Petrol,Hatchback,1.3L,Manual,5,5,Euro 5,3499
Volkswagen Golf,150662,2009,1,Petrol,Hatchback,1.4L,Manual,5,5,Euro 5,2750
Volkswagen Polo,149000,2010,1,Diesel,Hatchback,1.2L,Manual,5,5,Euro 5,2495
SKODA Fabia,70189,2016,3,Diesel,Hatchback,1.4L,Manual,5,5,Euro 6,6900
SKODA Fabia,70189,2016,3,Diesel,Hatchback,1.4L,Manual,5,5,Euro 6,6900
Vauxhall Corsa,55000,2014,4,Petrol,Hatchback,1.2L,Manual,3,5,Euro 5,2240
Vauxhall Zafira,116700,2010,4,Petrol,MPV,1.6L,Manual,5,7,Euro 4,1950
Mercedes-Benz E Class,95257,2011,3,Diesel,Saloon,2.1L,Automatic,4,5,Euro 5,4000
BMW 3 Series,106708,2008,5,Petrol,Convertible,2.0L,Manual,2,4,Euro 4,2999
Ford Focus,90207,2009,3,Petrol,Hatchback,1.6L,Manual,5,5,Euro 4,2100
Hyundai i20,81585,2009,0,Petrol,Hatchback,1.2L,Manual,5,5,Euro 4,2499
Vauxhall Insignia,115000,2009,5,Petrol,Hatchback,1.8L,Manual,5,5,Euro 5,1990
Vauxhall Meriva,91500,2015,3,Diesel,MPV,1.7L,Automatic,5,5,Euro 5,4250
Ford Focus,81426,2014,6,Petrol,Hatchback,1.6L,Automatic,5,5,Euro 5,4300
Volkswagen Polo,76221,2013,3,Petrol,Hatchback,1.2L,Manual,5,5,Euro 5,5500
Ford Focus,105000,2011,0,Petrol,Hatchback,1.6L,Manual,5,5,Euro 5,2950
SKODA Fabia,70189,2016,3,Diesel,Hatchback,1.4L,Manual,5,5,Euro 6,6900
Peugeot 308 SW,56984,2016,4,Diesel,Estate,1.6L,Manual,5,5,Euro 6,9600
Vauxhall Corsa,103000,2013,0,Petrol,Hatchback,1.2L,Manual,5,5,Euro 5,2995
BMW 3 Series,65000,2011,2,Diesel,Estate,2.0L,Manual,5,5,Euro 5,5500
Volkswagen Golf,109886,2009,3,Petrol,Hatchback,1.4L,Manual,5,5,Euro 5,2995
Peugeot 308,36000,2016,0,Petrol,Hatchback,1.2L,Manual,5,5,Euro 6,8799
Nissan Elgrand,96000,2017,3,Petrol,Minibus,2.0L,Automatic,null,7,null,4200
Vauxhall Corsa,113790,2013,2,Petrol,Hatchback,1.2L,Manual,5,5,Euro 5,2440
MINI Hatch,70752,2010,0,Petrol,Hatchback,1.6L,Manual,3,4,Euro 5,6995
Nissan Juke,69000,2013,2,Petrol,SUV,1.6L,Manual,5,5,Euro 5,5990
Honda Civic,138000,2008,0,Petrol,Hatchback,1.8L,Manual,3,5,Euro 4,2495
Vauxhall Corsa,79987,2011,0,Petrol,Hatchback,1.2L,Automatic,3,5,Euro 5,2395
Hyundai i30,130000,2010,4,Petrol,Hatchback,1.4L,Manual,5,5,Euro 4,1750
Peugeot 308 SW,56984,2016,4,Diesel,Estate,1.6L,Manual,5,5,Euro 6,9600
Peugeot 308 SW,56984,2016,4,Diesel,Estate,1.6L,Manual,5,5,Euro 6,9600
SEAT Ibiza,95000,2010,0,Petrol,Hatchback,1.4L,Automatic,3,5,Euro 5,3949
Mitsubishi Colt,70000,2007,0,Petrol,Hatchback,1.1L,Manual,3,5,Euro 4,1795
SKODA Superb,82000,2011,4,Petrol,Estate,1.8L,Manual,5,5,Euro 5,5999
Audi A4,68157,2010,3,Petrol,Saloon,1.8L,Manual,4,5,Euro 4,4995
Mercedes-Benz A Class,58383,2016,0,Diesel,Hatchback,2.1L,Automatic,5,5,Euro 6,13495
Vauxhall Astra,137000,2007,1,Petrol,Hatchback,2.0L,Manual,3,5,Euro 4,2750
Toyota Yaris,52624,2013,1,Petrol,Hatchback,1.3L,Automatic,5,5,null,5480
Vauxhall Corsa,31584,2018,2,Petrol,Hatchback,1.4L,Automatic,5,5,Euro 6,9820
Mazda Mazda6,128000,2008,0,Petrol,Hatchback,2.0L,Automatic,5,5,Euro 4,3250
Ford Focus,90000,2003,2,Petrol,Hatchback,2.0L,Automatic,5,5,Euro 3,2495
Peugeot 207,111400,2007,2,Diesel,Hatchback,1.6L,Manual,5,5,Euro 4,999
MINI Hatch,46923,2017,3,Petrol,Hatchback,1.5L,Manual,3,4,Euro 6,10000
BMW 3 Series,69690,2019,1,Petrol Plug-in Hybrid,Saloon,2.0L,Automatic,4,5,Euro 6,19800
Peugeot 508,96000,2016,0,Diesel,Saloon,1.6L,Manual,4,5,Euro 6,7490
Fiat 500,81000,2012,0,Petrol,Hatchback,1.2L,Manual,3,4,Euro 5,3745
Vauxhall Corsa,102000,2010,0,Petrol,Hatchback,1.4L,Manual,3,5,Euro 5,1800
Vauxhall Corsa,20413,2020,0,Petrol,Hatchback,1.2L,Manual,5,5,Euro 6,12000
Volkswagen Golf,82000,2007,0,Petrol,Hatchback,1.6L,Manual,5,5,Euro 4,3495
BMW X5,95000,2007,0,Diesel,SUV,3.0L,Automatic,5,5,Euro 4,6450
Volkswagen EOS,89600,2006,5,Petrol,Convertible,3.2L,Automatic,2,4,Euro 4,4000
Ford Focus,147601,2005,0,Petrol,Hatchback,1.6L,Automatic,5,5,Euro 4,2200
BMW 3 Series,112000,2004,5,Petrol,Coupe,3.0L,Automatic,2,5,Euro 3,5999
Ford Fiesta,85000,2009,5,Petrol,Hatchback,1.4L,Manual,5,5,Euro 4,3495
Volkswagen Polo,127000,2015,0,Petrol,Hatchback,1.0L,Manual,3,5,Euro 6,3495
Peugeot 308 SW,56984,2016,4,Diesel,Estate,1.6L,Manual,5,5,Euro 6,9600
KIA Sportage,50028,2016,0,Petrol,SUV,1.6L,Manual,5,5,Euro 6,10198
Ford Fiesta,96651,2011,1,Petrol,Hatchback,1.3L,Manual,3,5,Euro 5,2395
MINI Hatch,105500,2012,1,Petrol,Hatchback,1.6L,Automatic,3,4,Euro 5,5950
Ford Mondeo,42000,2008,0,Petrol,Hatchback,2.0L,Manual,5,5,Euro 4,2495
BMW 3 Series,105202,2006,8,Petrol,Coupe,3.0L,Automatic,2,5,Euro 4,3995
Toyota Corolla,57000,2004,5,Petrol,Hatchback,1.6L,Manual,3,5,Euro 4,2145
SKODA Fabia,33000,2005,3,Petrol,Hatchback,1.4L,Automatic,5,5,Euro 4,2500
SKODA Rapid Spaceback,81000,2015,2,Petrol,Hatchback,1.2L,Manual,5,5,Euro 5,6699
Chrysler Ypsilon,100000,2012,4,Petrol,Hatchback,1.2L,Manual,5,5,Euro 5,2250
Audi A5,50000,2015,0,Diesel,Coupe,2.0L,Manual,2,4,Euro 6,14299
Land Rover Range Rover Evoque,49068,2019,0,Diesel,SUV,2.0L,Manual,5,5,Euro 6,19698
Ford Focus,140599,2008,0,Petrol,Hatchback,1.6L,Manual,5,5,Euro 4,798
Peugeot 308,55301,2016,0,Diesel,Hatchback,1.6L,Manual,5,5,Euro 6,9149
Peugeot 308 SW,56984,2016,4,Diesel,Estate,1.6L,Manual,5,5,Euro 6,9600
Volkswagen Golf,49400,2010,3,Diesel,Hatchback,2.0L,Manual,5,5,Euro 5,5300
Saab 900,157000,1992,5,Petrol,Convertible,2.0L,Manual,2,null,Euro 1,5995
Mercedes-Benz C Class,100000,2008,1,Petrol,Saloon,1.8L,Automatic,4,5,Euro 4,4495
Ford Fiesta,76438,2010,3,Petrol,Hatchback,1.6L,Manual,5,5,Euro 4,2900
Audi A3,64800,2009,3,Petrol,Hatchback,1.6L,Manual,5,5,Euro 4,4100
Citroen C3,70791,2006,0,Petrol,Hatchback,1.6L,Automatic,5,5,Euro 4,2399
BMW 7 Series,189000,2008,5,Diesel,Saloon,3.0L,Automatic,4,5,Euro 4,2600
Renault Scenic,36878,2006,2,Petrol,MPV,1.6L,Automatic,5,5,Euro 4,2995
Nissan Juke,68000,2014,2,Diesel,SUV,1.5L,Manual,5,5,Euro 5,6399
Peugeot 308,84066,2011,4,Petrol,Hatchback,1.6L,Manual,5,5,Euro 5,2999
Ford Focus,105000,2011,0,Petrol,Hatchback,1.6L,Manual,5,5,Euro 5,2950
Ford Focus,86500,2017,0,Diesel,Hatchback,1.5L,Manual,5,5,Euro 6,8975
Ford Focus,86500,2017,0,Diesel,Hatchback,1.5L,Manual,5,5,Euro 6,8975
Vauxhall Corsa,74000,2009,3,Petrol,Hatchback,1.4L,Automatic,5,5,Euro 4,3850
Toyota Yaris,62000,2007,0,Petrol,Hatchback,1.3L,Manual,5,5,Euro 4,3250
Honda Accord,118000,2005,2,Petrol,Saloon,2.4L,Automatic,4,5,Euro 4,2497
Mazda Mazda3,36000,2006,1,Petrol,Hatchback,1.6L,Manual,5,5,Euro 4,3499
Mitsubishi ASX,124000,2013,3,Petrol,SUV,1.6L,Manual,5,5,Euro 5,4495
Mercedes-Benz A Class,97000,2015,4,Diesel,Hatchback,1.5L,Manual,5,5,Euro 5,5500
Mercedes-Benz CLK,104000,2006,0,Petrol,Coupe,1.8L,Automatic,2,4,Euro 4,3800
Toyota Avensis,106250,2008,0,Petrol,Saloon,1.8L,Automatic,4,5,Euro 4,3785
BMW 1 Series,63000,2016,2,Petrol,Hatchback,1.5L,Manual,3,5,Euro 6,10799
Nissan Qashqai+2,71000,2011,2,Diesel,SUV,1.5L,Manual,5,7,Euro 5,3999
Peugeot 207,111400,2007,2,Diesel,Hatchback,1.6L,Manual,5,5,Euro 4,999
Ford Focus,86500,2017,0,Diesel,Hatchback,1.5L,Manual,5,5,Euro 6,8975
Peugeot 308,55301,2016,0,Diesel,Hatchback,1.6L,Manual,5,5,Euro 6,9149
MINI Hatch,132000,2006,7,Petrol,Hatchback,1.6L,Manual,3,4,Euro 4,2100
Nissan Micra,96195,2006,0,Petrol,Hatchback,1.4L,Automatic,5,5,Euro 4,2395
Volkswagen Golf,78656,2007,5,Petrol,Hatchback,1.6L,Manual,5,5,Euro 4,3750
Volkswagen Golf,120000,2004,6,Petrol,Hatchback,2.0L,Manual,3,5,Euro 4,1995
Volkswagen Beetle,72370,2006,3,Petrol,Hatchback,1.4L,Manual,3,4,Euro 4,1790
Ford Focus,32331,2014,2,Diesel,Hatchback,1.6L,Manual,5,5,Euro 5,4950
Volkswagen Beetle,1110100,2003,4,Petrol,Hatchback,2.0L,Automatic,3,4,Euro 4,2495
Honda Jazz,33000,2013,0,Petrol Hybrid,Hatchback,1.5L,Automatic,null,5,null,6750
Ford B-max,114850,2015,1,Petrol,MPV,1.6L,Automatic,5,5,Euro 5,4990
Ford Mondeo,121480,2007,3,Petrol,Hatchback,2.3L,Automatic,5,5,Euro 4,2500
SEAT Ibiza,99061,2011,0,Petrol,Hatchback,1.2L,Manual,3,5,Euro 5,2799
Peugeot 308,55301,2016,0,Diesel,Hatchback,1.6L,Manual,5,5,Euro 6,9149
Ford Focus,86500,2017,0,Diesel,Hatchback,1.5L,Manual,5,5,Euro 6,8975
Ford Focus,62037,2014,2,Petrol,Hatchback,1.0L,Manual,5,5,Euro 5,5500
Chevrolet Spark,45000,2012,4,Petrol,Hatchback,1.0L,Manual,5,5,Euro 5,2495
Suzuki Alto,64269,2012,0,Petrol,Hatchback,1.0L,Manual,5,4,Euro 5,2495
Toyota Aygo,39000,2014,5,Petrol,Hatchback,1.0L,Manual,5,4,Euro 5,2995
Honda Civic,83000,2005,5,Petrol,Hatchback,1.6L,Automatic,5,5,Euro 3,2499
Renault Clio,74653,2015,3,Petrol,Hatchback,1.2L,Manual,5,5,Euro 6,5495
Fiat 500,22116,2015,1,Petrol,Hatchback,1.2L,Manual,3,4,Euro 6,6740
Lexus IS 250,106150,2007,0,Petrol,Saloon,2.5L,Automatic,4,5,Euro 4,4895
Volkswagen Polo,66000,2011,1,Petrol,Hatchback,1.2L,Automatic,5,5,null,6495
Volkswagen Golf,110000,1996,0,Petrol,Convertible,2.0L,Manual,2,null,Euro 1,1250
Volkswagen Polo,127000,2015,0,Petrol,Hatchback,1.0L,Manual,3,5,Euro 6,3495
Mercedes-Benz A Class,62402,2019,1,Petrol,Hatchback,1.3L,Automatic,5,5,Euro 6,15900
Ford Focus,86500,2017,0,Diesel,Hatchback,1.5L,Manual,5,5,Euro 6,8975
Vauxhall Astra,75000,2013,0,Petrol,Hatchback,1.6L,Manual,5,5,Euro 5,3995
Volkswagen Polo,53193,2011,0,Petrol,Hatchback,1.2L,Automatic,null,5,null,6450
Peugeot 306,25240,1997,3,Petrol,Hatchback,1.4L,Manual,5,5,Euro 2,2695
BMW 3 Series,94000,2007,2,Petrol,Saloon,2.5L,Automatic,null,null,null,4000
Toyota Yaris,111555,2007,4,Petrol,Hatchback,1.8L,Manual,3,5,Euro 4,1975
Peugeot 208,58700,2017,2,Petrol,Hatchback,1.2L,Manual,5,5,Euro 6,5530
Ford Fiesta,120000,2012,0,Diesel,Hatchback,1.6L,Manual,5,5,Euro 5,2289
Toyota Yaris,121600,2008,4,Petrol,Hatchback,1.3L,Manual,5,5,Euro 4,2495
Volkswagen Phaeton,98000,2006,0,Petrol,Saloon,3.2L,Automatic,4,5,Euro 4,2889
Volkswagen Polo,127000,2015,0,Petrol,Hatchback,1.0L,Manual,3,5,Euro 6,3495
Ford Focus,86500,2017,0,Diesel,Hatchback,1.5L,Manual,5,5,Euro 6,8975
KIA Sportage,50028,2016,0,Petrol,SUV,1.6L,Manual,5,5,Euro 6,10198
Ford Fiesta,77935,2008,4,Petrol,Hatchback,1.3L,Manual,5,5,Euro 4,2490
Volkswagen Beetle,84500,2009,0,Petrol,Hatchback,1.6L,Manual,3,4,Euro 4,2490
Hyundai i30,87000,2013,4,Petrol,Hatchback,1.4L,Manual,5,5,Euro 5,4995
Volkswagen Golf,96866,2011,2,Diesel,Hatchback,1.6L,Automatic,5,5,Euro 5,4450
Lexus CT 200h,140000,2011,6,Petrol Hybrid,Hatchback,1.8L,Automatic,5,5,Euro 5,5950
Vauxhall Astra GTC,58000,2014,0,Petrol,Coupe,1.4L,Manual,3,5,Euro 5,5699
Hyundai ix35,59858,2012,2,Diesel,SUV,1.7L,Manual,5,5,Euro 5,5490
Fiat 500,55000,2015,0,Petrol,Hatchback,1.2L,Manual,3,4,Euro 6,6599
Volkswagen Polo,75818,2013,4,Petrol,Hatchback,1.2L,Manual,5,5,Euro 5,5450
Ford Fiesta,90400,2012,1,Petrol,Hatchback,1.3L,Manual,5,5,Euro 5,3230
Vauxhall Corsa,93000,2012,4,Petrol,Hatchback,1.2L,Manual,3,5,Euro 5,1950
KIA Sportage,50028,2016,0,Petrol,SUV,1.6L,Manual,5,5,Euro 6,10198
BMW 3 Series,69690,2019,1,Petrol Plug-in Hybrid,Saloon,2.0L,Automatic,4,5,Euro 6,19800
KIA Sportage,50000,2014,1,Petrol,SUV,1.6L,Manual,5,5,Euro 5,8490
Audi A3,82147,2009,0,Petrol,Hatchback,1.8L,Automatic,3,5,Euro 4,6295
Toyota Yaris,30000,2008,1,Petrol,Hatchback,1.8L,Manual,5,5,Euro 4,4690
Toyota Prius,145000,2016,3,Petrol Hybrid,Saloon,1.5L,Automatic,4,5,null,5949
Volkswagen Golf,113400,2007,4,Petrol,Hatchback,1.6L,Manual,5,5,Euro 4,2495
Audi A1,50500,2012,0,Petrol,Hatchback,null,Automatic,3,4,null,7995
Nissan Murano,118000,2010,0,Petrol,SUV,3.5L,Automatic,5,5,Euro 4,4950
Audi A3,125000,2005,3,Diesel,Hatchback,2.0L,Manual,5,5,Euro 4,2249
BMW 5 Series,113000,2014,3,Diesel,Saloon,2.0L,Automatic,4,5,Euro 6,7900
Vauxhall Astra,100570,2005,2,Petrol,Hatchback,1.6L,Manual,5,5,Euro 4,1975
Vauxhall Insignia,79000,2011,4,Petrol,Hatchback,1.8L,Manual,5,5,Euro 5,2950
BMW 3 Series,69690,2019,1,Petrol Plug-in Hybrid,Saloon,2.0L,Automatic,4,5,Euro 6,19800
MINI Hatch,46923,2017,3,Petrol,Hatchback,1.5L,Manual,3,4,Euro 6,10000
Toyota RAV4,87738,2006,0,Petrol,SUV,2.0L,Manual,5,5,Euro 4,3495
Volkswagen Golf,74100,2010,0,Petrol,Hatchback,1.4L,Manual,5,5,Euro 5,3889
MINI Hatch,46923,2017,3,Petrol,Hatchback,1.5L,Manual,3,4,Euro 6,10000
Ford Fiesta,70000,2004,0,Petrol,Hatchback,1.4L,Manual,5,5,Euro 4,1480
Peugeot 208,90000,2012,4,Petrol,Hatchback,1.2L,Manual,5,5,Euro 5,3995
MINI Hatch,55750,2014,2,Petrol,Hatchback,1.2L,Manual,3,4,Euro 6,7499
Suzuki Swift,103310,2012,3,Petrol,Hatchback,1.2L,Manual,3,4,Euro 5,2999
BMW X5,115000,2013,4,Diesel,SUV,3.0L,Automatic,5,5,Euro 6,13999
Honda Civic,93000,2014,2,Diesel,Hatchback,1.6L,Manual,5,5,Euro 5,5000
Fiat 500,89701,2009,5,Petrol,Hatchback,1.2L,Manual,3,4,Euro 5,2395
Ford Focus,140599,2008,0,Petrol,Hatchback,1.6L,Manual,5,5,Euro 4,798
MINI Hatch,46923,2017,3,Petrol,Hatchback,1.5L,Manual,3,4,Euro 6,10000
Peugeot 308 SW,56984,2016,4,Diesel,Estate,1.6L,Manual,5,5,Euro 6,9600
Ford Fiesta,92132,2010,5,Petrol,Hatchback,1.6L,Manual,3,5,Euro 4,3395
Honda Civic,41579,2016,0,Petrol,Hatchback,1.4L,Manual,5,5,Euro 6,10000
Hyundai i30,89321,2012,4,Diesel,Hatchback,1.6L,Manual,5,5,Euro 5,3000
Audi A3,126085,2003,6,Petrol,Hatchback,1.6L,Automatic,5,5,Euro 4,1350
Audi A3,88000,2010,0,Diesel,Hatchback,1.6L,Automatic,5,5,Euro 5,4950
Vauxhall Astra,91000,2014,2,Petrol,Hatchback,1.4L,Manual,5,5,Euro 5,3990
Peugeot 406,67000,1998,5,Petrol,Coupe,3.0L,Automatic,2,4,Euro 2,3000
Vauxhall Astra,107504,2014,3,Petrol,Hatchback,1.6L,Manual,5,5,Euro 5,3495
KIA Sportage,104000,2010,1,Petrol,SUV,1.6L,Manual,5,5,Euro 5,4950
Volkswagen Polo,49411,2007,4,Petrol,Hatchback,1.4L,Automatic,5,5,Euro 4,4490
Peugeot 207,87000,2008,5,Diesel,Hatchback,1.6L,Manual,5,5,Euro 4,1299
BMW 3 Series,69690,2019,1,Petrol Plug-in Hybrid,Saloon,2.0L,Automatic,4,5,Euro 6,19800
KIA Sportage,50028,2016,0,Petrol,SUV,1.6L,Manual,5,5,Euro 6,10198
Renault Megane,72000,2013,3,Petrol,Hatchback,1.6L,Manual,5,5,Euro 5,3995
BMW X1,51000,2014,1,Diesel,SUV,2.0L,Automatic,5,5,Euro 5,7995
Honda Civic,49376,2006,2,Petrol,Hatchback,1.8L,Manual,5,5,Euro 4,2300
Mercedes-Benz C Class,86000,2016,4,Diesel,Saloon,1.6L,Automatic,4,5,Euro 6,12000
BMW X5,125000,2005,0,Petrol,SUV,4.4L,Automatic,5,5,Euro 3,3950
Volkswagen Golf,96000,2001,0,Petrol,Hatchback,1.6L,Automatic,5,5,Euro 4,1949
BMW 3 Series,71026,2012,0,Diesel,Convertible,2.0L,Automatic,2,4,Euro 5,7200
SKODA Octavia,152544,2014,3,Petrol,Hatchback,1.2L,Manual,5,5,Euro 5,3495
Vauxhall Corsa,65000,2013,3,Petrol,Hatchback,1.2L,Manual,5,5,Euro 5,3675
MG MG3,27649,2019,0,Petrol,Hatchback,1.5L,Manual,5,5,Euro 6,8198
Volkswagen Polo,149000,2010,1,Diesel,Hatchback,1.2L,Manual,5,5,Euro 5,2495
KIA Sportage,50028,2016,0,Petrol,SUV,1.6L,Manual,5,5,Euro 6,10198
Honda Civic,78691,2018,0,Diesel,Hatchback,1.6L,Manual,5,5,Euro 6,9198
Ford Focus,67000,2012,0,Diesel,Hatchback,1.6L,Manual,5,5,Euro 5,5345
Renault Clio,79732,2010,0,Petrol,Hatchback,1.2L,Manual,3,5,Euro 4,2695
Jeep Renegade,113200,2015,2,Diesel,SUV,1.6L,Manual,5,5,Euro 5,4500
Fiat 500,67300,2014,3,Petrol,Hatchback,1.2L,Manual,3,4,Euro 6,4650
Nissan Qashqai+2,113000,2010,2,Petrol,SUV,1.6L,Manual,5,7,Euro 5,4495
MINI Hatch,55000,2013,0,Diesel,Hatchback,1.6L,Manual,3,4,Euro 5,3449
Volkswagen Polo,35515,2012,0,Petrol,Hatchback,1.2L,Automatic,null,5,null,6900
Renault Megane,51100,2014,2,Diesel,Coupe,1.5L,Manual,3,5,Euro 5,4000
Ford Focus,100000,2012,4,Petrol,Estate,1.6L,Automatic,5,5,Euro 5,4950
Fiat 500,14700,2008,2,Petrol,Hatchback,1.2L,Automatic,3,4,Euro 6,6490
Peugeot 207,87000,2008,5,Diesel,Hatchback,1.6L,Manual,5,5,Euro 4,1299
MINI Hatch,46923,2017,3,Petrol,Hatchback,1.5L,Manual,3,4,Euro 6,10000
KIA Sportage,50028,2016,0,Petrol,SUV,1.6L,Manual,5,5,Euro 6,10198
Mazda Mazda2,54100,2016,2,Petrol,Hatchback,1.5L,Manual,5,5,Euro 6,6995
Ford KA,83655,2012,2,Petrol,Hatchback,1.2L,Manual,3,4,Euro 5,2795
Peugeot 308,74000,2013,3,Diesel,Hatchback,1.6L,Manual,5,5,Euro 5,3550
Vauxhall Astra,78000,2015,2,Petrol,Hatchback,1.6L,Manual,5,5,Euro 6,3500
Vauxhall Astra,79910,2016,2,Petrol,Hatchback,1.4L,Manual,5,5,Euro 5,5700
Vauxhall Corsa,82471,2011,4,Petrol,Hatchback,1.2L,Manual,5,5,Euro 5,2950
Toyota Auris,111695,2011,3,Petrol,Hatchback,1.3L,Manual,5,5,Euro 4,3295
Hyundai i20,56700,2013,0,Petrol,Hatchback,1.2L,Manual,5,5,Euro 5,4999
Renault Scenic,80000,2010,0,Diesel,MPV,1.5L,Manual,5,5,Euro 4,2500
BMW 3 Series,64000,2007,8,Petrol,Convertible,3.0L,Automatic,2,4,Euro 4,6500
Peugeot 207,111400,2007,2,Diesel,Hatchback,1.6L,Manual,5,5,Euro 4,999
Ford Focus,86500,2017,0,Diesel,Hatchback,1.5L,Manual,5,5,Euro 6,8975
BMW 3 Series,69690,2019,1,Petrol Plug-in Hybrid,Saloon,2.0L,Automatic,4,5,Euro 6,19800
Mazda Mazda3,77000,2008,4,Petrol,Hatchback,1.6L,Manual,5,5,Euro 4,2350
Ford Fiesta,111535,2014,1,Petrol,Hatchback,1.0L,Manual,5,5,Euro 5,4195
BMW 3 Series,71026,2012,0,Diesel,Convertible,2.0L,Automatic,2,4,Euro 5,7200
Land Rover Range Rover Evoque,87000,2012,0,Diesel,SUV,2.2L,Manual,5,5,Euro 5,8995
Fiat 500L,64000,2013,2,Petrol,MPV,1.4L,Manual,5,5,Euro 6,3800
Chrysler Grand Voyager,106000,2006,4,Petrol,MPV,3.3L,Automatic,5,7,Euro 3,2950
Mercedes-Benz CLK,108000,2009,2,Petrol,Convertible,3.5L,Automatic,2,4,Euro 4,2500
Peugeot 208,52000,2015,0,Petrol,Hatchback,1.2L,Manual,5,5,Euro 6,4889
Renault Clio,51878,2018,1,Petrol,Hatchback,0.9L,Manual,5,5,Euro 6,8495
BMW 4 Series,55000,2016,0,Petrol,Coupe,2.0L,Automatic,2,3,Euro 6,12000
Vauxhall Insignia,79000,2011,4,Petrol,Hatchback,1.8L,Manual,5,5,Euro 5,2950
BMW 3 Series,69690,2019,1,Petrol Plug-in Hybrid,Saloon,2.0L,Automatic,4,5,Euro 6,19800
Vauxhall Corsa,22782,2020,0,Petrol,Hatchback,1.2L,Manual,5,5,Euro 6,10698
Volkswagen Golf,124000,1988,7,Petrol,Hatchback,1.8L,Automatic,5,5,null,2500
Volkswagen Golf Plus,100000,2007,0,Diesel,Hatchback,1.9L,Manual,5,5,Euro 4,1789
MINI Hatch,89000,2015,3,Petrol,Hatchback,2.0L,Automatic,3,4,Euro 6,7995
Nissan Juke,37000,2016,0,Petrol,SUV,1.2L,Manual,5,5,Euro 6,7999
Land Rover Range Rover Sport,135000,2005,4,Petrol,SUV,4.4L,Automatic,5,5,Euro 3,3950
KIA Sportage,50028,2016,0,Petrol,SUV,1.6L,Manual,5,5,Euro 6,10198
Honda Civic,83000,2006,4,Petrol,Hatchback,1.8L,Manual,5,5,Euro 4,2490
Nissan X-trail,108000,2015,1,Diesel,SUV,1.6L,Manual,5,5,Euro 5,5995
Ford Focus,65700,2007,2,Petrol,Estate,1.6L,Manual,5,5,Euro 4,2399
Honda Accord,118000,2009,0,Petrol,Saloon,2.4L,Automatic,4,5,Euro 5,5000
Peugeot 207,87000,2008,5,Diesel,Hatchback,1.6L,Manual,5,5,Euro 4,1299
Peugeot 308,55301,2016,0,Diesel,Hatchback,1.6L,Manual,5,5,Euro 6,9149
Peugeot 308 SW,56984,2016,4,Diesel,Estate,1.6L,Manual,5,5,Euro 6,9600
BMW 1 Series,132164,2009,0,Petrol,Convertible,3.0L,Automatic,2,4,Euro 4,4995
Peugeot 107,77230,2008,3,Petrol,Hatchback,1.0L,Manual,5,4,Euro 4,2300
Vauxhall Astra,126000,2010,2,Diesel,Hatchback,1.7L,Manual,5,5,Euro 5,1900
Renault Captur,70000,2016,2,Petrol,SUV,0.9L,Manual,5,5,Euro 6,6899
Dacia Sandero,56200,2014,0,Petrol,Hatchback,1.2L,Manual,5,5,Euro 5,3799
Vauxhall Corsa,18992,2020,0,Petrol,Hatchback,1.2L,Manual,5,5,Euro 6,12000
Volkswagen Golf,99000,2005,5,Petrol,Hatchback,1.6L,Automatic,5,5,Euro 4,2995
Citroen C4 CACTUS,86260,2014,0,Petrol,Hatchback,1.2L,Manual,5,5,Euro 6,5995
Ford Focus,126000,2009,0,Petrol,Hatchback,1.6L,Manual,5,5,Euro 4,1799
Porsche 944,121000,1987,7,Petrol,Coupe,2.5L,Manual,2,4,null,6750
Peugeot 207,87000,2008,5,Diesel,Hatchback,1.6L,Manual,5,5,Euro 4,1299
Peugeot 308 SW,56984,2016,4,Diesel,Estate,1.6L,Manual,5,5,Euro 6,9600
Peugeot 308 SW,56984,2016,4,Diesel,Estate,1.6L,Manual,5,5,Euro 6,9600
Ford Galaxy,68000,2011,2,Diesel,MPV,2.0L,Automatic,5,7,Euro 5,6495
Mercedes-Benz E Class,140000,2011,0,Diesel,Saloon,2.1L,Automatic,4,5,Euro 5,3889
Toyota Yaris,69400,2006,0,Petrol,Hatchback,1.0L,Manual,5,5,Euro 4,2995
Ford Focus,70000,2015,2,Petrol,Hatchback,1.0L,Manual,5,5,Euro 6,7299
Nissan Micra,65000,2013,2,Petrol,Hatchback,1.2L,Manual,5,5,Euro 5,3975
Toyota Aygo,53000,2010,0,Petrol,Hatchback,1.0L,Manual,5,4,Euro 5,3295
Ford Fiesta,43000,2018,0,Petrol,Hatchback,1.1L,Manual,5,5,Euro 6,7999
BMW 3 Series,81645,2007,8,Petrol,Saloon,2.0L,Automatic,4,5,Euro 4,2490
Mercedes-Benz C Class,67000,2008,0,Diesel,Saloon,2.1L,Automatic,4,5,Euro 4,4799
Renault Megane,43200,2015,2,Petrol,Convertible,1.2L,Manual,2,4,Euro 5,6990
Vauxhall Corsa,93000,2012,4,Petrol,Hatchback,1.2L,Manual,3,5,Euro 5,1950
Peugeot 308 SW,56984,2016,4,Diesel,Estate,1.6L,Manual,5,5,Euro 6,9600
Peugeot 308,55301,2016,0,Diesel,Hatchback,1.6L,Manual,5,5,Euro 6,9149
Toyota Aygo,85000,2009,2,Petrol,Hatchback,1.0L,Manual,5,4,Euro 4,2275
Mazda Mazda2,57505,2005,0,Petrol,Hatchback,1.4L,Manual,5,5,Euro 4,1695
Ford Fiesta,69856,2015,2,Petrol,Hatchback,1.0L,Manual,3,5,Euro 6,5995
Vauxhall Corsa,22782,2020,0,Petrol,Hatchback,1.2L,Manual,5,5,Euro 6,10698
Ford C-max,90000,2009,7,Petrol,MPV,2.0L,Automatic,5,5,Euro 4,2995
Audi A3,86000,2013,0,Petrol,Hatchback,1.4L,Manual,3,5,Euro 5,6345
MINI Hatch,101000,2015,3,Petrol,Hatchback,2.0L,Manual,3,4,Euro 6,8450
Mercedes-Benz C Class,85000,2004,0,Petrol,Saloon,1.8L,Manual,4,5,Euro 3,2500
Honda Jazz,65316,2008,7,Petrol,Hatchback,1.4L,Manual,5,5,Euro 4,2100
Vauxhall Corsa,93000,2012,4,Petrol,Hatchback,1.2L,Manual,3,5,Euro 5,1950
Peugeot 308,55301,2016,0,Diesel,Hatchback,1.6L,Manual,5,5,Euro 6,9149
Peugeot 308,55301,2016,0,Diesel,Hatchback,1.6L,Manual,5,5,Euro 6,9149
Audi A5,110350,2009,4,Diesel,Coupe,2.0L,Manual,2,4,Euro 5,3500
Alfa Romeo Mito,81497,2009,3,Petrol,Hatchback,1.4L,Manual,3,4,Euro 5,1995
Honda Accord,99000,2012,2,Diesel,Estate,2.2L,Automatic,5,5,Euro 5,4580
Hyundai Accent,70000,2007,5,Petrol,Hatchback,1.4L,Automatic,3,5,Euro 4,2475
Toyota Aygo,74765,2009,0,Petrol,Hatchback,1.0L,Manual,5,4,Euro 4,2495
Nissan Micra,37000,2003,3,Petrol,Hatchback,1.2L,Automatic,5,5,Euro 4,3095
Volvo S60,108000,2003,0,Petrol,Saloon,2.0L,Automatic,4,5,Euro 3,2000
Vauxhall Mokka,69000,2015,2,Petrol,SUV,1.6L,Manual,5,5,Euro 5,6999
KIA Soul,121261,2010,2,Diesel,SUV,1.6L,Manual,5,5,Euro 4,1995
BMW X5,65000,2004,0,Petrol,SUV,3.0L,Automatic,5,5,Euro 3,3889
SEAT Ibiza,99061,2011,0,Petrol,Hatchback,1.2L,Manual,3,5,Euro 5,2799
Peugeot 308,55301,2016,0,Diesel,Hatchback,1.6L,Manual,5,5,Euro 6,9149
Vauxhall Corsa,47988,2009,0,Petrol,Hatchback,1.2L,Manual,3,5,Euro 4,2995
Mercedes-Benz C Class,156000,2008,0,Diesel,Saloon,2.1L,Manual,4,5,Euro 4,2299
Vauxhall Astra,97000,2011,7,Diesel,Hatchback,1.7L,Manual,5,5,Euro 5,495
Nissan Sunny,60000,1985,0,Petrol,Saloon,1.3L,Manual,4,null,null,999
Subaru Impreza,130100,2001,5,Petrol,Saloon,2.0L,Manual,4,5,Euro 2,2395
Ford Focus,81000,2008,7,Petrol,Hatchback,1.8L,Manual,5,5,Euro 4,1595
Volkswagen Polo,117850,2008,4,Petrol,Hatchback,1.2L,Manual,3,5,Euro 4,895
Volkswagen Bora,112153,2002,0,Petrol,Saloon,2.0L,Manual,4,5,Euro 2,1000
MINI Hatch,107000,2008,5,Petrol,Hatchback,1.4L,Manual,3,4,Euro 4,1295
Peugeot 407,144100,2007,4,Diesel,Saloon,2.0L,Manual,4,5,Euro 4,995
Toyota Yaris,161000,1999,8,Petrol,Hatchback,1.3L,Manual,3,5,Euro 3,750
Renault Clio,120863,2012,0,Petrol,Hatchback,1.1L,Manual,3,5,Euro 5,1990
Vauxhall Corsa,47988,2009,0,Petrol,Hatchback,1.2L,Manual,3,5,Euro 4,2995
Toyota Yaris,81224,2006,0,Petrol,Hatchback,1.0L,Manual,3,5,Euro 4,2995
Renault Clio,70100,2012,2,Diesel,Hatchback,1.5L,Manual,3,5,Euro 5,2895
Nissan Qashqai,149000,2009,0,Petrol,Hatchback,1.6L,Manual,5,5,Euro 4,1495
Suzuki Swift,75677,2008,0,Petrol,Hatchback,1.3L,Manual,5,5,Euro 4,1195
Honda Civic,101000,2007,3,Petrol,Hatchback,1.8L,Manual,5,5,Euro 4,1000
Nissan Primera,57145,1997,0,Petrol,Hatchback,1.6L,Manual,5,5,Euro 2,1599
Citroen C3,135000,2010,4,Diesel,Hatchback,1.4L,Manual,5,5,Euro 4,1450
Vauxhall Insignia,123000,2012,4,Diesel,Hatchback,2.0L,Manual,5,5,Euro 5,1695
Ford S-max,120000,2007,5,Diesel,MPV,2.0L,Manual,5,7,Euro 4,750
Vauxhall Corsa,61000,2014,0,Petrol,Hatchback,1.4L,Manual,3,5,Euro 5,4489
Volvo V70,274100,2004,6,Petrol,Estate,2.4L,Automatic,5,5,Euro 3,795
Ford Fiesta,42800,2007,0,Petrol,Hatchback,1.2L,Manual,3,5,Euro 4,2490
Toyota Yaris,81224,2006,0,Petrol,Hatchback,1.0L,Manual,3,5,Euro 4,2995
Ford Focus,91000,2019,1,Petrol,Hatchback,1.5L,Manual,5,5,Euro 6,10970
Suzuki Alto,91000,2010,0,Petrol,Hatchback,1.0L,Manual,5,4,Euro 5,1595
Vauxhall Vectra,93000,2007,0,Petrol,Hatchback,2.8L,Manual,5,5,Euro 4,3295
BMW 1 Series,143222,2011,3,Diesel,Hatchback,2.0L,Manual,5,5,Euro 5,1995
Renault Clio,120863,2012,0,Petrol,Hatchback,1.1L,Manual,3,5,Euro 5,1990
Ford Mondeo,102000,2014,7,Diesel,Hatchback,1.6L,Manual,5,5,Euro 5,3500
Mercedes-Benz C Class,113000,2006,3,Petrol,Coupe,1.8L,Automatic,2,4,Euro 4,1450
Honda Civic,82000,2006,6,Petrol,Hatchback,1.4L,Manual,5,5,Euro 4,2250
Subaru Impreza,130100,2001,5,Petrol,Saloon,2.0L,Manual,4,5,Euro 2,2395
Vauxhall Corsa,79011,2007,0,Petrol,Hatchback,1.4L,Manual,3,5,Euro 4,2995
Toyota Yaris,81224,2006,0,Petrol,Hatchback,1.0L,Manual,3,5,Euro 4,2995
Peugeot 107,118000,2013,3,Petrol,Hatchback,1.0L,Manual,3,4,Euro 5,1995
Volkswagen Scirocco,101296,2011,4,Petrol,Hatchback,1.4L,Manual,3,4,Euro 5,3195
Porsche Cayenne,138000,2005,7,Petrol,SUV,3.2L,Automatic,5,5,Euro 4,1500
Mazda Mazda2,59000,2009,2,Petrol,Hatchback,1.5L,Manual,3,5,Euro 4,2495
Ford Mondeo,110000,2008,4,Diesel,Hatchback,1.8L,Manual,5,5,Euro 4,1895
Citroen C4,115000,2012,3,Diesel,Hatchback,1.6L,Manual,5,5,Euro 5,2295
Fiat Punto,114000,2013,7,Petrol,Hatchback,1.2L,Manual,3,5,Euro 5,1995
Mercedes-Benz C Class,67473,2010,5,Petrol,Saloon,1.8L,Automatic,4,5,Euro 5,2999
Volkswagen Golf,144000,2012,2,Diesel,Hatchback,1.6L,Manual,5,5,Euro 5,2495
Vauxhall Astra,136842,2014,1,Diesel,Estate,1.6L,Manual,5,5,Euro 6,2500
Volvo V70,274100,2004,6,Petrol,Estate,2.4L,Automatic,5,5,Euro 3,795
Toyota Yaris,81224,2006,0,Petrol,Hatchback,1.0L,Manual,3,5,Euro 4,2995
Ford Focus,91000,2019,1,Petrol,Hatchback,1.5L,Manual,5,5,Euro 6,10970
Vauxhall Astra,122000,2010,5,Petrol,Hatchback,1.6L,Manual,5,5,Euro 5,1875
Vauxhall Corsa,75000,2005,0,Petrol,Hatchback,1.4L,Manual,3,5,Euro 4,2000
MINI Hatch,117000,2008,5,Petrol,Hatchback,1.6L,Manual,3,4,Euro 5,2600
Citroen DS3,65000,2011,4,Diesel,Hatchback,1.6L,Manual,3,5,Euro 5,3695
Mazda Mazda2,73000,2010,7,Petrol,Hatchback,1.3L,Manual,5,5,Euro 4,1550
BMW 3 Series,107000,2006,3,Petrol,Saloon,2.0L,Manual,4,5,Euro 4,1995
Vauxhall Vectra,52200,2007,0,Petrol,Hatchback,1.8L,Manual,5,5,Euro 4,2250
Volvo S40,112000,2008,1,Petrol,Saloon,2.0L,Manual,4,5,Euro 4,2995
Renault Clio,70100,2012,2,Diesel,Hatchback,1.5L,Manual,3,5,Euro 5,2895
Fiat 500C,87986,2010,0,Petrol,Convertible,1.2L,Manual,2,4,Euro 5,3995
Toyota Yaris,81224,2006,0,Petrol,Hatchback,1.0L,Manual,3,5,Euro 4,2995
Ford Fiesta,105000,2009,5,Petrol,Hatchback,1.6L,Manual,5,5,Euro 4,2995
Nissan Qashqai,114000,2010,4,Diesel,SUV,1.5L,Manual,5,5,Euro 4,2895
Peugeot 308,76954,2009,0,Petrol,Hatchback,1.6L,Manual,5,5,Euro 4,1995
Ford Focus,113187,2008,2,Petrol,Hatchback,1.6L,Manual,5,5,Euro 4,1499
Ford Fiesta,42800,2007,0,Petrol,Hatchback,1.2L,Manual,3,5,Euro 4,2490
Renault Kangoo,94000,2008,0,Petrol,MPV,1.2L,Manual,5,5,Euro 4,2495
Peugeot 308,92000,2014,4,Diesel,Hatchback,1.6L,Manual,5,5,Euro 5,3995
Mazda Mazda6,155670,2015,1,Diesel,Estate,null,Manual,null,null,null,1500
Alfa Romeo 159,86400,2009,5,Diesel,Saloon,1.9L,Manual,4,5,Euro 4,2420
Honda Civic,62000,2012,4,Petrol,Hatchback,1.4L,Manual,5,5,Euro 5,4495
Ford Focus,113187,2008,2,Petrol,Hatchback,1.6L,Manual,5,5,Euro 4,1499
Toyota Yaris,81224,2006,0,Petrol,Hatchback,1.0L,Manual,3,5,Euro 4,2995
Ford Focus,91000,2019,1,Petrol,Hatchback,1.5L,Manual,5,5,Euro 6,10970
Volkswagen Golf,163100,2008,1,Diesel,Hatchback,2.0L,Manual,5,5,Euro 4,1995
Honda Civic,142000,2008,3,Petrol,Hatchback,1.8L,Manual,5,5,Euro 4,1075
Ford Focus,115000,2011,4,Diesel,Hatchback,1.6L,Manual,5,5,Euro 5,2295
Vauxhall Corsa,72000,2011,4,Petrol,Hatchback,1.4L,Manual,5,5,Euro 5,2495
MINI Hatch,98710,2007,9,Petrol,Hatchback,1.6L,Manual,3,4,Euro 4,1875
Vauxhall Astra,35000,2004,0,Petrol,Hatchback,1.4L,Manual,5,5,Euro 4,1990
Nissan Note,99000,2009,3,Diesel,Hatchback,1.5L,Manual,5,5,Euro 4,2495
Peugeot 308,105000,2011,3,Diesel,Hatchback,1.6L,Automatic,5,5,Euro 5,2995
Volkswagen Polo,109000,2008,6,Petrol,Hatchback,1.2L,Manual,3,5,Euro 4,1650
SEAT Altea,122000,2009,4,Diesel,MPV,1.9L,Manual,5,5,Euro 4,1795
Vauxhall Vectra,52200,2007,0,Petrol,Hatchback,1.8L,Manual,5,5,Euro 4,2250
Fiat 500C,87986,2010,0,Petrol,Convertible,1.2L,Manual,2,4,Euro 5,3995
Vauxhall Adam,67000,2014,0,Petrol,Hatchback,1.4L,Manual,3,4,Euro 5,4990
Vauxhall Insignia,96300,2012,0,Petrol,Hatchback,1.8L,Manual,5,5,Euro 5,2495
Peugeot 308,114000,2010,3,Diesel,Hatchback,1.6L,Manual,5,5,Euro 4,1595
Toyota Yaris,93000,2006,4,Petrol,Hatchback,1.0L,Manual,3,5,Euro 4,1595
Volkswagen Golf,79700,2012,2,Diesel,Hatchback,1.6L,Manual,5,5,Euro 5,4495
Nissan Micra,133000,2005,1,Petrol,Hatchback,1.2L,Automatic,5,5,Euro 4,2450
Vauxhall Insignia,122000,2012,2,Diesel,Hatchback,2.0L,Manual,5,5,Euro 5,2495
SKODA Rapid,134000,2012,8,Diesel,Hatchback,1.6L,Manual,5,5,Euro 5,2495
Hyundai i20,90000,2010,3,Petrol,Hatchback,1.2L,Manual,3,5,Euro 4,1995
Land Rover Freelander 2,112340,2009,0,Diesel,SUV,2.2L,Automatic,5,5,Euro 4,3849
Vauxhall Corsa,95000,2008,0,Petrol,Hatchback,1.2L,Manual,3,5,Euro 4,1795
Renault Megane,100000,2009,4,Petrol,Hatchback,1.6L,Manual,5,5,Euro 5,1995
Ford Galaxy,108000,2009,3,Diesel,MPV,2.2L,Manual,5,7,Euro 4,3990
Vauxhall Corsa,69000,2009,4,Diesel,Hatchback,1.3L,Manual,3,5,Euro 4,1995
Renault Clio,70100,2012,2,Diesel,Hatchback,1.5L,Manual,3,5,Euro 5,2895
Vauxhall Astra,28408,2005,0,Petrol,Hatchback,1.6L,Manual,5,5,Euro 4,3195
Vauxhall Adam,67000,2014,0,Petrol,Hatchback,1.4L,Manual,3,4,Euro 5,4990
Fiat 500,32833,2012,1,Petrol,Hatchback,1.2L,Manual,3,4,Euro 5,4899
Renault Megane,106000,2012,3,Diesel,Coupe,1.5L,Manual,3,5,Euro 5,2495
Vauxhall Astra,152000,2011,4,Diesel,Estate,1.7L,Manual,5,5,Euro 5,1595
Volvo V50,85000,2006,4,Diesel,Estate,2.0L,Manual,5,5,Euro 4,2495
Hyundai ix35,96988,2011,2,Diesel,SUV,1.7L,Manual,5,5,Euro 5,3999
KIA Ceed,90000,2010,0,Petrol,Hatchback,1.6L,Manual,5,5,Euro 4,2500
Ford KA,49000,2011,3,Petrol,Hatchback,1.2L,Manual,3,4,Euro 4,3950
Mercedes-Benz C Class,116000,2006,5,Diesel,Saloon,2.1L,Automatic,4,5,Euro 3,1995
Vauxhall Corsa,67000,2006,5,Petrol,Hatchback,1.2L,Manual,5,5,Euro 4,1699
Renault Megane,97000,2012,3,Diesel,Hatchback,1.5L,Manual,5,5,Euro 5,2495
Ford Focus,113187,2008,2,Petrol,Hatchback,1.6L,Manual,5,5,Euro 4,1499
Audi A4,80000,2012,0,Petrol,Saloon,1.8L,Manual,4,5,Euro 5,7990
Vauxhall Adam,67000,2014,0,Petrol,Hatchback,1.4L,Manual,3,4,Euro 5,4990
Honda Jazz,57000,2009,0,Petrol,Hatchback,1.4L,Manual,5,5,Euro 4,3470
BMW 3 Series,115000,1987,4,Petrol,Saloon,1.8L,Automatic,4,null,null,3495
Honda Civic,151000,2007,4,Diesel,Hatchback,2.2L,Manual,3,5,Euro 4,2000
SKODA Octavia,140000,2012,2,Diesel,Hatchback,1.6L,Manual,5,5,Euro 5,2295
Renault Clio,116000,2011,3,Diesel,Estate,1.5L,Manual,5,5,Euro 5,1500
Hyundai i30,66556,2011,0,Petrol,Hatchback,1.4L,Manual,5,5,Euro 5,3775
Fiat Punto,76129,2013,0,Petrol,Hatchback,1.2L,Manual,3,5,Euro 5,1949
Renault Megane,58000,2014,3,Diesel,Coupe,1.5L,Manual,3,5,Euro 5,4993
BMW X5,115000,2002,6,Diesel,SUV,3.0L,Automatic,5,5,Euro 4,2275
Peugeot 107,63000,2011,0,Petrol,Hatchback,1.0L,Manual,5,4,Euro 5,2995
Vauxhall Astra,136842,2014,1,Diesel,Estate,1.6L,Manual,5,5,Euro 6,2500
Audi A4,80000,2012,0,Petrol,Saloon,1.8L,Manual,4,5,Euro 5,7990
Vauxhall Astra,61038,2007,0,Petrol,Hatchback,1.6L,Manual,3,5,Euro 4,2995
BMW 5 Series,171000,2006,5,Diesel,Estate,3.0L,Automatic,5,5,Euro 4,1700
Ford Mondeo,96000,2011,5,Diesel,Hatchback,1.8L,Manual,5,5,Euro 4,3195
Toyota Corolla Verso,131000,2008,4,Diesel,MPV,2.2L,Manual,5,7,Euro 4,1300
Vauxhall Astra,106022,2011,0,Petrol,Hatchback,1.6L,Manual,3,5,Euro 5,1990
Volkswagen Passat,91000,2003,0,Diesel,Saloon,1.9L,Automatic,4,5,Euro 3,2495
Vauxhall Corsa,71000,2012,3,Petrol,Hatchback,1.2L,Manual,3,5,Euro 5,3295
Toyota RAV4,104069,2007,3,Diesel,SUV,2.2L,Manual,5,5,Euro 4,2695
Mercedes-Benz C Class,105000,2008,3,Diesel,Saloon,2.1L,Automatic,4,5,Euro 4,3495
Peugeot 3008,135000,2011,4,Petrol,SUV,1.6L,Manual,5,5,Euro 5,1895
Ford Fiesta,89861,2011,4,Petrol,Hatchback,1.6L,Manual,5,5,Euro 5,3995
Renault Clio,70100,2012,2,Diesel,Hatchback,1.5L,Manual,3,5,Euro 5,2895
Ford Focus,91000,2019,1,Petrol,Hatchback,1.5L,Manual,5,5,Euro 6,10970
Vauxhall Corsa,47988,2009,0,Petrol,Hatchback,1.2L,Manual,3,5,Euro 4,2995
Hyundai Getz,36790,2006,0,Petrol,Hatchback,1.1L,Manual,3,5,Euro 4,2395
Peugeot 208,80000,2013,4,Petrol,Hatchback,1.2L,Manual,5,5,Euro 5,3495
Vauxhall Astra,107000,2012,2,Diesel,Hatchback,1.7L,Manual,5,5,Euro 5,2995
Citroen BX,96000,1990,3,Petrol,Hatchback,1.6L,Manual,5,null,null,4975
Toyota IQ,85489,2009,0,Petrol,Hatchback,1.3L,Manual,3,4,Euro 4,3495
Ford Focus,91000,2019,1,Petrol,Hatchback,1.5L,Manual,5,5,Euro 6,10970
Nissan Note,93000,2008,1,Petrol,Hatchback,1.4L,Manual,5,5,Euro 4,2195
Nissan Note,31000,2011,3,Diesel,Hatchback,1.5L,Manual,5,5,Euro 5,3995
Renault Megane,82820,2011,0,Petrol,Hatchback,1.6L,Manual,5,5,Euro 5,2395
Jaguar XF,79000,2011,0,Diesel,Saloon,3.0L,Automatic,4,5,Euro 5,6990
Ford Focus,89110,2008,0,Petrol,Hatchback,1.6L,Automatic,5,5,Euro 4,3195
Audi A3,88000,2014,3,Diesel,Saloon,1.6L,Manual,4,5,Euro 6,8150
Vauxhall Corsa,109720,2012,0,Petrol,Hatchback,1.2L,Manual,3,5,Euro 5,2395
BMW 3 Series,94000,2009,4,Diesel,Saloon,2.0L,Manual,4,5,Euro 5,2995
Ford Focus,82000,2010,3,Diesel,Hatchback,1.6L,Manual,5,5,Euro 5,2795
Honda Jazz,124610,2010,0,Petrol,Hatchback,1.4L,Automatic,5,5,Euro 4,2850
Renault Clio,120863,2012,0,Petrol,Hatchback,1.1L,Manual,3,5,Euro 5,1990
Toyota Yaris,81224,2006,0,Petrol,Hatchback,1.0L,Manual,3,5,Euro 4,2995
Fiat 500C,87986,2010,0,Petrol,Convertible,1.2L,Manual,2,4,Euro 5,3995
Peugeot 208,47000,2012,0,Petrol,Hatchback,1.4L,Manual,5,5,Euro 5,4776
BMW 3 Series,111563,2006,2,Diesel,Estate,2.0L,Manual,5,5,Euro 4,2500
Renault Scenic,115000,2011,5,Diesel,MPV,1.5L,Manual,5,5,Euro 5,2295
Peugeot 3008,103206,2011,0,Diesel,SUV,1.6L,Automatic,5,5,Euro 5,3550
BMW 1 Series,114000,2013,3,Diesel,Hatchback,1.6L,Manual,5,5,Euro 5,4495
SKODA Octavia,172000,2004,0,Diesel,Hatchback,1.9L,Manual,5,5,Euro 3,1495
Hyundai i30,106000,2016,2,Petrol,Hatchback,1.4L,Manual,5,5,Euro 6,3995
Mazda Mazda3,43000,2011,2,Diesel,Hatchback,1.6L,Manual,5,5,Euro 5,5495
Mercedes-Benz C Class,135364,2011,6,Diesel,Saloon,2.1L,Automatic,4,5,Euro 5,2999
Ford Fiesta,42800,2007,0,Petrol,Hatchback,1.2L,Manual,3,5,Euro 4,2490
Fiat 500C,87986,2010,0,Petrol,Convertible,1.2L,Manual,2,4,Euro 5,3995
Toyota Yaris,81224,2006,0,Petrol,Hatchback,1.0L,Manual,3,5,Euro 4,2995
Volkswagen Polo,67000,2013,7,Petrol,Hatchback,1.4L,Manual,5,5,Euro 5,5995
Honda Jazz,118000,2006,2,Petrol,Hatchback,1.4L,Manual,5,5,Euro 4,1575
Vauxhall Corsa,51000,2013,2,Petrol,Hatchback,1.2L,Manual,3,5,Euro 5,4495
Peugeot 407,69977,2009,0,Diesel,Saloon,1.6L,Manual,4,5,Euro 4,2299
Vauxhall Corsa,71844,2012,3,Petrol,Hatchback,1.4L,Manual,5,5,Euro 5,3495
Ford Mondeo,100300,2011,2,Diesel,Hatchback,2.0L,Manual,5,5,Euro 5,2999
BMW 1 Series,156000,2009,6,Diesel,Hatchback,2.0L,Manual,5,5,Euro 5,2175
Vauxhall Corsa,95000,2011,2,Petrol,Hatchback,1.2L,Manual,5,5,Euro 5,2395
Renault Captur,47000,2016,0,Petrol,SUV,0.9L,Manual,5,5,Euro 6,7990
BMW 5 Series,86000,2014,0,Diesel,Saloon,2.0L,Automatic,4,5,Euro 6,10995
Peugeot 407,144100,2007,4,Diesel,Saloon,2.0L,Manual,4,5,Euro 4,995
Toyota Yaris,81224,2006,0,Petrol,Hatchback,1.0L,Manual,3,5,Euro 4,2995
Audi A4,80000,2012,0,Petrol,Saloon,1.8L,Manual,4,5,Euro 5,7990
BMW 1 SERIES,74000,2013,2,Diesel,Hatchback,2.0L,Manual,5,5,Euro 5,7850
Suzuki Liana,86095,2003,4,Petrol,Saloon,1.6L,Manual,4,5,Euro 3,975
Vauxhall Corsa,88802,2007,0,Petrol,Hatchback,1.4L,Manual,3,5,Euro 4,2195
Mitsubishi Shogun Sport,105000,2007,0,Diesel,SUV,2.5L,Manual,5,5,Euro 3,3595
Infiniti Q30,58000,2016,3,Diesel,Hatchback,2.2L,Automatic,5,5,Euro 6,10995
Honda Cr-v,88000,2013,2,Diesel,SUV,1.6L,Manual,5,5,Euro 5,6495
Vauxhall Corsa,75200,2014,2,Petrol,Hatchback,1.4L,Manual,3,5,Euro 5,4000
Ford Focus,109000,2009,0,Petrol,Hatchback,null,Manual,5,5,null,1895
Vauxhall Astra,85887,2017,0,Petrol,Hatchback,1.4L,Manual,5,5,Euro 6,7940
Vauxhall Astra,72500,2007,0,Petrol,Hatchback,1.6L,Manual,5,5,Euro 4,1995
Ford Fiesta,42800,2007,0,Petrol,Hatchback,1.2L,Manual,3,5,Euro 4,2490
Toyota IQ,85489,2009,0,Petrol,Hatchback,1.3L,Manual,3,4,Euro 4,3495
Audi A4,80000,2012,0,Petrol,Saloon,1.8L,Manual,4,5,Euro 5,7990
Volkswagen Golf,139000,2013,2,Petrol,Hatchback,1.2L,Manual,5,5,Euro 5,4000
Mazda Mazda6,86000,2013,5,Diesel,Saloon,2.2L,Manual,4,5,Euro 6,6400
Toyota Corolla Verso,82908,2006,0,Petrol,MPV,1.8L,Manual,5,7,Euro 4,2995
Nissan Qashqai,88000,2013,3,Petrol,SUV,1.6L,Manual,5,5,Euro 5,4950
Chevrolet Spark,54000,2012,5,Petrol,Hatchback,1.0L,Manual,5,5,Euro 5,2699
Audi A3,149000,2006,2,Petrol,Hatchback,2.0L,Manual,5,5,Euro 4,3350
Hyundai ix35,101000,2011,5,Diesel,SUV,2.0L,Manual,5,5,Euro 5,4500
Nissan Micra,49015,2006,0,Petrol,Hatchback,1.2L,Manual,3,5,Euro 4,1395
Ford Fusion,126000,2002,0,Petrol,Hatchback,1.6L,Manual,5,5,Euro 4,1450
KIA Sportage,82000,2012,3,Diesel,SUV,1.7L,Manual,5,5,Euro 5,5295
Subaru Impreza,130100,2001,5,Petrol,Saloon,2.0L,Manual,4,5,Euro 2,2395
Fiat 500C,87986,2010,0,Petrol,Convertible,1.2L,Manual,2,4,Euro 5,3995
Vauxhall Corsa,47988,2009,0,Petrol,Hatchback,1.2L,Manual,3,5,Euro 4,2995
Mercedes-Benz C Class,99000,2004,5,Petrol,Saloon,1.8L,Automatic,4,5,Euro 3,1695
Vauxhall Astra,123000,2012,6,Diesel,Estate,1.7L,Manual,5,5,Euro 5,2395
Nissan Note,73950,2008,3,Petrol,Hatchback,1.4L,Manual,5,5,Euro 4,2500
Ford Fiesta,87610,2014,0,Petrol,Hatchback,1.0L,Manual,5,5,Euro 5,5199
Vauxhall Astra,136842,2014,1,Diesel,Estate,1.6L,Manual,5,5,Euro 6,2500
Toyota IQ,85489,2009,0,Petrol,Hatchback,1.3L,Manual,3,4,Euro 4,3495
Ford Focus,91000,2019,1,Petrol,Hatchback,1.5L,Manual,5,5,Euro 6,10970
Honda Accord,104000,2003,4,Petrol,Saloon,2.0L,Automatic,4,5,Euro 3,2495
Nissan Qashqai,103000,2016,2,Diesel,SUV,1.5L,Manual,5,5,Euro 6,6495
Nissan Qashqai,97000,2014,3,Diesel,SUV,1.5L,Manual,5,5,Euro 5,7000
Renault Clio,81000,2013,6,Petrol,Hatchback,1.2L,Manual,5,5,Euro 5,4895
Mercedes-Benz S Class,207734,2012,0,Diesel,Saloon,3.0L,Automatic,4,5,Euro 6,4769
Nissan Qashqai,92250,2008,0,Petrol,Hatchback,1.6L,Manual,5,5,Euro 4,2879
Honda Jazz,84000,2006,0,Petrol,Hatchback,1.3L,Manual,5,5,Euro 4,1995
Hyundai i30,49400,2010,2,Petrol,Hatchback,1.4L,Manual,5,5,Euro 4,2790
Peugeot 308,89800,2013,3,Diesel,Hatchback,1.6L,Manual,5,5,Euro 5,2995
SEAT Ibiza,72000,2014,2,Petrol,Hatchback,1.4L,Manual,3,5,Euro 5,3200
Peugeot 407,144100,2007,4,Diesel,Saloon,2.0L,Manual,4,5,Euro 4,995
Ford Focus,91000,2019,1,Petrol,Hatchback,1.5L,Manual,5,5,Euro 6,10970
Vauxhall Astra,61038,2007,0,Petrol,Hatchback,1.6L,Manual,3,5,Euro 4,2995
Vauxhall Adam,71000,2015,3,Petrol,Hatchback,1.4L,Manual,3,4,Euro 6,7695
Volkswagen Polo,77000,2013,5,Petrol,Hatchback,1.4L,Manual,5,5,Euro 5,5950
Volvo S40,104000,2012,4,Diesel,Saloon,1.6L,Manual,4,5,Euro 5,3495
Vauxhall Corsa,61000,2008,4,Petrol,Hatchback,1.4L,Automatic,5,5,Euro 4,3695
Hyundai i10,99000,2013,5,Petrol,Hatchback,1.2L,Manual,5,5,Euro 5,2495
Audi TT,70000,2005,0,Petrol,Coupe,1.8L,Manual,2,4,Euro 4,3495
Suzuki Alto,83890,2011,0,Petrol,Hatchback,1.0L,Manual,5,4,Euro 5,2495
Mazda 3,100305,2008,0,Petrol,Hatchback,1.6L,Manual,5,5,null,2495
SKODA Fabia,75846,2008,0,Petrol,Hatchback,1.6L,Automatic,5,5,Euro 4,3995
BMW 1 SERIES,119000,2012,0,Diesel,Hatchback,2.0L,Manual,3,5,Euro 5,5250
Volvo V70,274100,2004,6,Petrol,Estate,2.4L,Automatic,5,5,Euro 3,795
Vauxhall Astra,61038,2007,0,Petrol,Hatchback,1.6L,Manual,3,5,Euro 4,2995
Vauxhall Astra,61038,2007,0,Petrol,Hatchback,1.6L,Manual,3,5,Euro 4,2995
Volkswagen Golf,76607,2009,0,Diesel,Hatchback,2.0L,Manual,5,5,Euro 5,4495
Citroen C3,67000,2010,0,Petrol,Hatchback,1.1L,Manual,5,5,Euro 5,2695
Jaguar XF,70000,2011,0,Diesel,Saloon,2.2L,Automatic,4,5,Euro 5,6990
Peugeot 208,80000,2016,1,Petrol,Hatchback,1.2L,Manual,3,5,Euro 6,4995
BMW 1 Series,90000,2014,2,Diesel,Hatchback,1.6L,Manual,5,5,Euro 5,6275
Toyota Auris,95100,2008,2,Diesel,Hatchback,2.0L,Manual,5,5,Euro 4,2395
Fiat 500,73885,2012,3,Petrol,Hatchback,1.2L,Manual,3,4,Euro 5,3900
BMW X1,99000,2011,2,Diesel,SUV,2.0L,Automatic,5,5,Euro 5,6500
BMW 3 SERIES,99000,2012,0,Diesel,Coupe,2.0L,Automatic,2,4,Euro 5,6000
Ford Fusion,86714,2005,0,Petrol,Hatchback,1.4L,Manual,5,5,Euro 4,1795
Volkswagen Polo,87100,2005,5,Petrol,Hatchback,1.2L,Manual,3,5,Euro 4,1895
Vauxhall Adam,67000,2014,0,Petrol,Hatchback,1.4L,Manual,3,4,Euro 5,4990
Vauxhall Corsa,79011,2007,0,Petrol,Hatchback,1.4L,Manual,3,5,Euro 4,2995
Audi A3,123000,2013,0,Diesel,Hatchback,2.0L,Manual,3,5,Euro 5,6000
Nissan Qashqai,84151,2011,0,Diesel,SUV,1.5L,Manual,5,5,Euro 5,4940
Volkswagen Polo,59513,2014,2,Petrol,Hatchback,1.4L,Manual,5,5,Euro 5,6995
Ford Kuga,65000,2011,6,Diesel,SUV,2.0L,Manual,5,5,Euro 5,7646
Ford Mondeo,131276,2009,3,Diesel,Hatchback,2.0L,Manual,5,5,Euro 4,2000
Ford Focus,64111,2015,2,Petrol,Hatchback,1.0L,Manual,5,5,Euro 6,6795
BMW 5 SERIES,86623,2009,0,Diesel,Saloon,3.0L,Automatic,4,5,Euro 4,4495
BMW 5 SERIES,96000,2015,2,Diesel,Saloon,2.0L,Automatic,4,5,Euro 6,12000
Ford Focus,93600,2009,3,Petrol,Hatchback,1.6L,Manual,5,5,Euro 4,2395
BMW Alpina D3,119000,2009,0,Diesel,Saloon,2.0L,Manual,4,5,Euro 5,5900
Renault Clio,120863,2012,0,Petrol,Hatchback,1.1L,Manual,3,5,Euro 5,1990
Vauxhall Corsa,79011,2007,0,Petrol,Hatchback,1.4L,Manual,3,5,Euro 4,2995
Toyota Yaris,81224,2006,0,Petrol,Hatchback,1.0L,Manual,3,5,Euro 4,2995
Fiat 500,45000,2015,2,Petrol,Hatchback,1.2L,Manual,3,4,Euro 6,5999
Toyota Yaris,112000,2011,3,Petrol,Hatchback,1.0L,Manual,5,5,Euro 5,3300
Mercedes-Benz C Class,127000,2007,3,Diesel,Saloon,2.1L,Automatic,4,5,Euro 4,3700
BMW 3 Series,137800,2007,4,Diesel,Convertible,3.0L,Automatic,2,4,Euro 4,3450
Renault Twingo,35000,2009,4,Petrol,Hatchback,1.2L,Manual,3,4,Euro 4,3495
Vauxhall Corsa,45400,2011,3,Diesel,Hatchback,1.7L,Manual,5,5,Euro 5,4500
Volvo S40,123000,2009,2,Diesel,Saloon,1.6L,Manual,4,5,Euro 4,2495
Citroen C1,74000,2008,2,Petrol,Hatchback,1.0L,Manual,3,4,Euro 4,2400
Peugeot 5008,115000,2013,3,Diesel,MPV,2.0L,Automatic,5,7,Euro 5,4300
Ford Focus,73824,2014,0,Petrol,Hatchback,1.0L,Manual,5,5,Euro 5,4995
Vauxhall Vectra,52200,2007,0,Petrol,Hatchback,1.8L,Manual,5,5,Euro 4,2250
Toyota Yaris,81224,2006,0,Petrol,Hatchback,1.0L,Manual,3,5,Euro 4,2995
Audi A4,80000,2012,0,Petrol,Saloon,1.8L,Manual,4,5,Euro 5,7990
Fiat 500X,57000,2015,0,Diesel,SUV,1.6L,Manual,5,5,Euro 6,6179
BMW X1,85220,2012,0,Diesel,SUV,2.0L,Automatic,5,5,Euro 5,7179
Fiat Punto EVO,89727,2011,3,Petrol,Hatchback,1.4L,Manual,5,5,Euro 5,2485
BMW 3 Series,85800,2014,5,Diesel,Saloon,2.0L,Manual,4,5,Euro 5,9950
Vauxhall Corsa,85000,2010,5,Petrol,Hatchback,1.2L,Manual,3,5,Euro 5,2499
Renault Clio,95000,2012,2,Petrol,Hatchback,1.2L,Manual,3,5,Euro 5,2499
Renault Megane,75000,2011,2,Petrol,Hatchback,1.6L,Manual,5,5,Euro 5,2500
Citroen C1,91500,2006,0,Petrol,Hatchback,1.0L,Manual,5,4,Euro 4,1795
Land Rover Range Rover Sport,117000,2009,5,Diesel,SUV,3.0L,Automatic,5,5,Euro 4,2500
Ford Focus,113187,2008,2,Petrol,Hatchback,1.6L,Manual,5,5,Euro 4,1499
Audi A4,80000,2012,0,Petrol,Saloon,1.8L,Manual,4,5,Euro 5,7990
Vauxhall Astra,61038,2007,0,Petrol,Hatchback,1.6L,Manual,3,5,Euro 4,2995
Volkswagen Polo,51946,2015,1,Petrol,Hatchback,1.0L,Manual,3,5,Euro 6,6795
Citroen C1,71000,2015,3,Petrol,Hatchback,null,Manual,null,null,null,3900
Vauxhall Corsa,95000,2009,0,Diesel,Hatchback,1.3L,Manual,5,5,Euro 4,1750
Peugeot 207,30757,2007,0,Petrol,Hatchback,1.4L,Manual,5,5,Euro 4,2490
Ford Fiesta,66345,2007,2,Petrol,Hatchback,1.2L,Manual,3,5,Euro 4,2490
Ford Fiesta,47195,2006,2,Petrol,Hatchback,1.2L,Manual,3,5,Euro 4,2490
Mercedes-Benz C Class,78776,2008,2,Diesel,Saloon,2.1L,Automatic,4,5,Euro 4,3995
Toyota Verso,98700,2014,4,Diesel,MPV,1.6L,Manual,5,7,Euro 6,5250
Mercedes-Benz SLK,99000,2007,4,Petrol,Convertible,1.8L,Automatic,2,2,Euro 4,3995
MINI Convertible,84617,2010,4,Petrol,Convertible,1.6L,Manual,2,4,Euro 5,3995
Peugeot 407,144100,2007,4,Diesel,Saloon,2.0L,Manual,4,5,Euro 4,995
Vauxhall Corsa,79011,2007,0,Petrol,Hatchback,1.4L,Manual,3,5,Euro 4,2995
Vauxhall Corsa,47988,2009,0,Petrol,Hatchback,1.2L,Manual,3,5,Euro 4,2995
Volvo V60,94000,2012,1,Diesel,Estate,1.6L,Manual,5,5,Euro 5,5295
Audi A3,116000,2005,3,Diesel,Hatchback,1.9L,Manual,3,5,Euro 4,2000
Ford Galaxy,131000,2011,0,Diesel,MPV,2.0L,Automatic,5,7,Euro 5,3995
SKODA Superb,140000,2014,3,Diesel,Estate,1.6L,Manual,5,5,Euro 5,3995
Ford Fiesta,84538,2013,0,Petrol,Hatchback,1.2L,Manual,3,5,Euro 5,4750
Vauxhall Astra,117000,2011,3,Diesel,Hatchback,2.0L,Manual,5,5,Euro 5,2495
SKODA Fabia,104000,2013,4,Diesel,Estate,1.6L,Manual,5,5,Euro 5,2500
Mercedes-Benz SL Class,52462,2003,1,Petrol,Convertible,3.7L,Automatic,2,2,Euro 3,4500
Fiat 500C,32890,2014,0,Petrol,Convertible,0.9L,Manual,2,4,Euro 6,6667
Vauxhall Insignia,110000,2016,0,Diesel,Hatchback,1.6L,Manual,5,5,Euro 6,4845
Volkswagen Polo,87100,2005,5,Petrol,Hatchback,1.2L,Manual,3,5,Euro 4,1895
Vauxhall Corsa,47988,2009,0,Petrol,Hatchback,1.2L,Manual,3,5,Euro 4,2995
Vauxhall Adam,67000,2014,0,Petrol,Hatchback,1.4L,Manual,3,4,Euro 5,4990
Audi A4,120000,2011,0,Diesel,Saloon,2.0L,Manual,4,5,Euro 5,5444
Volkswagen Beetle,82032,2006,0,Petrol,Hatchback,1.4L,Manual,3,5,Euro 4,3995
Hyundai i40,33000,2014,0,Diesel,Saloon,1.7L,Manual,4,5,Euro 5,6250
Volkswagen Golf,53860,2010,3,Petrol,Hatchback,1.4L,Manual,3,5,Euro 5,5817
Renault Clio,51000,2015,4,Diesel,Hatchback,1.5L,Manual,5,5,Euro 6,6500
Volkswagen Golf,114000,2010,7,Diesel,Hatchback,2.0L,Manual,5,5,Euro 5,4450
Mercedes-Benz C Class,116000,2012,7,Diesel,Saloon,2.1L,Automatic,4,5,Euro 5,6950
Vauxhall Astra,125000,2014,2,Diesel,Hatchback,1.6L,Manual,5,5,Euro 6,3095
Ford Fiesta,44497,2018,3,Petrol,Hatchback,1.0L,Manual,5,5,Euro 6,11000
Ford Fusion,75250,2011,2,Petrol,Hatchback,1.6L,Manual,5,5,Euro 5,3696
Ford Focus,113187,2008,2,Petrol,Hatchback,1.6L,Manual,5,5,Euro 4,1499
Vauxhall Adam,67000,2014,0,Petrol,Hatchback,1.4L,Manual,3,4,Euro 5,4990
Vauxhall Astra,61038,2007,0,Petrol,Hatchback,1.6L,Manual,3,5,Euro 4,2995
Toyota Aygo,68292,2018,1,Petrol,Hatchback,1.0L,Manual,5,4,Euro 6,6895
Renault Megane,100000,2012,2,Diesel,Hatchback,1.5L,Manual,5,5,Euro 5,2795
Vauxhall Insignia,67990,2014,0,Diesel,Hatchback,2.0L,Manual,5,5,Euro 5,6145
KIA Picanto,59000,2009,1,Petrol,Hatchback,1.1L,Manual,5,4,Euro 4,2500
Mazda RX-8,81700,2010,0,Petrol,Coupe,2.6L,Manual,4,4,Euro 4,7000
Volkswagen Polo,69810,2015,3,Petrol,Hatchback,1.0L,Manual,5,5,Euro 6,6780
Peugeot 208,73000,2013,5,Petrol,Hatchback,1.2L,Manual,5,5,Euro 5,4100
SEAT Ibiza,71961,2010,0,Petrol,Hatchback,1.4L,Manual,3,5,Euro 4,4350
Volkswagen Golf,138019,2009,3,Diesel,Hatchback,2.0L,Manual,5,5,Euro 5,2350
Ford C-max,97000,2008,0,Diesel,MPV,1.6L,Manual,5,5,Euro 4,3490
Ford Fiesta,42800,2007,0,Petrol,Hatchback,1.2L,Manual,3,5,Euro 4,2490
Vauxhall Astra,61038,2007,0,Petrol,Hatchback,1.6L,Manual,3,5,Euro 4,2995
Ford Focus,91000,2019,1,Petrol,Hatchback,1.5L,Manual,5,5,Euro 6,10970
BMW 5 Series,102358,2013,0,Diesel,Saloon,2.0L,Automatic,4,5,Euro 6,7795
Peugeot 208,52381,2020,1,Petrol,Hatchback,1.2L,Manual,5,5,Euro 6,11970
Citroen Xsara Picasso,77000,2006,3,Petrol,MPV,2.0L,Automatic,5,5,Euro 4,1850
Vauxhall Zafira,87000,2010,2,Petrol,MPV,1.6L,Manual,5,7,Euro 4,2495
Infiniti G,63409,2012,0,Petrol,Coupe,3.7L,Automatic,2,4,Euro 5,8888
Ford Focus,57000,2012,0,Petrol,Hatchback,1.6L,Manual,5,5,Euro 5,5495
Audi A3,100409,2013,3,Diesel,Hatchback,2.0L,Manual,3,5,Euro 5,7495
Citroen C4 Cactus,36000,2018,0,Petrol,Hatchback,1.2L,Manual,5,5,Euro 6,9990
Vauxhall Astra,114000,2008,6,Diesel,Hatchback,1.9L,Manual,3,5,Euro 4,1750
Ford C-max,84000,2012,0,Petrol,MPV,1.6L,Manual,5,5,Euro 5,4895
Renault Clio,70100,2012,2,Diesel,Hatchback,1.5L,Manual,3,5,Euro 5,2895
Ford Focus,91000,2019,1,Petrol,Hatchback,1.5L,Manual,5,5,Euro 6,10970
Vauxhall Corsa,47988,2009,0,Petrol,Hatchback,1.2L,Manual,3,5,Euro 4,2995
Vauxhall Corsa,58875,2015,2,Petrol,Hatchback,1.2L,Manual,3,5,Euro 6,6595
MINI Hatch,67000,2010,0,Petrol,Hatchback,1.6L,Automatic,3,4,Euro 5,6480
Volvo V40,114000,2013,0,Diesel,Hatchback,1.6L,Manual,5,5,Euro 5,3995
Vauxhall Corsa,82000,2013,2,Petrol,Hatchback,1.0L,Manual,3,5,Euro 5,2995
Subaru Outback,126000,2011,3,Petrol,Estate,2.5L,Automatic,5,5,Euro 5,4995
KIA RIO,33000,2014,1,Petrol,Hatchback,1.4L,Manual,5,5,Euro 5,7295
Vauxhall Astra,72000,2016,0,Petrol,Hatchback,1.0L,Manual,5,5,Euro 6,6980
SEAT Leon,53000,2010,0,Diesel,Hatchback,1.9L,Manual,5,5,Euro 4,3995
SKODA Fabia,89747,2007,0,Diesel,Hatchback,1.4L,Manual,5,5,Euro 4,2795
Volkswagen Polo,79000,2013,3,Diesel,Hatchback,1.6L,Manual,5,5,Euro 5,4990
Ford Fiesta,42800,2007,0,Petrol,Hatchback,1.2L,Manual,3,5,Euro 4,2490
Vauxhall Corsa,47988,2009,0,Petrol,Hatchback,1.2L,Manual,3,5,Euro 4,2995
Ford Focus,91000,2019,1,Petrol,Hatchback,1.5L,Manual,5,5,Euro 6,10970
Renault Megane,98000,2010,7,Diesel,Hatchback,1.5L,Manual,5,5,Euro 4,1995
Vauxhall Zafira,98000,2013,5,Petrol,MPV,1.6L,Manual,5,7,Euro 5,2495
Peugeot RCZ,58737,2011,4,Petrol,Coupe,1.6L,Manual,2,4,Euro 5,5695
Volkswagen Golf,61000,2001,5,Petrol,Hatchback,1.6L,Automatic,null,5,null,1895
Volkswagen Tiguan,107000,2009,0,Diesel,SUV,2.0L,Manual,5,5,Euro 5,4995
Infiniti M,58298,2014,2,Diesel,Saloon,3.0L,Automatic,4,5,Euro 5,7724
Hyundai Tucson,65979,2015,2,Diesel,SUV,1.7L,Manual,5,5,Euro 6,8995
SEAT Leon,76000,2017,0,Diesel,Hatchback,2.0L,Manual,5,null,null,10995
Suzuki Alto,74275,2013,4,Petrol,Hatchback,1.0L,Manual,5,4,Euro 5,2200
Ford KA,68837,2007,4,Petrol,Hatchback,null,Manual,null,null,null,2490
Subaru Impreza,130100,2001,5,Petrol,Saloon,2.0L,Manual,4,5,Euro 2,2395
Audi A4,80000,2012,0,Petrol,Saloon,1.8L,Manual,4,5,Euro 5,7990
Vauxhall Astra,28408,2005,0,Petrol,Hatchback,1.6L,Manual,5,5,Euro 4,3195
Land Rover Range Rover Sport,79123,2010,3,Diesel,SUV,3.0L,Automatic,5,5,Euro 4,7600
Fiat Panda,57000,2011,3,Petrol,Hatchback,1.2L,Manual,5,4,Euro 5,3195
Ford Focus,144000,2008,2,Diesel,Estate,1.6L,Manual,5,5,Euro 4,1995
Peugeot 207,72549,2014,1,Petrol,Convertible,1.6L,Manual,2,4,Euro 5,3652
Citroen C3,75000,2010,1,Petrol,Hatchback,1.4L,Manual,5,5,Euro 5,2650
Vauxhall Zafira Tourer,91000,2016,2,Diesel,MPV,1.6L,Manual,5,7,Euro 6,6000
SKODA Roomster,95547,2014,1,Diesel,MPV,1.6L,Manual,5,5,Euro 5,4397
Vauxhall Adam,62000,2013,3,Petrol,Hatchback,1.4L,Manual,3,4,Euro 5,5295
Fiat Punto EVO,106000,2010,2,Petrol,Hatchback,1.4L,Manual,3,5,Euro 5,1750
SEAT Leon,34000,2015,2,Diesel,Hatchback,1.6L,Manual,5,5,Euro 6,7895
Vauxhall Astra,136842,2014,1,Diesel,Estate,1.6L,Manual,5,5,Euro 6,2500
Vauxhall Astra,61038,2007,0,Petrol,Hatchback,1.6L,Manual,3,5,Euro 4,2995
Vauxhall Corsa,47988,2009,0,Petrol,Hatchback,1.2L,Manual,3,5,Euro 4,2995
KIA RIO,64000,2014,2,Petrol,Hatchback,1.3L,Manual,3,5,Euro 5,3840
Citroen C3,69500,2014,3,Petrol,Hatchback,1.2L,Manual,5,5,Euro 5,3995
Ford Fiesta,38000,2007,1,Petrol,Hatchback,1.3L,Manual,3,5,Euro 4,2295
Abarth 500,88000,2009,8,Petrol,Hatchback,1.4L,Manual,3,4,Euro 5,4950
Suzuki Splash,94000,2010,0,Petrol,MPV,1.2L,Manual,5,5,Euro 4,1995
Ford Fiesta,47000,2010,1,Petrol,Hatchback,1.4L,Manual,5,5,Euro 5,4795
Mazda Mazda2,63960,2008,2,Petrol,Hatchback,1.3L,Manual,3,5,Euro 4,2495
Audi A3,113000,2009,3,Diesel,Hatchback,2.0L,Automatic,5,5,Euro 4,3650
Nissan Juke,80000,2011,1,Petrol,SUV,1.6L,Manual,5,5,Euro 5,4750
BMW 1 Series,96000,2009,0,Diesel,Hatchback,2.0L,Manual,5,5,Euro 5,3995
Ford Fiesta,42800,2007,0,Petrol,Hatchback,1.2L,Manual,3,5,Euro 4,2490
Vauxhall Corsa,47988,2009,0,Petrol,Hatchback,1.2L,Manual,3,5,Euro 4,2995
Fiat 500C,87986,2010,0,Petrol,Convertible,1.2L,Manual,2,4,Euro 5,3995
Toyota Yaris,67176,2014,2,Petrol,Hatchback,1.3L,Manual,5,5,Euro 5,5450
Vauxhall Insignia,128000,2011,2,Diesel,Hatchback,2.0L,Manual,5,5,Euro 5,2095
Citroen Berlingo,125000,2012,0,Diesel,MPV,1.6L,Manual,5,5,Euro 5,3985
Peugeot 2008,90000,2015,0,Diesel,SUV,1.4L,Manual,5,5,Euro 5,4695
SKODA Superb,80000,2011,0,Petrol,Hatchback,1.8L,Automatic,5,5,Euro 5,6990
Vauxhall Corsa,82000,2007,0,Petrol,Hatchback,1.2L,Manual,3,5,Euro 4,1995
SEAT Leon,136782,2003,1,Petrol,Hatchback,1.8L,Manual,5,5,Euro 4,2495
Vauxhall Zafira,104000,2009,5,Diesel,MPV,1.9L,Automatic,5,7,Euro 4,2350
Toyota Prius,93000,2008,2,Petrol Hybrid,Hatchback,1.5L,Automatic,5,5,Euro 4,4795
MINI Hatch,52000,2013,0,Petrol,Hatchback,1.6L,Manual,3,4,Euro 5,5995
Ford Focus,113187,2008,2,Petrol,Hatchback,1.6L,Manual,5,5,Euro 4,1499
Ford Focus,91000,2019,1,Petrol,Hatchback,1.5L,Manual,5,5,Euro 6,10970
Ford Focus,91000,2019,1,Petrol,Hatchback,1.5L,Manual,5,5,Euro 6,10970
BMW 5 Series,166941,2011,0,Diesel,Saloon,3.0L,Automatic,4,5,Euro 5,5199
BMW 3 Series,110000,2009,0,Diesel,Saloon,2.0L,Automatic,4,5,Euro 5,4000
Volkswagen Beetle,84000,2005,5,Petrol,Hatchback,1.6L,Manual,3,4,Euro 4,1295
Audi A3,148000,2007,6,Diesel,Hatchback,2.0L,Automatic,5,5,Euro 4,2395
Audi A4 Avant,112000,2014,4,Diesel,Estate,2.0L,Manual,5,5,Euro 5,7995
Suzuki SX4,58000,2008,0,Diesel,SUV,1.6L,Manual,5,5,Euro 4,3795
Peugeot 107,76100,2011,2,Petrol,Hatchback,1.0L,Manual,3,4,Euro 5,2495
Ford Fiesta,112000,2011,4,Petrol,Hatchback,1.3L,Manual,3,5,Euro 5,2495
Ford Fiesta,73623,2014,1,Petrol,Hatchback,1.0L,Manual,5,5,Euro 5,5480
BMW 1 Series,102000,2014,0,Diesel,Hatchback,2.0L,Manual,5,5,Euro 5,6295
Subaru Impreza,130100,2001,5,Petrol,Saloon,2.0L,Manual,4,5,Euro 2,2395
Ford Focus,91000,2019,1,Petrol,Hatchback,1.5L,Manual,5,5,Euro 6,10970
Vauxhall Astra,28408,2005,0,Petrol,Hatchback,1.6L,Manual,5,5,Euro 4,3195
Ford Focus,90000,2012,1,Petrol,Hatchback,1.6L,Manual,5,5,Euro 5,4795
Vauxhall Zafira Tourer,66000,2012,4,Diesel,MPV,2.0L,Manual,5,7,Euro 5,3850
Volkswagen CC,136000,2014,2,Diesel,Saloon,2.0L,Automatic,4,5,Euro 5,5995
Honda Civic,99355,2011,0,Petrol,Hatchback,1.3L,Manual,5,5,Euro 5,3490
Ford Fiesta,53450,2006,0,Petrol,Hatchback,1.4L,Manual,3,5,Euro 4,2395
BMW X1,119000,2015,3,Diesel,SUV,2.0L,Manual,5,5,Euro 6,10295
Smart Fortwo,39000,2013,0,Diesel,Convertible,0.8L,Automatic,2,2,Euro 5,5400
Mercedes-Benz E Class,126000,2011,2,Diesel,Saloon,3.0L,Automatic,4,5,Euro 5,5395
KIA Picanto,56000,2010,3,Petrol,Hatchback,1.1L,Manual,5,4,Euro 4,2699
Citroen C4 Cactus,72700,2015,2,Diesel,Hatchback,1.6L,Manual,5,5,Euro 6,5550
Volvo V70,274100,2004,6,Petrol,Estate,2.4L,Automatic,5,5,Euro 3,795
Audi A4,80000,2012,0,Petrol,Saloon,1.8L,Manual,4,5,Euro 5,7990
Fiat 500C,87986,2010,0,Petrol,Convertible,1.2L,Manual,2,4,Euro 5,3995
Peugeot 3008,31500,2016,0,Diesel,SUV,1.6L,Manual,5,5,Euro 5,5995
Peugeot 2008,37000,2014,0,Petrol,SUV,1.2L,Manual,5,5,Euro 5,6790
Vauxhall Astra,113000,2013,2,Petrol,Estate,1.6L,Manual,5,5,Euro 5,3295
Ford Mondeo,101100,2017,0,Diesel,Hatchback,1.5L,Manual,5,5,Euro 6,6999
BMW 5 SERIES,158930,2016,1,Diesel,Saloon,2.0L,Automatic,4,5,Euro 6,8494
BMW 3 Series,109000,2013,0,Diesel,Saloon,3.0L,Automatic,4,5,Euro 5,9989
Fiat 500,102858,2010,0,Petrol,Hatchback,1.2L,Manual,3,4,Euro 5,3395
Ford Focus,113000,2010,4,Petrol,Hatchback,1.6L,Manual,5,5,Euro 4,2245
KIA Ceed,52000,2013,2,Diesel,Hatchback,1.6L,Manual,5,5,Euro 5,6495
Fiat 500,73997,2014,5,Petrol,Hatchback,1.2L,Manual,3,4,Euro 6,3695
Volkswagen Polo,87100,2005,5,Petrol,Hatchback,1.2L,Manual,3,5,Euro 4,1895
Vauxhall Astra,28408,2005,0,Petrol,Hatchback,1.6L,Manual,5,5,Euro 4,3195
Vauxhall Corsa,79011,2007,0,Petrol,Hatchback,1.4L,Manual,3,5,Euro 4,2995
Hyundai i20,66933,2012,0,Petrol,Hatchback,1.4L,Manual,5,5,Euro 5,4500
Vauxhall Astra,87799,2009,0,Petrol,Hatchback,1.6L,Manual,3,5,Euro 4,2495
Toyota Avensis,117562,2003,2,Petrol,Hatchback,1.8L,Automatic,5,5,Euro 4,1995
Citroen C4 Cactus,119618,2015,2,Diesel,Hatchback,1.6L,Manual,5,5,Euro 6,3800
SKODA Fabia,20900,2014,0,Petrol,Hatchback,1.2L,Manual,5,5,Euro 5,5689
Toyota Auris,80000,2007,0,Petrol,Hatchback,1.6L,Manual,5,5,Euro 4,2795
Audi A3,142136,2011,3,Diesel,Hatchback,2.0L,Manual,5,5,Euro 5,3690
Nissan Juke,52000,2013,2,Petrol,SUV,1.6L,Manual,5,5,Euro 5,6500
MINI Hatch,69000,2017,1,Diesel,Hatchback,1.5L,Manual,5,5,Euro 6,7995
Dacia Sandero Stepway,74000,2016,2,Diesel,Hatchback,1.5L,Manual,5,5,Euro 6,5995
Ford Focus,113187,2008,2,Petrol,Hatchback,1.6L,Manual,5,5,Euro 4,1499
Ford Focus,91000,2019,1,Petrol,Hatchback,1.5L,Manual,5,5,Euro 6,10970
Vauxhall Adam,67000,2014,0,Petrol,Hatchback,1.4L,Manual,3,4,Euro 5,4990
Hyundai IX35,62160,2012,3,Petrol,SUV,1.6L,Manual,5,5,Euro 5,6595
Dacia Sandero Stepway,39000,2017,3,Diesel,Hatchback,1.5L,Manual,5,5,Euro 6,6793
Peugeot 208,72040,2017,4,Diesel,Hatchback,1.6L,Manual,5,5,Euro 6,6795
Audi A4,106000,2009,3,Diesel,Saloon,2.0L,Manual,4,5,Euro 4,2495
Vauxhall Corsa,47988,2009,0,Petrol,Hatchback,1.2L,Manual,3,5,Euro 4,2995
Renault Clio,64267,2000,4,Petrol,Hatchback,2.0L,Manual,3,5,Euro 2,3699
Audi A3,110000,2013,0,Diesel,Hatchback,2.0L,Manual,5,5,Euro 5,7900
Hyundai i30,65220,2011,2,Petrol,Hatchback,1.4L,Manual,5,5,Euro 5,3450
SKODA Superb,87000,2014,0,Diesel,Estate,2.0L,Manual,5,5,Euro 5,7750
Toyota Yaris,96426,2012,0,Petrol,Hatchback,1.3L,Manual,5,5,Euro 5,3999
Renault Clio,120863,2012,0,Petrol,Hatchback,1.1L,Manual,3,5,Euro 5,1990
Vauxhall Adam,67000,2014,0,Petrol,Hatchback,1.4L,Manual,3,4,Euro 5,4990
Vauxhall Astra,28408,2005,0,Petrol,Hatchback,1.6L,Manual,5,5,Euro 4,3195
Ford Fiesta,86500,2007,3,Petrol,Hatchback,1.4L,Manual,5,5,Euro 4,1595
Ford Mondeo,92000,2011,4,Diesel,Estate,2.0L,Manual,5,5,Euro 5,3595
BMW 1 Series,87000,2015,3,Diesel,Hatchback,2.0L,Manual,5,5,Euro 5,8990
Mazda Mazda6,87898,2013,1,Diesel,Estate,2.2L,Manual,5,5,Euro 6,6800
Vauxhall Corsa,79000,2016,0,Petrol,Hatchback,1.4L,Manual,5,5,Euro 6,5000
Renault Clio,29740,2015,3,Petrol,Hatchback,0.9L,Manual,5,5,Euro 5,7799
Mercedes-Benz C-class,122000,2014,0,Diesel,Saloon,2.1L,Automatic,4,5,Euro 5,6000
SEAT Ibiza,38364,2009,2,Petrol,Hatchback,1.2L,Manual,3,5,Euro 4,4295
KIA Picanto,30213,2009,1,Petrol,Hatchback,1.0L,Manual,5,4,Euro 4,2990
Peugeot 308,98000,2012,3,Diesel,Hatchback,1.6L,Manual,5,5,Euro 5,2995
Vauxhall Astra,136842,2014,1,Diesel,Estate,1.6L,Manual,5,5,Euro 6,2500
Vauxhall Astra,28408,2005,0,Petrol,Hatchback,1.6L,Manual,5,5,Euro 4,3195
Fiat 500C,87986,2010,0,Petrol,Convertible,1.2L,Manual,2,4,Euro 5,3995
Mercedes-Benz E Class,73100,2002,5,Petrol,Saloon,5.0L,Automatic,4,5,Euro 3,3995
Mercedes-Benz E Class,112857,2011,0,Diesel,Convertible,3.0L,Automatic,2,4,Euro 5,6950
Mercedes-Benz C-class,77000,2014,0,Diesel,Coupe,2.1L,Automatic,2,4,Euro 5,9900
Land Rover Range Rover Sport,95000,2007,6,Diesel,SUV,2.7L,Automatic,5,5,Euro 4,4995
Ford KA,47506,2011,3,Petrol,Hatchback,1.2L,Manual,3,4,Euro 5,3200
Ford Fiesta,86000,2009,4,Petrol,Hatchback,1.4L,Manual,5,5,Euro 4,2250
Vauxhall Corsa,35000,2014,2,Petrol,Hatchback,1.2L,Manual,5,5,Euro 5,5495
SKODA Fabia,89644,2003,0,Diesel,Saloon,1.9L,Manual,4,5,Euro 3,2495
Nissan X-trail,46010,2018,2,Diesel,SUV,1.6L,Manual,5,5,Euro 6,15699
Renault Clio,70100,2012,2,Diesel,Hatchback,1.5L,Manual,3,5,Euro 5,2895
Fiat 500C,87986,2010,0,Petrol,Convertible,1.2L,Manual,2,4,Euro 5,3995
Toyota IQ,85489,2009,0,Petrol,Hatchback,1.3L,Manual,3,4,Euro 4,3495
Volkswagen Scirocco,124000,2016,1,Diesel,Hatchback,2.0L,Manual,3,4,Euro 6,9750
Mitsubishi Shogun,158000,2008,4,Diesel,SUV,3.2L,Automatic,5,7,Euro 4,5990
Hyundai i40,50094,2013,4,Diesel,Saloon,1.7L,Automatic,4,5,Euro 5,6949
Fiat 500,93200,2011,3,Petrol,Hatchback,1.2L,Manual,3,4,Euro 5,3195
Ford Mondeo,97000,2017,1,Diesel,Hatchback,2.0L,Manual,5,5,Euro 6,8940
Vauxhall Adam,86000,2014,0,Petrol,Hatchback,1.2L,Manual,3,4,Euro 5,3995
Vauxhall Insignia,162000,2011,3,Diesel,Hatchback,2.0L,Manual,5,5,Euro 5,1995
Vauxhall Insignia,74000,2015,0,Diesel,Hatchback,2.0L,Manual,5,5,Euro 5,5777
Vauxhall Corsa,75500,2012,0,Petrol,Hatchback,1.2L,Manual,3,5,Euro 5,2995
Toyota Aygo,98720,2010,4,Petrol,Hatchback,1.0L,Manual,5,4,Euro 4,2450
Peugeot 407,144100,2007,4,Diesel,Saloon,2.0L,Manual,4,5,Euro 4,995
Toyota IQ,85489,2009,0,Petrol,Hatchback,1.3L,Manual,3,4,Euro 4,3495
Vauxhall Corsa,79011,2007,0,Petrol,Hatchback,1.4L,Manual,3,5,Euro 4,2995
KIA Ceed,78000,2013,1,Diesel,Hatchback,1.6L,Automatic,5,5,Euro 5,6295
Audi A3 Cabriolet,63000,2012,0,Diesel,Convertible,2.0L,Manual,2,4,Euro 5,6995
Ford Focus,85694,2014,1,Petrol,Hatchback,1.0L,Manual,5,5,Euro 5,4999
Volkswagen Tiguan,70000,2009,4,Petrol,SUV,2.0L,Automatic,5,5,Euro 4,5995
Volkswagen Polo,72000,2014,0,Petrol,Hatchback,1.2L,Manual,5,5,Euro 5,6250
DS Automobiles DS 3,62000,2016,2,Petrol,Hatchback,1.2L,Manual,3,5,Euro 6,6493
Audi A4,80000,2012,0,Petrol,Saloon,1.8L,Manual,4,5,Euro 5,7990
Ford Focus,90000,2011,0,Diesel,Hatchback,2.0L,Automatic,5,5,Euro 5,4495
Vauxhall Astra GTC,63000,2013,2,Petrol,Coupe,1.6L,Manual,3,5,Euro 5,4995
Vauxhall Astra,122000,2012,2,Diesel,Hatchback,1.7L,Manual,5,5,Euro 5,2495
Renault Clio,70100,2012,2,Diesel,Hatchback,1.5L,Manual,3,5,Euro 5,2895
Vauxhall Astra,61038,2007,0,Petrol,Hatchback,1.6L,Manual,3,5,Euro 4,2995
Vauxhall Astra,61038,2007,0,Petrol,Hatchback,1.6L,Manual,3,5,Euro 4,2995
MINI Hatch,23752,2013,0,Petrol,Hatchback,1.6L,Manual,3,4,Euro 5,8290
Toyota Yaris,90924,2002,0,Petrol,Hatchback,1.3L,Manual,5,5,Euro 3,1295
Mercedes-Benz C Class,155000,2009,2,Diesel,Saloon,2.1L,Automatic,4,5,Euro 5,2995
Volkswagen Scirocco,133319,2013,2,Diesel,Hatchback,2.0L,Manual,3,4,Euro 5,4995
BMW 2 Series,59000,2014,5,Diesel,Coupe,2.0L,Automatic,2,4,Euro 6,13950
Mazda MX-5,27758,2009,2,Petrol,Convertible,2.0L,Automatic,2,2,Euro 4,6989
Honda Jazz,62427,2009,0,Petrol,Hatchback,1.3L,Manual,5,5,Euro 4,4295
Hyundai I20,59525,2011,2,Petrol,Hatchback,1.2L,Manual,5,5,Euro 5,3750
Mercedes-Benz CLK,61320,2002,2,Petrol,Convertible,2.0L,Automatic,2,4,Euro 3,2995
Audi A1,137000,2011,3,Petrol,Hatchback,1.4L,Manual,3,5,Euro 5,3890
Ford Focus,113187,2008,2,Petrol,Hatchback,1.6L,Manual,5,5,Euro 4,1499
Ford Focus,91000,2019,1,Petrol,Hatchback,1.5L,Manual,5,5,Euro 6,10970
Vauxhall Corsa,47988,2009,0,Petrol,Hatchback,1.2L,Manual,3,5,Euro 4,2995
Hyundai I30,57000,2014,0,Diesel,Hatchback,1.6L,Manual,5,5,Euro 5,6495
MINI Hatch,95729,2009,0,Petrol,Hatchback,1.6L,Manual,3,4,Euro 4,3095
Mazda Mazda2,96302,2008,0,Petrol,Hatchback,1.3L,Manual,5,5,Euro 4,1695
Vauxhall Corsa,23487,2020,1,Petrol,Hatchback,1.2L,Manual,5,5,Euro 6,10990
Vauxhall Astra,82000,2007,2,Petrol,Convertible,1.6L,Manual,2,4,Euro 4,1995
BMW 2 Series,95000,2014,0,Diesel,Coupe,2.0L,Manual,2,4,Euro 6,9290
Toyota Corolla,25995,2003,0,Petrol,Hatchback,1.4L,Manual,5,5,Euro 4,2495
Audi A1,65059,2017,0,Diesel,Hatchback,1.6L,Manual,5,5,Euro 6,9750
Nissan X-trail,81000,2012,3,Diesel,SUV,2.0L,Manual,5,5,Euro 5,8495
Mercedes-Benz S Class,152000,2008,3,Diesel,Saloon,3.0L,Automatic,4,5,Euro 4,3795
Renault Clio,70100,2012,2,Diesel,Hatchback,1.5L,Manual,3,5,Euro 5,2895
Vauxhall Corsa,47988,2009,0,Petrol,Hatchback,1.2L,Manual,3,5,Euro 4,2995
Vauxhall Adam,67000,2014,0,Petrol,Hatchback,1.4L,Manual,3,4,Euro 5,4990
Honda Jazz,150000,2005,0,Petrol,Hatchback,1.3L,Automatic,5,5,Euro 4,2195
SEAT Leon,91000,2014,0,Diesel,Hatchback,2.0L,Manual,3,5,Euro 5,6995
Volvo S60,85000,2011,3,Diesel,Saloon,2.0L,Automatic,4,5,Euro 5,6700
MINI Hatch ONE,60711,2015,0,Petrol,Hatchback,1.2L,Manual,3,4,Euro 6,7995
Renault Clio,22752,2013,2,Petrol,Hatchback,1.2L,Manual,5,5,Euro 5,6895
Honda Cr-z,107000,2011,7,Petrol Hybrid,Coupe,1.5L,Manual,3,4,Euro 5,5200
MINI Countryman,57980,2013,4,Petrol,SUV,1.6L,Manual,5,5,Euro 6,6999
Hyundai i10,71000,2016,3,Petrol,Hatchback,1.0L,Manual,5,5,Euro 5,5295
Renault Grand Espace,112744,2007,0,Diesel,MPV,2.0L,Automatic,5,7,Euro 4,5250
Ford Fiesta,59811,2007,2,Petrol,Hatchback,1.3L,Manual,3,5,Euro 4,2490
Mercedes-Benz C Class,88000,2010,0,Diesel,Saloon,3.0L,Automatic,4,5,Euro 5,6295
Peugeot 108,71075,2016,2,Petrol,Hatchback,1.0L,Manual,5,4,Euro 6,4999
Mercedes-Benz E Class,99000,2014,4,Diesel,Saloon,2.1L,Automatic,4,5,Euro 5,5995
Jaguar XF,66000,2014,0,Diesel,Saloon,3.0L,Automatic,4,5,Euro 5,11490
Renault Clio,120863,2012,0,Petrol,Hatchback,1.1L,Manual,3,5,Euro 5,1990
Vauxhall Astra,61038,2007,0,Petrol,Hatchback,1.6L,Manual,3,5,Euro 4,2995
Vauxhall Astra,61038,2007,0,Petrol,Hatchback,1.6L,Manual,3,5,Euro 4,2995
SKODA Fabia,70000,2017,1,Petrol,Hatchback,1.0L,Manual,5,5,Euro 6,6495
Fiat 500,45000,2016,2,Petrol,Hatchback,1.2L,Manual,3,4,Euro 6,5900
BMW 2 Series,57851,2014,1,Diesel,Coupe,2.0L,Manual,2,4,Euro 6,7500
Nissan QASHQAI+2,84642,2010,2,Diesel,SUV,1.5L,Manual,5,7,Euro 4,5995
Jaguar S-type,98000,2005,0,Diesel,Saloon,2.7L,Automatic,4,5,Euro 4,2995
Volkswagen Tiguan,115000,2009,3,Diesel,SUV,2.0L,Automatic,5,5,Euro 4,4295
Ford KA,76191,2009,2,Petrol,Hatchback,1.2L,Manual,3,4,Euro 4,2850
Vauxhall Mokka,78000,2015,0,Petrol,SUV,1.6L,Manual,5,5,Euro 6,6490
Alfa Romeo Mito,82000,2013,0,Petrol,Hatchback,1.4L,Manual,3,4,Euro 5,2995
Ford Mondeo,113000,2011,3,Diesel,Hatchback,1.6L,Manual,5,5,Euro 5,2995
Ford Focus,113187,2008,2,Petrol,Hatchback,1.6L,Manual,5,5,Euro 4,1499
Vauxhall Astra,61038,2007,0,Petrol,Hatchback,1.6L,Manual,3,5,Euro 4,2995
Vauxhall Astra,61038,2007,0,Petrol,Hatchback,1.6L,Manual,3,5,Euro 4,2995
Vauxhall Astra GTC,67100,2013,3,Petrol,Coupe,1.4L,Automatic,3,5,Euro 5,5099
Mercedes-Benz C Class,89500,2005,0,Petrol,Coupe,1.8L,Automatic,2,4,Euro 3,2495
BMW 1 Series,74000,2015,0,Diesel,Hatchback,2.0L,Manual,5,5,Euro 6,10895
Volkswagen Passat,91350,2014,2,Diesel,Estate,2.0L,Manual,5,5,Euro 5,7750
BMW 4 SERIES,109000,2015,0,Diesel,Hatchback,3.0L,Automatic,5,5,Euro 6,15000
Citroen C3,61843,2010,2,Petrol,Hatchback,1.4L,Manual,5,5,Euro 5,3450
Mercedes-Benz A Class,106000,2019,2,Petrol,Hatchback,1.3L,Manual,5,5,Euro 6,13995
Mercedes-Benz E Class,82856,2014,5,Diesel,Saloon,2.1L,Automatic,4,5,Euro 5,8950
Dacia Logan MCV,62000,2015,4,Diesel,Estate,1.5L,Manual,5,5,Euro 5,5500
Vauxhall Astra,136842,2014,1,Diesel,Estate,1.6L,Manual,5,5,Euro 6,2500
Vauxhall Astra,61038,2007,0,Petrol,Hatchback,1.6L,Manual,3,5,Euro 4,2995
Fiat 500C,87986,2010,0,Petrol,Convertible,1.2L,Manual,2,4,Euro 5,3995
Audi A4 Avant,105000,2010,3,Diesel,Estate,3.0L,Automatic,5,5,Euro 5,5995
Peugeot 107,46477,2011,0,Petrol,Hatchback,1.0L,Manual,5,4,Euro 5,3285
Fiat 500,54496,2011,0,Petrol,Hatchback,1.2L,Manual,3,4,Euro 5,4995
Fiat Panda,108000,2011,2,Petrol,Hatchback,1.2L,Manual,5,4,Euro 5,1895
KIA Sportage,93125,2009,0,Diesel,SUV,2.0L,Manual,5,5,Euro 4,2995
Nissan X-trail,141000,2006,0,Diesel,SUV,2.2L,Manual,5,5,Euro 4,2490
Volkswagen Golf,95000,2013,5,Diesel,Estate,1.6L,Manual,5,5,Euro 5,5495
Citroen DS3,106000,2010,5,Diesel,Hatchback,1.6L,Manual,3,5,Euro 5,2495
Honda Jazz,80147,2002,0,Petrol,Hatchback,1.4L,Manual,5,5,Euro 3,1695
Peugeot 107,100000,2010,0,Petrol,Hatchback,1.0L,Manual,3,4,Euro 4,2150
Vauxhall Vectra,52200,2007,0,Petrol,Hatchback,1.8L,Manual,5,5,Euro 4,2250
Fiat 500C,87986,2010,0,Petrol,Convertible,1.2L,Manual,2,4,Euro 5,3995
Vauxhall Corsa,79011,2007,0,Petrol,Hatchback,1.4L,Manual,3,5,Euro 4,2995
Hyundai I30,112207,2014,1,Diesel,Hatchback,1.4L,Manual,5,5,Euro 5,4195
Ford Fiesta,50181,2013,2,Petrol,Hatchback,1.0L,Manual,5,5,Euro 5,6595
Audi A3,81000,2011,6,Petrol,Hatchback,1.8L,Manual,3,5,Euro 5,5450
Jaguar XF,94000,2015,5,Diesel,Saloon,2.2L,Automatic,4,5,Euro 5,8900
BMW 5 Series,104000,2015,0,Diesel,Saloon,2.0L,Automatic,4,null,null,11490
Fiat Panda,102000,2009,0,Petrol,Hatchback,1.1L,Manual,5,4,Euro 4,1495
Toyota Yaris,47801,2009,0,Petrol,Hatchback,1.3L,Manual,5,5,Euro 4,3990
Vauxhall Insignia Grand Sport,125000,2019,1,Diesel,Hatchback,1.6L,Manual,5,5,Euro 6,7447
BMW 1 Series,40000,2013,0,Diesel,Hatchback,1.6L,Manual,5,5,Euro 5,8145
Toyota Yaris,99000,2013,2,Diesel,Hatchback,1.4L,Manual,5,5,Euro 5,3995
Ford Focus,113187,2008,2,Petrol,Hatchback,1.6L,Manual,5,5,Euro 4,1499
Ford Focus,91000,2019,1,Petrol,Hatchback,1.5L,Manual,5,5,Euro 6,10970
Toyota IQ,85489,2009,0,Petrol,Hatchback,1.3L,Manual,3,4,Euro 4,3495
Vauxhall Corsa,53000,2009,0,Petrol,Hatchback,1.2L,Manual,5,5,Euro 4,2695
KIA Picanto,65400,2015,0,Petrol,Hatchback,1.0L,Manual,5,5,Euro 6,4970
Vauxhall Insignia,71518,2016,4,Petrol,Hatchback,2.0L,Manual,5,5,Euro 6,8000
Mercedes-Benz A Class,51098,2017,0,Diesel,Hatchback,1.5L,Manual,5,5,Euro 6,11990
Honda Civic,93065,2005,0,Petrol,Hatchback,2.0L,Manual,3,4,Euro 3,7699
Mercedes-Benz B-class,90000,2012,0,Diesel,MPV,1.8L,Automatic,5,5,Euro 5,8000
KIA Optima,60270,2012,5,Diesel,Saloon,1.7L,Automatic,4,5,Euro 5,5500
Audi A3,55500,2012,4,Diesel,Hatchback,2.0L,Manual,3,5,Euro 5,6499
Volvo V40,118000,2013,4,Diesel,Hatchback,1.6L,Manual,5,5,Euro 5,4250
Ford Fiesta,43456,2018,0,Petrol,Hatchback,1.0L,Manual,5,5,Euro 6,10640
Peugeot 407,144100,2007,4,Diesel,Saloon,2.0L,Manual,4,5,Euro 4,995
Toyota IQ,85489,2009,0,Petrol,Hatchback,1.3L,Manual,3,4,Euro 4,3495
Vauxhall Corsa,79011,2007,0,Petrol,Hatchback,1.4L,Manual,3,5,Euro 4,2995
Ford Kuga,124000,2010,7,Diesel,SUV,2.0L,Manual,5,5,Euro 5,3995
Peugeot 208,32046,2016,0,Petrol,Hatchback,1.2L,Manual,5,5,Euro 6,7444
BMW X1,75405,2011,0,Diesel,SUV,2.0L,Automatic,5,5,Euro 5,7995
Toyota Aygo,53700,2013,2,Petrol,Hatchback,1.0L,Manual,5,4,Euro 5,3895
Citroen C3,56425,2017,2,Petrol,Hatchback,1.2L,Manual,5,5,Euro 6,7999
Land Rover Range Rover Sport,54000,2010,0,Diesel,SUV,3.0L,Automatic,5,5,Euro 4,12490
Vauxhall Astra,92300,2013,0,Diesel,Estate,2.0L,Automatic,5,5,Euro 5,4495
KIA Sorento,125000,2005,4,Diesel,SUV,2.5L,Manual,5,5,Euro 2,1795
Peugeot 308,107000,2012,2,Diesel,Hatchback,1.6L,Manual,5,5,Euro 5,2495
Peugeot 207 CC,68000,2009,0,Petrol,Convertible,1.6L,Manual,2,4,Euro 5,2000
Peugeot 407,144100,2007,4,Diesel,Saloon,2.0L,Manual,4,5,Euro 4,995
Vauxhall Corsa,79011,2007,0,Petrol,Hatchback,1.4L,Manual,3,5,Euro 4,2995
Audi A4,80000,2012,0,Petrol,Saloon,1.8L,Manual,4,5,Euro 5,7990
Chevrolet Captiva,71512,2012,2,Diesel,SUV,2.2L,Automatic,5,7,Euro 5,5999
Toyota Aygo,17000,2014,0,Petrol,Hatchback,1.0L,Manual,3,4,Euro 5,3950
Ford Fiesta,51700,2016,2,Petrol,Hatchback,1.0L,Manual,3,5,Euro 6,7780
Renault Clio,104858,2010,0,Diesel,Estate,1.5L,Manual,5,5,Euro 4,2499
Toyota Aygo,73001,2012,3,Petrol,Hatchback,1.0L,Manual,3,4,Euro 5,3290
BMW 3 Series,131000,2005,7,Diesel,Estate,2.0L,Automatic,5,5,Euro 4,3450
Volkswagen Polo,95555,2015,2,Petrol,Hatchback,1.2L,Manual,3,5,Euro 6,6495
Jaguar XF,125000,2015,3,Diesel,Estate,2.2L,Automatic,5,5,Euro 5,8995
Nissan Qashqai,94900,2015,4,Diesel,SUV,1.5L,Manual,5,5,Euro 6,5995
Volkswagen Polo,87100,2005,5,Petrol,Hatchback,1.2L,Manual,3,5,Euro 4,1895
Vauxhall Corsa,47988,2009,0,Petrol,Hatchback,1.2L,Manual,3,5,Euro 4,2995
Toyota Yaris,81224,2006,0,Petrol,Hatchback,1.0L,Manual,3,5,Euro 4,2995
BMW 3 SERIES,57000,2016,2,Diesel,Saloon,2.0L,Manual,4,5,Euro 6,12800
Audi A3,81000,2011,4,Diesel,Hatchback,2.0L,Manual,3,5,Euro 5,6250
Peugeot 308,98885,2010,0,Petrol,Convertible,1.6L,Manual,2,4,Euro 5,1995
Vauxhall Zafira,120000,2010,5,Diesel,MPV,1.9L,Automatic,5,7,Euro 4,1800
Suzuki Grand Vitara,24629,2011,3,Petrol,SUV,1.6L,Manual,3,5,Euro 5,6495
Mercedes-Benz CLK,77000,2004,2,Petrol,Coupe,1.8L,Automatic,2,4,Euro 3,2699
KIA RIO,55635,2012,4,Petrol,Hatchback,1.4L,Manual,5,5,Euro 5,4200
Mercedes-Benz B Class,25224,2014,1,Diesel,MPV,1.5L,Manual,5,5,Euro 5,9870
Vauxhall Astra,116000,2017,3,Diesel,Estate,1.6L,Manual,5,5,Euro 6,4993
Hyundai i30,110000,2008,0,Diesel,Hatchback,2.0L,Manual,5,5,Euro 4,1998
Subaru Impreza,130100,2001,5,Petrol,Saloon,2.0L,Manual,4,5,Euro 2,2395
Toyota Yaris,81224,2006,0,Petrol,Hatchback,1.0L,Manual,3,5,Euro 4,2995
Vauxhall Corsa,47988,2009,0,Petrol,Hatchback,1.2L,Manual,3,5,Euro 4,2995
Hyundai I10,50562,2012,2,Petrol,Hatchback,1.2L,Manual,5,5,Euro 5,3990
Vauxhall Corsa,34685,2017,2,Petrol,Hatchback,1.4L,Manual,3,5,Euro 6,6700
Mazda CX-3,55400,2015,3,Diesel,SUV,1.5L,Manual,5,5,Euro 6,8495
SEAT Ibiza,49377,2007,0,Petrol,Hatchback,1.4L,Manual,5,5,Euro 4,1795
BMW X1,70876,2014,0,Diesel,SUV,2.0L,Manual,5,5,Euro 5,8495
Ford Mondeo,80000,2013,3,Diesel,Hatchback,2.0L,Manual,5,5,Euro 5,5675
Ford Focus,57727,2017,2,Petrol,Hatchback,1.0L,Automatic,5,5,Euro 6,11225
Hyundai i10,68100,2011,5,Petrol,Hatchback,1.2L,Manual,5,5,Euro 5,2495
Ford Focus,66436,2011,1,Petrol,Hatchback,1.6L,Manual,5,5,Euro 5,4785
Toyota Verso,71504,2015,0,Diesel,MPV,1.6L,Manual,5,7,Euro 6,8995
Volvo V70,274100,2004,6,Petrol,Estate,2.4L,Automatic,5,5,Euro 3,795
Vauxhall Adam,67000,2014,0,Petrol,Hatchback,1.4L,Manual,3,4,Euro 5,4990
Fiat 500C,87986,2010,0,Petrol,Convertible,1.2L,Manual,2,4,Euro 5,3995
Renault Captur,50600,2014,2,Petrol,SUV,0.9L,Manual,5,5,Euro 5,5498
Fiat 500C,67601,2010,0,Petrol,Convertible,1.4L,Automatic,2,4,Euro 5,5750
Ford Mondeo,123000,2008,5,Diesel,Hatchback,2.0L,Manual,5,5,Euro 4,2445
Volkswagen Golf,69354,2004,0,Petrol,Hatchback,1.6L,Manual,5,5,Euro 4,2550
Audi Q7,144000,2011,3,Diesel,SUV,3.0L,Automatic,5,7,Euro 5,7499
Citroen C3,76000,2019,1,Petrol,Hatchback,1.2L,Manual,5,5,Euro 6,7970
MINI Clubman,64000,2012,0,Diesel,Estate,1.6L,Manual,5,5,Euro 5,6700
BMW X1,105000,2011,2,Diesel,SUV,2.0L,Manual,5,5,Euro 5,4895
BMW 3 Series,92080,2013,2,Diesel,Convertible,2.0L,Manual,2,4,Euro 5,6390
Vauxhall Astra,108257,2007,0,Petrol,Hatchback,1.6L,Manual,5,5,Euro 4,1495
Volvo V70,274100,2004,6,Petrol,Estate,2.4L,Automatic,5,5,Euro 3,795
Toyota Yaris,81224,2006,0,Petrol,Hatchback,1.0L,Manual,3,5,Euro 4,2995
Ford Focus,91000,2019,1,Petrol,Hatchback,1.5L,Manual,5,5,Euro 6,10970
Volkswagen Tiguan,71396,2018,1,Diesel,SUV,2.0L,Manual,5,5,Euro 6,14250
BMW X1,90000,2013,7,Diesel,SUV,2.0L,Manual,5,5,Euro 5,6850
Mercedes-Benz A Class,79500,2015,2,Diesel,Hatchback,1.5L,Automatic,5,5,Euro 6,9250
Vauxhall Corsa,25857,2007,0,Petrol,Hatchback,1.2L,Manual,5,5,Euro 4,3495
Vauxhall Antara,86101,2013,3,Diesel,SUV,2.2L,Automatic,5,5,Euro 5,3240
BMW 3 Series,54000,2013,0,Diesel,Saloon,2.0L,Automatic,4,5,Euro 5,9995
Jaguar XF,68085,2013,2,Diesel,Saloon,2.2L,Automatic,4,5,Euro 5,7749
Honda Civic,109000,2018,2,Diesel,Hatchback,1.6L,Manual,5,5,Euro 6,9395
Jaguar XJ,95000,2011,5,Diesel,Saloon,3.0L,Automatic,null,5,null,8000
Ford Fiesta,146000,2008,4,Petrol,Hatchback,2.0L,Manual,3,5,Euro 4,2695
Vauxhall Astra,136842,2014,1,Diesel,Estate,1.6L,Manual,5,5,Euro 6,2500
Ford Focus,91000,2019,1,Petrol,Hatchback,1.5L,Manual,5,5,Euro 6,10970
Toyota Yaris,81224,2006,0,Petrol,Hatchback,1.0L,Manual,3,5,Euro 4,2995
Fiat 500,32000,2015,0,Petrol,Hatchback,0.9L,Manual,3,4,Euro 6,6990
Peugeot 107,97100,2010,5,Petrol,Hatchback,1.0L,Manual,5,4,Euro 4,1995
Mercedes-Benz C Class,167794,2007,0,Diesel,Coupe,2.1L,Automatic,2,4,Euro 4,1195
Ford Fiesta,47530,2008,0,Petrol,Hatchback,1.3L,Manual,3,5,Euro 4,2495
Mercedes-Benz C Class,102943,2014,3,Diesel,Saloon,2.1L,Automatic,4,5,Euro 5,5970
Hyundai i40,60000,2015,0,Diesel,Estate,1.7L,Manual,5,5,Euro 5,6860
BMW 3 SERIES,82600,2010,3,Diesel,Saloon,2.0L,Manual,4,5,Euro 5,4695
Vauxhall Meriva,45000,2015,0,Petrol,MPV,1.4L,Manual,5,5,Euro 6,5777
Vauxhall Zafira,79980,2010,2,Diesel,MPV,1.9L,Automatic,5,7,Euro 4,3995
Vauxhall Antara,29000,2014,0,Diesel,SUV,2.2L,Manual,5,5,Euro 5,7495
Volkswagen Polo,87100,2005,5,Petrol,Hatchback,1.2L,Manual,3,5,Euro 4,1895
Toyota Yaris,81224,2006,0,Petrol,Hatchback,1.0L,Manual,3,5,Euro 4,2995
Vauxhall Astra,28408,2005,0,Petrol,Hatchback,1.6L,Manual,5,5,Euro 4,3195
KIA Sportage,98198,2016,2,Diesel,SUV,1.7L,Manual,5,5,Euro 6,6500
MINI Hatch,33465,2017,2,Diesel,Hatchback,1.5L,Manual,3,4,Euro 6,9695
BMW 3 Series,137920,2014,2,Diesel,Estate,2.0L,Manual,5,5,Euro 6,6295
Toyota IQ,85489,2009,0,Petrol,Hatchback,1.3L,Manual,3,4,Euro 4,3495
Jaguar S-type,88523,2003,0,Petrol,Saloon,3.0L,Automatic,4,5,Euro 3,2667
Fiat 500,52505,2013,0,Petrol,Hatchback,1.2L,Manual,3,4,Euro 4,4995
Nissan Micra,30666,2018,3,Petrol,Hatchback,1.0L,Manual,5,5,Euro 6,8700
Volkswagen Passat,44006,2015,3,Diesel,Saloon,2.0L,Automatic,4,5,Euro 6,11480
Land Rover Freelander 2,148000,2011,4,Diesel,SUV,2.2L,Manual,5,5,Euro 5,4495
Vauxhall Grandland X,67748,2018,0,Petrol,SUV,1.2L,Manual,5,5,Euro 6,11440
Volkswagen Polo,87100,2005,5,Petrol,Hatchback,1.2L,Manual,3,5,Euro 4,1895
Vauxhall Astra,28408,2005,0,Petrol,Hatchback,1.6L,Manual,5,5,Euro 4,3195
Audi A4,80000,2012,0,Petrol,Saloon,1.8L,Manual,4,5,Euro 5,7990
Ford Fiesta,59800,2017,3,Petrol,Hatchback,1.0L,Manual,3,5,Euro 6,10995
Ford Focus CC,68272,2007,0,Petrol,Convertible,2.0L,Manual,2,4,Euro 4,2495
Smart Forfour,51000,2016,4,Petrol,Hatchback,1.0L,Manual,5,4,Euro 6,5595
Toyota Avensis,98235,2018,2,Diesel,Saloon,1.6L,Manual,4,5,Euro 6,7989
Volkswagen Golf,100000,2015,2,Diesel,Hatchback,2.0L,Manual,5,5,Euro 5,8650
Audi A6 Saloon,94000,2011,4,Diesel,Saloon,2.0L,Manual,4,5,Euro 5,5995
Vauxhall Corsa,79011,2007,0,Petrol,Hatchback,1.4L,Manual,3,5,Euro 4,2995
Honda Civic,76680,2010,1,Petrol,Hatchback,1.4L,Manual,5,5,Euro 5,4550
Jeep Grand Cherokee,125000,2008,4,Diesel,SUV,3.0L,Automatic,5,5,Euro 4,2995
Volkswagen Polo,87100,2005,5,Petrol,Hatchback,1.2L,Manual,3,5,Euro 4,1895
Vauxhall Corsa,47988,2009,0,Petrol,Hatchback,1.2L,Manual,3,5,Euro 4,2995
Toyota Yaris,81224,2006,0,Petrol,Hatchback,1.0L,Manual,3,5,Euro 4,2995
Nissan Micra,81025,2009,0,Petrol,Hatchback,1.2L,Manual,3,5,Euro 4,2495
Alfa Romeo Giulietta,90851,2011,0,Petrol,Hatchback,1.4L,Manual,5,5,Euro 5,3995
Audi A6,66229,2017,1,Diesel,Saloon,2.0L,Automatic,4,5,Euro 6,16995
Hyundai i30,39406,2017,0,Petrol,Hatchback,1.4L,Manual,5,5,Euro 6,10750
SEAT Ibiza,65946,2013,2,Petrol,Hatchback,1.4L,Manual,5,5,Euro 5,5249
Vauxhall Corsa,49954,2013,0,Petrol,Hatchback,1.4L,Manual,3,5,Euro 5,5100
BMW 5 Series,140000,2012,3,Diesel,Estate,2.0L,Manual,5,5,Euro 5,4999
Mercedes-Benz A Class,82000,2015,0,Diesel,Hatchback,1.5L,Manual,5,5,Euro 5,7777
Vauxhall Corsa,27500,2016,2,Petrol,Hatchback,1.0L,Manual,3,5,Euro 6,8500
Mitsubishi Lancer,76988,2011,2,Petrol,Hatchback,1.8L,Manual,5,5,Euro 4,4500
Renault Clio,120863,2012,0,Petrol,Hatchback,1.1L,Manual,3,5,Euro 5,1990
Toyota Yaris,81224,2006,0,Petrol,Hatchback,1.0L,Manual,3,5,Euro 4,2995
Fiat 500C,87986,2010,0,Petrol,Convertible,1.2L,Manual,2,4,Euro 5,3995
MG ZT,6,2004,4,Petrol,Saloon,1.8L,Manual,4,5,Euro 3,15500
BMW X3,96541,2009,1,Diesel,SUV,2.0L,Automatic,5,5,Euro 5,5595
Nissan Juke,20194,2020,0,Petrol,SUV,1.0L,Manual,5,5,Euro 6,13998
BMW X1,82000,2014,0,Diesel,SUV,2.0L,Automatic,5,5,Euro 5,10500
KIA Sportage,82000,2013,3,Diesel,SUV,1.7L,Manual,5,5,Euro 5,6895
Toyota Yaris,98172,2008,3,Petrol,Hatchback,1.3L,Manual,5,5,Euro 4,2895
Volkswagen Passat,140735,2015,2,Diesel,Estate,2.0L,Manual,5,5,Euro 6,6995
Vauxhall Corsa,84000,2013,3,Petrol,Hatchback,1.2L,Manual,5,5,Euro 5,3695
BMW X6,63000,2014,0,Diesel,SUV,3.0L,Automatic,5,4,Euro 5,16000
Audi A3,139225,2012,3,Diesel,Hatchback,null,Automatic,null,null,null,5750
Subaru Impreza,130100,2001,5,Petrol,Saloon,2.0L,Manual,4,5,Euro 2,2395
Ford Focus,91000,2019,1,Petrol,Hatchback,1.5L,Manual,5,5,Euro 6,10970
Toyota Yaris,81224,2006,0,Petrol,Hatchback,1.0L,Manual,3,5,Euro 4,2995
Proton Proton,15760,1995,0,Petrol,Hatchback,1.5L,Manual,5,null,Euro 1,3995
BMW 2 Series,78000,2014,0,Diesel,Coupe,2.0L,Automatic,2,4,Euro 6,13444
Ford Fiesta,71898,2014,2,Petrol,Hatchback,1.0L,Manual,3,5,Euro 5,4950
Volkswagen Polo,68000,2008,5,Petrol,Hatchback,1.2L,Manual,3,5,Euro 4,2995
Volkswagen Touran,144000,2012,3,Diesel,MPV,1.6L,Manual,5,7,Euro 5,4000
BMW 3 Series,94000,2015,0,Diesel,Saloon,2.0L,Manual,4,5,Euro 6,11750
KIA RIO,84000,2017,2,Diesel,Hatchback,1.4L,Manual,5,5,Euro 6,6995
MINI Hatch,106289,2011,1,Petrol,Hatchback,1.6L,Manual,3,4,Euro 5,4995
Ford Fiesta,77900,2009,7,Diesel,Hatchback,1.4L,Manual,5,5,Euro 4,3495
Vauxhall Vectra,52200,2007,0,Petrol,Hatchback,1.8L,Manual,5,5,Euro 4,2250
Toyota Yaris,81224,2006,0,Petrol,Hatchback,1.0L,Manual,3,5,Euro 4,2995
Toyota IQ,85489,2009,0,Petrol,Hatchback,1.3L,Manual,3,4,Euro 4,3495
Honda Jazz,50213,2011,2,Petrol,Hatchback,1.3L,Manual,5,5,Euro 5,5395
Vauxhall Corsa,69400,2006,0,Petrol,Hatchback,1.2L,Manual,3,5,Euro 4,1995
Peugeot 2008,46107,2014,0,Diesel,SUV,1.4L,Manual,5,5,Euro 5,5995
Toyota Yaris,81224,2006,0,Petrol,Hatchback,1.0L,Manual,3,5,Euro 4,2995
Peugeot 3008,9669,2019,1,Diesel,SUV,1.5L,Manual,5,5,Euro 6,17990
Mercedes-Benz SLK,93000,2007,5,Petrol,Convertible,1.8L,Automatic,2,2,Euro 4,3295
Volkswagen Polo Hatchback,60800,2015,2,Petrol,Hatchback,1.0L,Manual,5,5,Euro 6,8175
Abarth Fiat 595 1.4 Tjet (165ps) Scorpioneoro,17670,2020,1,Petrol,Hatchback,1.4L,Manual,3,4,Euro 6,17000
Citroen C3,60000,2017,0,Diesel,Hatchback,1.6L,Manual,5,5,Euro 6,8290
Ford C-max,104000,2013,0,Diesel,MPV,1.6L,Manual,5,5,Euro 5,3895
Volvo V70,274100,2004,6,Petrol,Estate,2.4L,Automatic,5,5,Euro 3,795
Toyota IQ,85489,2009,0,Petrol,Hatchback,1.3L,Manual,3,4,Euro 4,3495
Vauxhall Corsa,47988,2009,0,Petrol,Hatchback,1.2L,Manual,3,5,Euro 4,2995
BMW X1,67000,2010,3,Diesel,SUV,2.0L,Automatic,5,5,Euro 5,7495
Nissan Micra,43500,2015,0,Petrol,Hatchback,1.2L,Manual,5,5,Euro 5,3150
Ford Focus,47000,2012,0,Petrol,Hatchback,1.0L,Manual,5,5,Euro 5,6990
Ford Focus,102000,2013,2,Diesel,Estate,1.6L,Manual,5,5,Euro 5,3995
Nissan Micra,96000,2005,3,Petrol,Hatchback,1.2L,Manual,3,5,Euro 4,1695
Jaguar XE,72000,2016,0,Petrol,Saloon,2.0L,Automatic,4,5,Euro 6,11995
Vauxhall Insignia,84800,2016,0,Diesel,Hatchback,2.0L,Manual,5,5,Euro 6,7637
MINI Hatch Cooper,82250,2014,0,Petrol,Hatchback,1.5L,Manual,3,4,Euro 6,7490
Dacia Sandero Stepway,48000,2016,0,Petrol,Hatchback,0.9L,Manual,5,5,Euro 6,5495
SEAT Leon,51733,2014,3,Diesel,Hatchback,1.6L,Manual,5,5,Euro 5,7295
Vauxhall Vectra,52200,2007,0,Petrol,Hatchback,1.8L,Manual,5,5,Euro 4,2250
Vauxhall Corsa,47988,2009,0,Petrol,Hatchback,1.2L,Manual,3,5,Euro 4,2995
Vauxhall Adam,67000,2014,0,Petrol,Hatchback,1.4L,Manual,3,4,Euro 5,4990
Mercedes-Benz E Class,74854,2014,0,Diesel,Saloon,2.1L,Automatic,4,5,Euro 5,9949
Jaguar X-type,102000,2008,3,Diesel,Saloon,2.0L,Manual,4,5,Euro 4,1650
Toyota Auris,67995,2008,2,Petrol,Hatchback,1.4L,Manual,5,5,Euro 4,3500
Ford Fiesta,56883,2011,3,Diesel,Hatchback,1.6L,Manual,3,5,Euro 5,5234
BMW 1 Series,58214,2014,0,Petrol,Hatchback,1.6L,Manual,5,5,Euro 6,8099
Toyota Yaris,92000,2006,0,Petrol,Hatchback,1.0L,Manual,5,5,Euro 4,2395
Ford Focus,60650,2019,1,Petrol,Hatchback,1.0L,Manual,5,5,Euro 6,10195
Nissan Micra,55390,2017,0,Petrol,Hatchback,1.0L,Manual,5,5,Euro 6,8079
Vauxhall Astra GTC,116000,2014,2,Diesel,Coupe,2.0L,Manual,3,5,Euro 5,3295
Vauxhall Vectra,52200,2007,0,Petrol,Hatchback,1.8L,Manual,5,5,Euro 4,2250
Toyota IQ,85489,2009,0,Petrol,Hatchback,1.3L,Manual,3,4,Euro 4,3495
Vauxhall Adam,67000,2014,0,Petrol,Hatchback,1.4L,Manual,3,4,Euro 5,4990
BMW 1 Series,54000,2019,1,Diesel,Hatchback,1.5L,Manual,5,5,Euro 6,14695
Hyundai ix35,93000,2014,3,Diesel,SUV,1.7L,Manual,5,5,Euro 5,6490
Volvo V60,72000,2014,0,Diesel,Estate,1.6L,Manual,5,5,Euro 5,8495
BMW 4 Series Gran Coupe,77600,2014,4,Diesel,Hatchback,2.0L,Manual,5,5,Euro 6,12950
KIA Stonic,12875,2022,0,Petrol Hybrid,SUV,1.0L,Manual,5,5,Euro 6,18750
Toyota Verso,60582,2012,0,Diesel,MPV,2.0L,Manual,5,7,Euro 5,5395
BMW 1 Series,118000,2010,4,Diesel,Hatchback,2.0L,Manual,5,5,Euro 5,5500
Suzuki Alto,83000,2014,1,Petrol,Hatchback,1.0L,Manual,5,4,Euro 5,2495
Land Rover Freelander 2,143000,2007,5,Diesel,SUV,2.2L,Manual,5,5,Euro 4,2875
Audi A6,72894,2012,2,Diesel,Saloon,3.0L,Automatic,4,5,Euro 5,10995
Ford Fiesta,42800,2007,0,Petrol,Hatchback,1.2L,Manual,3,5,Euro 4,2490
Vauxhall Adam,67000,2014,0,Petrol,Hatchback,1.4L,Manual,3,4,Euro 5,4990
Audi A4,80000,2012,0,Petrol,Saloon,1.8L,Manual,4,5,Euro 5,7990
Toyota Prius+,55000,2012,1,Petrol Hybrid,MPV,1.8L,Automatic,5,7,null,9495
SKODA Fabia,79972,2006,1,Petrol,Hatchback,1.2L,Manual,5,5,Euro 4,2499
Toyota Yaris,95200,2006,5,Diesel,Hatchback,1.4L,Automatic,5,5,Euro 4,3550
Land Rover Freelander 2,122000,2012,3,Diesel,SUV,2.2L,Automatic,5,5,Euro 5,7547
Peugeot RCZ,46284,2014,0,Petrol,Coupe,1.6L,Automatic,2,4,Euro 5,8990
Peugeot 207,59000,2012,2,Petrol,Hatchback,1.4L,Manual,3,5,Euro 5,2950
Mercedes-Benz E Class,32000,2011,0,Diesel,Saloon,2.1L,Automatic,4,5,Euro 5,9490
KIA Proceed,77570,2014,4,Diesel,Hatchback,1.6L,Manual,3,5,Euro 5,5995
Vauxhall Astra,81222,2011,0,Diesel,Hatchback,2.0L,Automatic,5,5,Euro 5,4495
Volkswagen Scirocco,108582,2011,0,Diesel,Hatchback,2.0L,Manual,3,4,Euro 5,5695
Ford Focus,113187,2008,2,Petrol,Hatchback,1.6L,Manual,5,5,Euro 4,1499
Audi A4,80000,2012,0,Petrol,Saloon,1.8L,Manual,4,5,Euro 5,7990
Toyota Yaris,81224,2006,0,Petrol,Hatchback,1.0L,Manual,3,5,Euro 4,2995
Suzuki Alto,45000,2014,2,Petrol,Hatchback,1.0L,Manual,5,4,Euro 5,3995
Toyota Yaris,85693,2008,0,Petrol,Hatchback,1.0L,Manual,3,5,Euro 4,2395
Mercedes-Benz C Class,50000,2011,5,Diesel,Coupe,2.1L,Automatic,2,4,Euro 5,8990
Audi A6 Avant,139142,2007,5,Diesel,Estate,3.0L,Automatic,5,5,Euro 4,3290
Renault Clio,53000,2014,0,Diesel,Hatchback,1.5L,Manual,5,5,Euro 5,6495
Chevrolet Spark,85556,2011,0,Petrol,Hatchback,1.2L,Manual,5,5,Euro 5,2495
Hyundai i30,83650,2015,2,Petrol,Hatchback,1.4L,Manual,5,5,Euro 6,6250
BMW 3 Series,67000,2011,5,Petrol,Saloon,2.0L,Automatic,4,5,Euro 5,9800
Honda Civic,113000,2009,4,Petrol,Hatchback,2.0L,Manual,3,4,Euro 4,3695
DS Automobiles DS 7 CROSSBACK,94000,2018,2,Diesel,SUV,2.0L,Automatic,5,5,Euro 6,14900
Subaru Impreza,130100,2001,5,Petrol,Saloon,2.0L,Manual,4,5,Euro 2,2395
Vauxhall Adam,67000,2014,0,Petrol,Hatchback,1.4L,Manual,3,4,Euro 5,4990
Ford Focus,91000,2019,1,Petrol,Hatchback,1.5L,Manual,5,5,Euro 6,10970
Mercedes-Benz A Class,37334,2015,0,Diesel,Hatchback,1.5L,Manual,5,5,Euro 5,10975
Ford C-max,46760,2014,0,Diesel,MPV,1.6L,Manual,5,5,Euro 5,7390
Ford Ecosport,96600,2016,2,Petrol,SUV,1.0L,Manual,5,5,Euro 5,5990
Land Rover Range Rover Sport,132000,2007,0,Diesel,SUV,2.7L,Automatic,5,5,Euro 4,3999
Hyundai Getz,75290,2006,0,Petrol,Hatchback,1.4L,Manual,3,5,Euro 4,1895
Ford KA,89390,2014,4,Petrol,Hatchback,1.2L,Manual,3,4,Euro 5,3300
Vauxhall Astra,90000,2013,4,Diesel,Estate,1.7L,Manual,5,5,Euro 5,3950
Mercedes-Benz A Class,93000,2015,0,Diesel,Hatchback,1.5L,Manual,5,5,Euro 5,8595
MINI Hatch,46000,2010,0,Petrol,Hatchback,1.6L,Manual,3,4,Euro 5,5195
Toyota Yaris,65414,2014,0,Petrol,Hatchback,1.3L,Manual,5,5,Euro 5,6150
Peugeot 407,144100,2007,4,Diesel,Saloon,2.0L,Manual,4,5,Euro 4,995
Ford Focus,91000,2019,1,Petrol,Hatchback,1.5L,Manual,5,5,Euro 6,10970
Vauxhall Astra,61038,2007,0,Petrol,Hatchback,1.6L,Manual,3,5,Euro 4,2995
Vauxhall Meriva,94000,2014,0,Petrol,MPV,1.4L,Manual,5,5,Euro 5,4295
Fiat 500,49485,2017,0,Petrol,Hatchback,1.2L,Manual,3,4,Euro 6,6970
Mazda MAZDA 2,64818,2016,2,Petrol,Hatchback,1.5L,Manual,5,5,Euro 6,6950
Nissan Juke,58277,2014,2,Petrol,SUV,1.6L,Manual,5,5,Euro 5,7470
Mazda CX-5,73000,2012,2,Diesel,SUV,2.2L,Manual,5,5,Euro 6,7495
Volkswagen Polo,71000,2013,2,Petrol,Hatchback,1.4L,Manual,3,5,Euro 5,5950
Peugeot 2008,40800,2021,1,Petrol,SUV,1.2L,Manual,5,5,Euro 6,15990
Ford Focus,74717,2012,5,Petrol,Hatchback,1.0L,Manual,5,5,Euro 5,4670
Toyota Prius,66000,2012,0,Petrol Hybrid,Hatchback,null,Automatic,null,null,null,8950
Volkswagen Polo,54500,2012,2,Petrol,Hatchback,1.4L,Manual,3,5,Euro 5,6750
Vauxhall Astra,136842,2014,1,Diesel,Estate,1.6L,Manual,5,5,Euro 6,2500
Vauxhall Astra,61038,2007,0,Petrol,Hatchback,1.6L,Manual,3,5,Euro 4,2995
Audi A4,80000,2012,0,Petrol,Saloon,1.8L,Manual,4,5,Euro 5,7990
BMW X5,135000,2004,1,Diesel,SUV,3.0L,Automatic,5,5,Euro 4,4450
BMW 5 Series,51000,2012,0,Diesel,Saloon,2.0L,Automatic,4,5,Euro 5,9490
Ford Mondeo,83000,2011,0,Petrol,Hatchback,2.0L,Manual,5,5,Euro 5,3995
Hyundai i40,87000,2013,5,Diesel,Estate,1.7L,Automatic,5,5,Euro 5,6495
Land Rover Freelander 2,106000,2012,5,Diesel,SUV,2.2L,Manual,5,5,Euro 5,7250
Fiat Panda,94000,2009,3,Petrol,Hatchback,1.2L,Manual,5,4,Euro 4,1700
Audi A3,90000,2014,2,Petrol,Hatchback,1.4L,Manual,5,5,Euro 5,9850
Vauxhall Insignia,119000,2015,0,Diesel,Hatchback,2.0L,Manual,5,5,Euro 5,3995
Volkswagen Jetta,39488,2013,2,Diesel,Saloon,1.6L,Manual,4,5,Euro 5,7350
BMW 4 Series,70950,2013,0,Diesel,Coupe,2.0L,Automatic,2,4,Euro 6,10495
Renault Clio,120863,2012,0,Petrol,Hatchback,1.1L,Manual,3,5,Euro 5,1990
Audi A4,80000,2012,0,Petrol,Saloon,1.8L,Manual,4,5,Euro 5,7990
Vauxhall Astra,28408,2005,0,Petrol,Hatchback,1.6L,Manual,5,5,Euro 4,3195
Toyota Yaris,55000,2014,2,Petrol,Hatchback,1.3L,Manual,5,5,Euro 5,7000
BMW 3 SERIES,83000,2013,0,Diesel,Saloon,2.0L,Automatic,4,5,Euro 5,9850
Mercedes-Benz E Class,111000,2015,3,Diesel,Coupe,2.1L,Automatic,2,4,Euro 6,8500
MINI Hatch Cooper,58000,2013,0,Petrol,Hatchback,1.6L,Manual,3,4,Euro 5,7760
Volkswagen Golf,79000,2020,1,Petrol,Hatchback,1.5L,Manual,5,5,Euro 6,11995
Toyota Yaris,77000,2002,0,Petrol,Hatchback,1.0L,Manual,5,5,Euro 3,1895
Vauxhall Zafira,41163,2014,0,Petrol,MPV,1.8L,Manual,5,7,Euro 4,6990
Peugeot 308,30106,2017,0,Petrol,Hatchback,1.2L,Manual,5,5,Euro 6,9499
Honda Jazz,84641,2006,0,Petrol,Hatchback,1.4L,Manual,5,5,Euro 4,1995
Volkswagen Tiguan,60000,2020,1,Petrol,SUV,1.5L,Manual,5,5,Euro 6,15995
Renault Clio,120863,2012,0,Petrol,Hatchback,1.1L,Manual,3,5,Euro 5,1990
Vauxhall Astra,28408,2005,0,Petrol,Hatchback,1.6L,Manual,5,5,Euro 4,3195
Vauxhall Adam,67000,2014,0,Petrol,Hatchback,1.4L,Manual,3,4,Euro 5,4990
Fiat 500,59623,2014,2,Petrol,Hatchback,1.2L,Manual,3,4,Euro 6,5940
Citroen C4 PICASSO,64715,2008,0,Diesel,MPV,1.6L,Automatic,5,5,Euro 4,3795
Ford Fiesta,54442,2009,1,Diesel,Hatchback,1.4L,Manual,5,5,Euro 4,3995
Mercedes-Benz S-class,64000,2002,0,Diesel,Saloon,3.2L,Automatic,4,4,Euro 2,3795
SEAT Ibiza,22000,2014,0,Petrol,Hatchback,1.4L,Manual,3,5,Euro 5,7149
Mercedes-Benz C Class,63000,2003,0,Petrol,Coupe,1.8L,Automatic,2,4,Euro 3,2890
BMW 3 Series,177000,2010,4,Diesel,Coupe,3.0L,Manual,2,4,Euro 5,5495
Hyundai i20,66018,2012,2,Petrol,Hatchback,1.2L,Manual,5,5,Euro 5,4650
Land Rover Range Rover Evoque,80000,2013,4,Diesel,SUV,2.2L,Automatic,5,5,Euro 5,13993
Volkswagen Passat,80000,2016,2,Diesel,Saloon,2.0L,Manual,4,5,Euro 6,9750
Volkswagen Polo,87100,2005,5,Petrol,Hatchback,1.2L,Manual,3,5,Euro 4,1895
Vauxhall Astra,61038,2007,0,Petrol,Hatchback,1.6L,Manual,3,5,Euro 4,2995
Vauxhall Astra,28408,2005,0,Petrol,Hatchback,1.6L,Manual,5,5,Euro 4,3195
Volkswagen Golf,78000,2019,1,Petrol,Hatchback,1.5L,Manual,5,5,Euro 6,11995
Peugeot 208,10067,2020,1,Petrol,Hatchback,1.2L,Manual,5,5,Euro 6,14975
Vauxhall Astra,68000,2015,2,Petrol,Hatchback,1.4L,Manual,5,5,Euro 6,6000
DS Automobiles DS 9,16864,2021,1,Petrol Plug-in Hybrid,Saloon,1.6L,Automatic,4,5,Euro 6,24770
Volkswagen Polo,80786,2010,2,Petrol,Hatchback,1.4L,Manual,5,5,Euro 5,5190
Audi A1,41085,2017,2,Petrol,Hatchback,1.4L,Manual,3,4,Euro 6,10000
Suzuki Alto,77000,2010,0,Petrol,Hatchback,1.0L,Manual,5,4,Euro 5,2495
Volkswagen Golf,106408,2012,2,Diesel,Hatchback,1.6L,Manual,5,5,Euro 5,4725
Vauxhall Corsa,34960,2015,1,Petrol,Hatchback,1.2L,Manual,5,5,Euro 6,6949
Lexus SC 430,121000,2001,1,Petrol,Convertible,4.3L,Automatic,2,4,Euro 3,4195
Ford Fiesta,42800,2007,0,Petrol,Hatchback,1.2L,Manual,3,5,Euro 4,2490
Fiat 500C,87986,2010,0,Petrol,Convertible,1.2L,Manual,2,4,Euro 5,3995
Vauxhall Astra,28408,2005,0,Petrol,Hatchback,1.6L,Manual,5,5,Euro 4,3195
Fiat 500,35912,2017,2,Petrol,Hatchback,1.2L,Manual,3,4,Euro 6,7988
Mazda MX-30,13865,2021,0,Electric,SUV,null,Automatic,5,5,null,13899
Ford Focus,59300,2016,3,Petrol,Hatchback,1.0L,Manual,5,5,Euro 6,7499
BMW 5 Series,100200,2007,4,Petrol,Saloon,2.5L,Automatic,4,5,Euro 4,3950
Volkswagen Golf,52000,2018,0,Petrol,Hatchback,1.4L,Automatic,5,5,Euro 6,13995
SKODA Octavia,197790,2013,4,Diesel,Estate,2.0L,Manual,5,5,Euro 5,4995
Mercedes-Benz CL,90000,2007,3,Petrol,Coupe,5.5L,Automatic,2,4,Euro 4,10000
Volkswagen Golf,62500,2007,1,Petrol,Hatchback,1.6L,Manual,5,5,Euro 4,3795
Audi A1,89484,2012,5,Petrol,Hatchback,1.4L,Automatic,5,5,Euro 5,7950
Volkswagen Polo,87100,2005,5,Petrol,Hatchback,1.2L,Manual,3,5,Euro 4,1895
Vauxhall Astra,28408,2005,0,Petrol,Hatchback,1.6L,Manual,5,5,Euro 4,3195
Vauxhall Adam,67000,2014,0,Petrol,Hatchback,1.4L,Manual,3,4,Euro 5,4990
Mercedes-Benz C Class,64806,2016,0,Diesel,Coupe,2.1L,Automatic,2,4,Euro 6,16880
Subaru XV,41000,2012,0,Petrol,SUV,1.6L,Manual,5,5,Euro 5,7995
KIA Ceed,18150,2020,0,Diesel,Hatchback,1.6L,Manual,5,5,Euro 6,14450
Nissan Qashqai,93500,2014,0,Diesel,SUV,1.5L,Manual,5,5,Euro 5,6995
Peugeot 3008,68000,2013,2,Diesel,SUV,1.6L,Manual,5,5,Euro 5,5495
Volkswagen Polo,74670,2017,2,Petrol,Hatchback,1.2L,Manual,5,5,Euro 6,8195
Volkswagen Golf,121709,2014,3,Diesel,Hatchback,1.6L,Manual,5,5,Euro 5,6319
Peugeot 2008,52180,2018,1,Petrol,SUV,1.2L,Manual,5,5,Euro 6,5999
Honda Civic,50000,2018,0,Diesel,Hatchback,1.6L,Manual,5,5,Euro 6,12790
Volkswagen Polo,87100,2005,5,Petrol,Hatchback,1.2L,Manual,3,5,Euro 4,1895
Fiat 500C,87986,2010,0,Petrol,Convertible,1.2L,Manual,2,4,Euro 5,3995
Vauxhall Astra,28408,2005,0,Petrol,Hatchback,1.6L,Manual,5,5,Euro 4,3195
KIA Picanto,71700,2012,0,Petrol,Hatchback,1.0L,Manual,5,5,Euro 5,3750
MINI Hatch Cooper,60000,2012,2,Diesel,Hatchback,2.0L,Automatic,3,4,Euro 5,7489
Vauxhall Astra,94835,2002,3,Petrol,Hatchback,1.6L,Automatic,5,5,Euro 4,1600
Chevrolet Spark,66790,2013,0,Petrol,Hatchback,1.0L,Manual,5,5,Euro 5,1795
Vauxhall Mokka,64548,2015,0,Diesel,SUV,1.7L,Manual,5,5,Euro 5,6940
Nissan Qashqai,92016,2014,4,Petrol,SUV,1.2L,Manual,5,5,Euro 5,6399
Audi A3,106420,2002,4,Petrol,Hatchback,1.8L,Manual,3,5,Euro 3,2399
Peugeot 3008,17495,2017,3,Petrol,SUV,1.2L,Manual,5,5,Euro 6,15350
BMW 1 SERIES,57839,2019,2,Diesel,Hatchback,1.5L,Automatic,5,5,Euro 6,15970
Volkswagen Polo,87100,2005,5,Petrol,Hatchback,1.2L,Manual,3,5,Euro 4,1895
Vauxhall Astra,28408,2005,0,Petrol,Hatchback,1.6L,Manual,5,5,Euro 4,3195
Vauxhall Astra,28408,2005,0,Petrol,Hatchback,1.6L,Manual,5,5,Euro 4,3195
Audi Q3,103200,2014,0,Diesel,SUV,2.0L,Automatic,5,5,Euro 5,8995
Porsche Cayenne,112000,2009,4,Diesel,SUV,3.0L,Automatic,5,5,Euro 4,8105
Hyundai Tucson,25162,2021,3,Petrol Hybrid,SUV,1.6L,Manual,5,5,Euro 6,20500
Honda Cr-v,86000,2015,4,Diesel,SUV,2.2L,Manual,5,5,Euro 5,9995
Hyundai i30,120635,2013,3,Petrol,Hatchback,1.4L,Manual,5,5,Euro 5,4040
Hyundai Santa FE,146000,2014,2,Diesel,SUV,2.2L,Manual,5,5,Euro 5,6995
Toyota Prius,72000,2012,1,Petrol Hybrid,Hatchback,1.8L,Automatic,null,5,null,6350
Peugeot 508 SW,33225,2020,1,Diesel,Estate,1.5L,Automatic,5,5,Euro 6,18855
Toyota Yaris,60438,2012,3,Petrol,Hatchback,1.3L,Automatic,5,5,Euro 5,7400
Vauxhall Vectra,52200,2007,0,Petrol,Hatchback,1.8L,Manual,5,5,Euro 4,2250
Fiat 500C,87986,2010,0,Petrol,Convertible,1.2L,Manual,2,4,Euro 5,3995
Ford Focus,91000,2019,1,Petrol,Hatchback,1.5L,Manual,5,5,Euro 6,10970
Hyundai I30,86000,2011,1,Petrol,Hatchback,1.4L,Manual,5,5,Euro 5,3495
SKODA Citigo,56355,2014,3,Petrol,Hatchback,1.0L,Manual,5,4,Euro 5,4999
Ford Fiesta,93752,2012,0,Petrol,Hatchback,1.3L,Manual,5,5,Euro 5,3450
SKODA Fabia,69000,2016,2,Petrol,Estate,1.0L,Manual,5,5,Euro 6,6995
Peugeot 3008,42962,2019,0,Diesel,SUV,1.5L,Manual,5,5,Euro 6,14500
Honda Civic,110000,2002,0,Petrol,Hatchback,1.4L,Manual,5,5,Euro 3,1750
Peugeot 208,77000,2012,3,Petrol,Hatchback,1.2L,Manual,5,5,Euro 5,3850
Ford Fiesta,70000,2016,3,Petrol,Hatchback,1.3L,Manual,3,5,Euro 6,3850
Vauxhall Adam,50000,2014,0,Petrol,Hatchback,1.2L,Manual,3,4,Euro 5,4495
Mazda Mazda2,84000,2008,3,Petrol,Hatchback,1.3L,Manual,3,5,Euro 4,1595
Ford Focus,111741,2010,0,Petrol,Hatchback,1.8L,Manual,5,5,Euro 4,1795
Audi A5 DIESEL COUPE,68603,2017,1,Diesel,Coupe,2.0L,Automatic,2,4,Euro 6,16555
Toyota Yaris,51179,2019,1,Petrol Hybrid,Hatchback,1.5L,Automatic,5,5,Euro 6,13000
Peugeot 207,50668,2008,4,Petrol,Hatchback,1.4L,Manual,5,5,Euro 4,2190
Land Rover Freelander 2,85207,2011,1,Diesel,SUV,2.2L,Manual,5,5,Euro 5,1995
Vauxhall Corsa,92741,2009,0,Petrol,Hatchback,1.4L,Manual,5,5,Euro 4,1995
Vauxhall Adam,114741,2013,0,Petrol,Hatchback,1.4L,Manual,3,4,Euro 5,3495
SKODA Fabia,115000,2012,2,Diesel,Hatchback,1.6L,Manual,5,5,Euro 5,3750
Peugeot 2008,94741,2015,0,Diesel,SUV,1.4L,Manual,5,5,Euro 5,3495
Ford KA,100741,2011,0,Petrol,Hatchback,1.2L,Manual,3,4,Euro 4,1995
BMW 3 Series,173006,2005,6,Diesel,Coupe,2.0L,Manual,2,5,Euro 4,1950
Fiat 500,78033,2015,1,Petrol,Hatchback,1.2L,Manual,3,4,Euro 6,4250
Toyota Yaris,51179,2019,1,Petrol Hybrid,Hatchback,1.5L,Automatic,5,5,Euro 6,13000
Toyota Aygo,16420,2019,0,Petrol,Hatchback,1.0L,Manual,5,4,Euro 6,10700
Renault Twingo,118741,2010,0,Petrol,Hatchback,1.2L,Manual,3,4,Euro 4,1495
Vauxhall Vectra,57827,2007,2,Petrol,Hatchback,2.0L,Manual,5,5,Euro 4,2795
Ford Fusion,87742,2007,0,Petrol,Hatchback,1.4L,Manual,5,5,Euro 4,1795
Vauxhall Corsa,75474,2014,1,Diesel,Hatchback,1.3L,Manual,3,5,Euro 5,4500
Renault Clio,134000,2002,0,Diesel,Hatchback,1.5L,Manual,3,5,Euro 3,1145
Vauxhall Corsa,60000,2011,3,Petrol,Hatchback,1.2L,Manual,5,5,Euro 5,3700
Ford Fiesta,87650,2013,6,Petrol,Hatchback,1.0L,Manual,3,5,Euro 5,4995
Vauxhall Corsa,65300,2011,4,Petrol,Hatchback,1.2L,Manual,5,5,Euro 5,2750
SKODA Rapid,71569,2014,1,Diesel,Hatchback,1.6L,Manual,5,5,Euro 5,4750
Vauxhall Astra,97300,2017,3,Petrol,Hatchback,1.4L,Manual,5,5,Euro 6,5000
Mercedes-Benz C Class,135000,2007,0,Diesel,Estate,2.1L,Automatic,5,5,Euro 4,2495
Toyota Aygo,16420,2019,0,Petrol,Hatchback,1.0L,Manual,5,4,Euro 6,10700
Renault Clio,49908,2021,0,Petrol,Hatchback,1.0L,Manual,5,5,Euro 6,11890
Honda Cr-v,154000,2008,3,Diesel,SUV,2.2L,Manual,5,5,Euro 4,1895
KIA Ceed,99094,2018,1,Diesel,Hatchback,1.6L,Manual,5,5,Euro 6,6195
Peugeot 207,79500,2009,4,Petrol,Hatchback,1.4L,Manual,3,5,Euro 4,2199
Volkswagen Scirocco,179000,2012,2,Diesel,Hatchback,2.0L,Manual,3,4,Euro 5,3690
Ford Focus,98159,2013,1,Diesel,Hatchback,1.6L,Manual,5,5,Euro 5,4000
SEAT Leon,128386,2015,1,Diesel,Hatchback,1.6L,Manual,3,5,Euro 5,4700
KIA Sportage,124568,2010,0,Petrol,SUV,1.6L,Manual,5,5,Euro 5,3990
Audi A3,65000,2009,0,Petrol,Hatchback,2.0L,Manual,3,5,Euro 4,5990
Fiat 500,78033,2015,1,Petrol,Hatchback,1.2L,Manual,3,4,Euro 6,4250
Renault Clio,49908,2021,0,Petrol,Hatchback,1.0L,Manual,5,5,Euro 6,11890
Nissan Leaf,60695,2014,0,Electric,Hatchback,null,Automatic,5,5,null,5390
Peugeot 208,106500,2013,2,Petrol,Hatchback,1.2L,Manual,5,5,Euro 5,3250
Land Rover Freelander 2,92148,2010,2,Diesel,SUV,2.2L,Automatic,5,5,Euro 4,5290
Ford Fiesta,94000,2005,0,Petrol,Hatchback,1.3L,Manual,5,5,Euro 4,1645
Nissan Qashqai Hatchback Special Editions,79814,2013,2,Petrol,SUV,1.6L,Manual,5,5,Euro 5,6929
Audi A4 Cabriolet,88000,2008,3,Petrol,Convertible,1.8L,Manual,2,4,Euro 4,3750
Volkswagen Polo,88000,2014,3,Petrol,Hatchback,1.2L,Manual,5,5,Euro 5,4000
Renault Scenic,72000,2010,2,Petrol,MPV,1.6L,Manual,5,5,Euro 5,2490
Nissan Juke,107000,2013,3,Diesel,SUV,1.5L,Manual,5,5,Euro 5,4000
Vauxhall Insignia Grand Sport,57952,2019,1,Diesel,Hatchback,2.0L,Manual,5,5,Euro 6,11995
Renault Clio,74434,2017,2,Petrol,Hatchback,1.1L,Manual,5,5,Euro 6,6495
Nissan Leaf,60695,2014,0,Electric,Hatchback,null,Automatic,5,5,null,5390
Toyota Yaris,51179,2019,1,Petrol Hybrid,Hatchback,1.5L,Automatic,5,5,Euro 6,13000
Ford Focus,100969,2009,5,Diesel,Hatchback,2.0L,Manual,5,5,Euro 4,2275
Volkswagen Golf Plus,135785,2010,0,Diesel,Hatchback,1.6L,Manual,5,5,Euro 5,2499
Honda Civic,123000,2011,3,Diesel,Hatchback,2.2L,Manual,5,5,Euro 4,2690
BMW 3 Series,136000,2011,2,Diesel,Saloon,2.0L,Manual,4,5,Euro 5,3495
Mitsubishi ASX,76589,2014,3,Diesel,SUV,1.8L,Manual,5,5,Euro 5,6490
BMW 1 Series,100116,2010,0,Diesel,Coupe,2.0L,Manual,2,4,Euro 5,3590
Peugeot 107,56000,2010,3,Petrol,Hatchback,1.0L,Manual,3,4,Euro 4,2190
Vauxhall Insignia,77009,2017,0,Diesel,Hatchback,1.6L,Manual,5,5,Euro 6,6500
Proton Savvy,57170,2011,1,Petrol,Hatchback,1.2L,Manual,5,4,Euro 4,1695
Fiat 500,78033,2015,1,Petrol,Hatchback,1.2L,Manual,3,4,Euro 6,4250
Toyota Yaris,51179,2019,1,Petrol Hybrid,Hatchback,1.5L,Automatic,5,5,Euro 6,13000
Volkswagen Polo,11500,2021,1,Petrol,Hatchback,1.0L,Manual,5,5,Euro 6,16049
BMW 1 Series,80000,2012,2,Diesel,Hatchback,2.0L,Manual,5,5,Euro 5,6495
Volkswagen Sharan,116443,2011,2,Petrol,MPV,1.4L,Manual,5,7,Euro 5,5999
SKODA Yeti,112000,2015,2,Diesel,SUV,2.0L,Manual,5,5,Euro 5,7990
Ford Fiesta,91000,2009,3,Petrol,Hatchback,1.3L,Manual,5,5,Euro 4,2300
Toyota Urbancruiser,103099,2010,3,Petrol,SUV,1.3L,Manual,5,5,Euro 4,2990
SKODA Fabia Diesel Estate,79547,2014,2,Diesel,Estate,1.6L,Manual,5,5,Euro 5,3990
Volkswagen Polo,37000,2011,0,Petrol,Hatchback,1.2L,Manual,5,5,Euro 5,6995
BMW 3 Series,97000,2011,4,Diesel,Saloon,2.0L,Manual,4,5,Euro 5,3990
Audi A4,73091,2001,3,Petrol,Saloon,2.0L,Manual,4,5,Euro 4,1495
Ford Focus,82156,2008,0,Petrol,Hatchback,2.5L,Manual,5,5,Euro 4,5995
Fiat 500,78033,2015,1,Petrol,Hatchback,1.2L,Manual,3,4,Euro 6,4250
Volkswagen Polo,11500,2021,1,Petrol,Hatchback,1.0L,Manual,5,5,Euro 6,15970
Volkswagen Polo,11500,2021,1,Petrol,Hatchback,1.0L,Manual,5,5,Euro 6,15970
Mercedes-Benz C Class,114299,2007,2,Diesel,Saloon,2.1L,Automatic,4,5,Euro 4,1999
Vauxhall Astra,110000,2008,0,Petrol,Hatchback,1.4L,Manual,5,5,Euro 4,1785
Volvo V40,58000,2015,1,Petrol,Hatchback,1.6L,Manual,5,5,Euro 5,8795
KIA Venga,69000,2010,0,Petrol,MPV,1.4L,Manual,5,5,Euro 5,2900
Peugeot 208,42349,2021,2,Petrol,Hatchback,1.2L,Manual,5,5,Euro 6,12802
Citroen DS3 Cabrio,49000,2013,2,Petrol,Convertible,1.6L,Manual,2,5,Euro 5,5495
Vauxhall Astra,82000,2012,6,Diesel,Hatchback,2.0L,Manual,5,5,Euro 5,3195
Ford Fiesta,52200,2018,3,Petrol,Hatchback,1.1L,Manual,3,5,Euro 6,7130
Mazda Mazda3,96723,2007,4,Petrol,Hatchback,2.3L,Manual,5,5,Euro 4,4800
Ford Fiesta,89999,2011,0,Petrol,Hatchback,1.3L,Manual,3,5,Euro 5,2995
Renault Clio,49908,2021,0,Petrol,Hatchback,1.0L,Manual,5,5,Euro 6,11890
Nissan Leaf,60695,2014,0,Electric,Hatchback,null,Automatic,5,5,null,5390
Audi A3 Cabriolet,140741,2008,0,Diesel,Convertible,2.0L,Manual,2,4,Euro 4,2495
Vauxhall Corsa,22286,2011,0,Petrol,Hatchback,1.4L,Manual,3,5,Euro 5,5495
Mazda Mazda3,82000,2014,0,Diesel,Saloon,2.2L,Manual,4,5,Euro 6,6550
Vauxhall Insignia,114883,2017,1,Diesel,Hatchback,1.6L,Manual,5,5,Euro 6,7895
Ford Fiesta,94600,2015,2,Petrol,Hatchback,1.0L,Automatic,5,5,Euro 6,6850
Ford Focus,76466,2015,2,Diesel,Hatchback,1.6L,Manual,5,5,Euro 5,6790
Citroen C1,63000,2011,0,Petrol,Hatchback,1.0L,Automatic,5,4,Euro 5,4800
Ford KA,62700,2012,3,Petrol,Hatchback,1.2L,Manual,3,4,Euro 5,1950
Ford Grand C-max,50000,2014,0,Diesel,MPV,1.6L,Manual,5,7,Euro 5,7990
SKODA Octavia,87000,2010,0,Diesel,Estate,2.0L,Manual,5,5,Euro 4,6995
Renault Clio,74434,2017,2,Petrol,Hatchback,1.1L,Manual,5,5,Euro 6,6495
Nissan Leaf,60695,2014,0,Electric,Hatchback,null,Automatic,5,5,null,5390
Renault Clio,49908,2021,0,Petrol,Hatchback,1.0L,Manual,5,5,Euro 6,11890
Volkswagen Polo,57978,2013,0,Petrol,Hatchback,1.2L,Manual,5,5,Euro 5,6995
Mercedes-Benz C Class,122000,2015,5,Diesel,Coupe,2.1L,Automatic,2,4,Euro 5,6495
Audi A1,98700,2015,1,Diesel,Hatchback,1.6L,Automatic,5,5,Euro 6,7050
Toyota Yaris,69036,2012,3,Petrol,Hatchback,1.3L,Manual,5,5,Euro 5,5695
SKODA Superb,118000,2015,2,Diesel,Estate,1.6L,Manual,5,5,Euro 5,5990
Volkswagen Scirocco,69000,2008,0,Petrol,Hatchback,2.0L,Automatic,3,4,Euro 4,6290
Fiat 500L,28500,2015,3,Diesel,MPV,1.3L,Manual,5,5,Euro 6,7750
Audi TT,96000,2013,0,Diesel,Coupe,2.0L,Automatic,3,4,Euro 5,6495
Nissan Qashqai,162753,2012,2,Diesel,SUV,1.5L,Manual,5,5,Euro 5,2995
BMW 2 Series,26607,2019,0,Petrol,Coupe,1.5L,Automatic,2,4,Euro 6,17599
Nissan Leaf,60695,2014,0,Electric,Hatchback,null,Automatic,5,5,null,5390
Volkswagen Beetle,31700,2013,1,Petrol,Hatchback,1.2L,Automatic,3,4,Euro 5,10995
Vauxhall Corsa,34000,2018,3,Petrol,Hatchback,1.4L,Manual,3,5,Euro 6,4300
Volkswagen Golf,86069,2011,2,Diesel,Hatchback,1.6L,Manual,5,5,Euro 5,5195
Ford B-max,61000,2013,2,Petrol,MPV,1.0L,Manual,5,5,Euro 5,4950
BMW 3 SERIES,116275,2008,0,Diesel,Convertible,3.0L,Automatic,2,4,Euro 4,4295
Vauxhall Corsa,101971,2015,1,Diesel,Hatchback,1.3L,Manual,5,5,Euro 6,4595
Vauxhall Insignia,93379,2013,3,Petrol,Hatchback,1.8L,Manual,5,5,Euro 5,3999
Ford Fiesta,119785,2009,3,Diesel,Hatchback,1.4L,Manual,5,5,Euro 4,2490
Infiniti Q30,35340,2017,0,Diesel,Hatchback,1.5L,Manual,5,5,Euro 6,11295
SEAT Ibiza,120741,2008,0,Petrol,Hatchback,1.2L,Manual,3,5,Euro 4,1495
Nissan Juke,45462,2019,1,Petrol,SUV,1.6L,Manual,5,5,Euro 6,11000
Volkswagen Beetle,95000,2005,0,Petrol,Convertible,2.0L,Automatic,2,4,Euro 4,3575
Ford KA,65323,2015,0,Petrol,Hatchback,1.2L,Manual,3,4,Euro 5,3990
Marcos Martina,19000,1981,5,Petrol,Convertible,2.0L,Manual,null,2,null,11495
Fiat 500,69218,2011,4,Petrol,Hatchback,1.2L,Manual,3,4,Euro 5,3990
Vauxhall Corsa,74000,2012,0,Petrol,Hatchback,1.2L,Manual,5,5,Euro 5,3600
BMW 3 Series,101131,2015,0,Diesel,Saloon,2.0L,Automatic,4,5,Euro 6,9100
Nissan Juke,89999,2013,0,Diesel,SUV,1.5L,Manual,5,5,Euro 5,4995
KIA Ceed,82000,2013,0,Diesel,Estate,1.6L,Manual,5,5,Euro 5,5425
Renault Clio,96967,2014,3,Petrol,Hatchback,1.1L,Manual,5,5,Euro 5,4495
Ford Fiesta,89999,2011,0,Petrol,Hatchback,1.3L,Manual,3,5,Euro 5,2995
Nissan Juke,45462,2019,1,Petrol,SUV,1.6L,Manual,5,5,Euro 6,11000
Nissan Leaf,60695,2014,0,Electric,Hatchback,null,Automatic,5,5,null,5390
Ford KA,59030,2011,3,Petrol,Hatchback,1.2L,Manual,3,4,Euro 4,2290
Ford Kuga,128000,2014,0,Diesel,SUV,2.0L,Manual,5,5,Euro 5,5790
Mercedes-Benz S Class,189988,2005,0,Diesel,Saloon,3.2L,Automatic,4,5,Euro 3,1995
Nissan X-trail,152584,2016,0,Diesel,SUV,1.6L,Manual,5,5,Euro 6,6850
Hyundai Kona,19539,2019,0,Petrol,SUV,1.0L,Manual,5,5,Euro 6,13450
Nissan Qashqai,87018,2014,3,Diesel,SUV,1.5L,Manual,5,5,Euro 5,6000
Ford Mondeo,78000,2017,2,Diesel,Hatchback,2.0L,Manual,5,5,Euro 6,7990
Nissan Juke,76000,2015,2,Petrol,SUV,1.2L,Manual,5,5,Euro 5,5100
SEAT Ibiza,80000,2015,3,Petrol,Hatchback,1.4L,Manual,3,5,Euro 5,6250
Nissan Leaf,60695,2014,0,Electric,Hatchback,null,Automatic,5,5,null,5390
Volkswagen Polo,11500,2021,1,Petrol,Hatchback,1.0L,Manual,5,5,Euro 6,15970
SEAT Ibiza,80000,2015,3,Petrol,Hatchback,1.4L,Manual,3,5,Euro 5,6250
BMW 3 Series,97000,2011,4,Diesel,Saloon,2.0L,Manual,4,5,Euro 5,3990
Mercedes-Benz E Class,73000,2014,1,Diesel,Saloon,2.1L,Automatic,4,5,Euro 5,8995
Suzuki Swift Hatchback,64156,2015,1,Petrol,Hatchback,1.2L,Manual,5,5,Euro 5,5450
Toyota Aygo,57213,2011,2,Petrol,Hatchback,1.0L,Manual,5,4,Euro 5,1995
Vauxhall Insignia,117221,2013,3,Diesel,Estate,2.0L,Automatic,5,5,Euro 5,2750
Nissan Juke,67000,2010,3,Petrol,SUV,1.6L,Manual,5,5,Euro 5,4500
BMW 3 Series,84000,2008,0,Petrol,Coupe,3.0L,Automatic,2,4,Euro 4,6995
MINI Hatch,59000,2010,0,Petrol,Hatchback,1.6L,Manual,3,4,Euro 5,3995
BMW 2 Series,26607,2019,0,Petrol,Coupe,1.5L,Automatic,2,4,Euro 6,17599
Volkswagen T-cross,14385,2021,1,Petrol,SUV,1.0L,Manual,5,5,Euro 6,17670
Ford Fiesta,52188,2019,1,Petrol,Hatchback,1.0L,Manual,5,5,Euro 6,10795
Audi A3,44000,2016,1,Diesel,Saloon,2.0L,Manual,4,5,Euro 6,13500
BMW X5,115258,2009,0,Diesel,SUV,3.0L,Automatic,5,5,Euro 4,6490
Vauxhall Corsa,53407,2014,4,Petrol,Hatchback,1.4L,Manual,3,5,Euro 5,5690
Hyundai i10,108741,2011,1,Petrol,Hatchback,1.2L,Manual,5,5,Euro 5,1995
BMW 3 SERIES,82609,2015,2,Diesel,Saloon,2.0L,Automatic,4,5,Euro 6,10995
Peugeot 207 CC,70679,2010,3,Petrol,Convertible,1.6L,Manual,2,4,Euro 5,2490
Nissan Qashqai,91474,2013,2,Petrol,SUV,1.6L,Manual,5,5,Euro 5,5999
Nissan X-trail,152584,2016,0,Diesel,SUV,1.6L,Manual,5,5,Euro 6,6850
Hyundai i20,105472,2009,4,Petrol,Hatchback,1.2L,Manual,3,5,Euro 4,1850
Volkswagen T-cross,14385,2021,1,Petrol,SUV,1.0L,Manual,5,5,Euro 6,17670
BMW 2 Series,26607,2019,0,Petrol,Coupe,1.5L,Automatic,2,4,Euro 6,17599
Vauxhall Corsa,44360,2010,0,Petrol,Hatchback,1.2L,Manual,5,5,Euro 5,3500
Peugeot 308,97900,2009,4,Diesel,Estate,2.0L,Manual,5,5,Euro 4,3500
Nissan Qashqai,66000,2013,0,Diesel,SUV,1.5L,Manual,5,5,Euro 5,7250
Mercedes-Benz A Class,97741,2011,0,Petrol,Hatchback,1.5L,Manual,5,5,Euro 5,1995
Vauxhall Corsa Hatchback,102412,2016,1,Petrol,Hatchback,1.2L,Manual,3,5,Euro 6,4995
Citroen DS3,47400,2013,3,Petrol,Hatchback,1.6L,Manual,3,5,Euro 5,5000
Vauxhall Viva Hatchback,68084,2015,2,Petrol,Hatchback,1.0L,Manual,5,5,Euro 6,5495
Vauxhall Corsa,75300,2016,2,Petrol,Hatchback,1.4L,Manual,3,5,Euro 6,5000
Mercedes-Benz C Class,135000,2007,0,Diesel,Estate,2.1L,Automatic,5,5,Euro 4,2495
BMW 2 Series,26607,2019,0,Petrol,Coupe,1.5L,Automatic,2,4,Euro 6,17599
Toyota Aygo,16420,2019,0,Petrol,Hatchback,1.0L,Manual,5,4,Euro 6,10700
Peugeot 108,49812,2014,1,Petrol,Hatchback,1.0L,Manual,5,4,Euro 5,5475
Land Rover Freelander 2,121000,2009,2,Diesel,SUV,2.2L,Manual,5,5,Euro 4,3750
Ford Fiesta,41440,2014,2,Petrol,Hatchback,1.3L,Manual,5,5,Euro 5,6250
BMW 7 Series,83000,2006,0,Petrol,Saloon,4.8L,Automatic,4,5,Euro 4,4000
Maserati Granturismo,66000,2008,0,Petrol,Coupe,4.2L,Automatic,2,4,Euro 4,16000
Vauxhall Corsa,41046,2016,2,Petrol,Hatchback,1.4L,Manual,3,5,Euro 6,6495
Vauxhall Astra,86327,2011,3,Diesel,Hatchback,2.0L,Manual,5,5,Euro 5,3375
Fiat 500L,28500,2015,3,Diesel,MPV,1.3L,Manual,5,5,Euro 6,7750
Peugeot 308,26994,2008,0,Petrol,Hatchback,1.6L,Automatic,5,5,Euro 4,4000
Hyundai i20,105472,2009,4,Petrol,Hatchback,1.2L,Manual,3,5,Euro 4,1850
Toyota Aygo,16420,2019,0,Petrol,Hatchback,1.0L,Manual,5,4,Euro 6,10700
Renault Clio,49908,2021,0,Petrol,Hatchback,1.0L,Manual,5,5,Euro 6,11890
Citroen C3,56425,2017,2,Petrol,Hatchback,1.2L,Manual,5,5,Euro 6,7999
Peugeot 108,49430,2014,3,Petrol,Hatchback,1.2L,Manual,5,4,Euro 5,5950
Ford Kuga,94000,2015,0,Diesel,SUV,2.0L,Manual,5,5,Euro 6,6990
Vauxhall Astra,45000,2013,3,Petrol,Estate,1.6L,Manual,5,5,Euro 5,5500
Nissan Note,86000,2014,4,Petrol,Hatchback,1.2L,Manual,5,5,Euro 5,4490
Audi A5 Cabriolet,87000,2011,3,Diesel,Convertible,2.0L,Manual,2,4,Euro 5,6250
Land Rover Freelander 2,102465,2012,1,Diesel,SUV,2.2L,Automatic,5,5,Euro 5,7295
Nissan Juke,89999,2013,0,Diesel,SUV,1.5L,Manual,5,5,Euro 5,4995
Ford Kuga,49000,2009,0,Diesel,SUV,2.0L,Manual,5,5,Euro 4,5600
Ford Fiesta,71582,2015,0,Petrol,Hatchback,1.0L,Manual,3,5,Euro 6,5995
Mercedes-Benz C Class,135000,2007,0,Diesel,Estate,2.1L,Automatic,5,5,Euro 4,2495
Renault Clio,49908,2021,0,Petrol,Hatchback,1.0L,Manual,5,5,Euro 6,11890
Nissan Leaf,60695,2014,0,Electric,Hatchback,null,Automatic,5,5,null,5390
SEAT Tarraco,36774,2020,1,Diesel,SUV,2.0L,Manual,5,7,Euro 6,17500
Vauxhall Combo,35616,2010,1,Diesel,Combi Van,1.3L,Manual,3,null,Euro 4,4250
Peugeot 308,114288,2018,1,Diesel,Hatchback,1.5L,Automatic,5,5,Euro 6,8125
Vauxhall Agila,46908,2007,2,Petrol,MPV,1.2L,Manual,5,5,Euro 4,1995
Audi A3 Cabriolet,67000,2014,0,Petrol,Convertible,1.4L,Manual,2,4,Euro 6,8990
Ford Kuga,105000,2014,0,Diesel,SUV,2.0L,Manual,5,5,Euro 5,5495
Ford Focus,94777,2015,0,Diesel,Hatchback,1.5L,Manual,5,5,Euro 6,5975
Vauxhall Corsa,92330,2020,1,Petrol,Hatchback,1.2L,Manual,5,5,Euro 6,9350
Audi A1,48000,2015,3,Diesel,Hatchback,1.6L,Automatic,3,5,Euro 6,10990
Renault Grand Scenic,73000,2011,2,Diesel,MPV,1.5L,Automatic,5,7,Euro 5,4000
Nissan Leaf,60695,2014,0,Electric,Hatchback,null,Automatic,5,5,null,5390
Audi A5 DIESEL COUPE,68603,2017,1,Diesel,Coupe,2.0L,Automatic,2,4,Euro 6,16555
BMW 1 Series,58601,2013,2,Diesel,Hatchback,2.0L,Manual,3,5,Euro 5,7495
Volkswagen Beetle,90100,2002,5,Petrol,Hatchback,2.0L,Manual,3,4,Euro 4,1450
Ford Focus,71500,2012,2,Petrol,Hatchback,1.0L,Manual,5,5,Euro 5,4995
Peugeot 208,87741,2013,0,Diesel,Hatchback,1.4L,Manual,5,5,Euro 5,3495
Ford Fiesta,94600,2015,2,Petrol,Hatchback,1.0L,Automatic,5,5,Euro 6,6850
SKODA Roomster,76507,2013,0,Diesel,MPV,1.6L,Manual,5,5,Euro 5,4290
Ford Focus,59300,2016,3,Petrol,Hatchback,1.0L,Manual,5,5,Euro 6,7499
Renault Clio,93000,2004,5,Petrol,Hatchback,2.0L,Manual,3,5,Euro 3,4995
Hyundai i20,105472,2009,4,Petrol,Hatchback,1.2L,Manual,3,5,Euro 4,1850
Nissan Juke,45462,2019,1,Petrol,SUV,1.6L,Manual,5,5,Euro 6,11000
Toyota Aygo,16420,2019,0,Petrol,Hatchback,1.0L,Manual,5,4,Euro 6,10700
BMW 3 Series,115000,2010,0,Diesel,Saloon,2.0L,Manual,4,5,Euro 5,2590
Smart Forfour,35814,2016,2,Petrol,Hatchback,1.0L,Manual,5,4,Euro 6,6695
Mercedes-Benz A-class,49938,2016,2,Petrol,Hatchback,1.6L,Manual,5,5,Euro 6,12995
Vauxhall Astra,69000,2013,0,Petrol,Hatchback,1.4L,Manual,5,5,Euro 5,4700
BMW 5 Series,96000,2014,2,Diesel,Saloon,2.0L,Manual,4,5,Euro 6,6950
Citroen C3 Picasso,49000,2011,2,Diesel,MPV,1.6L,Manual,5,5,Euro 5,4250
Vauxhall Corsa Hatchback,54956,2015,2,Petrol,Hatchback,1.4L,Manual,5,5,Euro 6,6690
MINI Hatch ONE,85592,2016,0,Diesel,Hatchback,1.5L,Manual,3,4,Euro 6,5995
Renault Megane,22000,2019,1,Petrol,Hatchback,1.3L,Manual,5,5,Euro 6,11795
Toyota Aygo,110000,2006,4,Petrol,Hatchback,1.0L,Manual,5,4,Euro 4,1795
Toyota Aygo,16420,2019,0,Petrol,Hatchback,1.0L,Manual,5,4,Euro 6,10700
BMW 2 Series,26607,2019,0,Petrol,Coupe,1.5L,Automatic,2,4,Euro 6,17599
Infiniti FX,88000,2011,0,Diesel,SUV,3.0L,Automatic,5,5,Euro 5,7999
Peugeot 208,78900,2016,3,Petrol,Hatchback,1.0L,Manual,5,5,Euro 6,5500
Peugeot 308 CC,96024,2011,4,Diesel,Convertible,2.0L,Manual,2,4,Euro 5,2800
Volvo XC90,174500,2006,3,Diesel,SUV,2.4L,Automatic,5,7,Euro 4,2995
Land Rover Range Rover Evoque Diesel Hatchback,81933,2014,2,Diesel,SUV,2.2L,Automatic,5,5,Euro 5,14861
Volkswagen Polo,79004,2015,1,Diesel,Hatchback,1.4L,Manual,5,5,Euro 6,6495
Ford Ecosport,49482,2017,2,Petrol,SUV,1.0L,Manual,5,5,Euro 6,9495
Mercedes-Benz C Class,44000,2017,3,Diesel,Coupe,2.1L,Automatic,2,4,Euro 6,18450
Nissan Qashqai,45774,2020,0,Petrol,SUV,1.3L,Automatic,5,5,Euro 6,14990
Nissan Juke,45462,2019,1,Petrol,SUV,1.6L,Manual,5,5,Euro 6,11000
Ford Focus,96765,2017,1,Diesel,Hatchback,1.5L,Manual,5,5,Euro 6,7475
Fiat 500,22000,2016,0,Petrol,Hatchback,1.2L,Manual,3,4,Euro 6,6595
Ford Focus Diesel Hatchback,35843,2020,1,Diesel,Hatchback,1.5L,Manual,5,5,Euro 6,13950
Citroen C3 AIRCROSS DIESEL MPV,94814,2017,2,Diesel,SUV,1.6L,Manual,5,5,Euro 6,8490
Mercedes-Benz E Class,105000,2014,0,Diesel,Convertible,3.0L,Automatic,2,4,Euro 6,10995
Peugeot 3008,86897,2012,3,Diesel,SUV,2.0L,Manual,5,5,Euro 5,3995
Ford Mondeo,142263,2018,3,Diesel,Hatchback,2.0L,Manual,5,5,Euro 6,8490
Renault Clio,29740,2015,3,Petrol,Hatchback,0.9L,Manual,5,5,Euro 5,7799
Renault Clio,74434,2017,2,Petrol,Hatchback,1.1L,Manual,5,5,Euro 6,6495
Volkswagen T-cross,14385,2021,1,Petrol,SUV,1.0L,Manual,5,5,Euro 6,17670
Toyota Aygo,16420,2019,0,Petrol,Hatchback,1.0L,Manual,5,4,Euro 6,10700
Renault Clio,60394,2016,2,Petrol,Hatchback,1.2L,Manual,5,5,Euro 6,6495
Mitsubishi GTO,60742,2003,4,Petrol,Coupe,3.0L,Manual,null,null,null,15000
Vauxhall Corsa,76238,2016,0,Diesel,Hatchback,1.2L,Manual,5,5,Euro 6,5250
MINI Paceman,56552,2017,2,Diesel,SUV,2.0L,Manual,3,4,Euro 5,10999
Suzuki Alto,58000,2014,0,Petrol,Hatchback,1.0L,Manual,5,4,Euro 5,3000
Jaguar XF,65847,2013,3,Diesel,Saloon,2.2L,Automatic,4,5,Euro 5,8995
SEAT Ibiza,33585,2014,2,Petrol,Hatchback,1.4L,Manual,5,5,Euro 5,7150
Ford Fiesta,138930,2010,2,Diesel,Hatchback,1.4L,Manual,5,5,Euro 4,2499
Toyota Aygo,110000,2006,4,Petrol,Hatchback,1.0L,Manual,5,4,Euro 4,1795
Toyota Yaris,51179,2019,1,Petrol Hybrid,Hatchback,1.5L,Automatic,5,5,Euro 6,13000
Volkswagen T-cross,14385,2021,1,Petrol,SUV,1.0L,Manual,5,5,Euro 6,17670
Audi A4,91000,2013,0,Diesel,Saloon,2.0L,Manual,4,5,Euro 5,4950
Fiat 500L,79308,2015,1,Diesel,MPV,null,Automatic,null,null,null,5250
Volkswagen Touran,78000,2010,0,Diesel,MPV,1.6L,Manual,5,7,Euro 5,6295
Volvo S60,122000,2017,2,Diesel,Saloon,2.0L,Manual,4,5,Euro 6,6995
Vauxhall Crossland X,50433,2019,1,Petrol,SUV,1.2L,Manual,5,5,Euro 6,9795
Volkswagen Passat,42000,2014,3,Diesel,Saloon,2.0L,Manual,4,5,Euro 5,7995
Nissan Qashqai,95330,2013,2,Diesel,SUV,1.5L,Manual,5,5,Euro 5,5750
Mercedes-Benz A-class,53944,2017,2,Petrol,Hatchback,1.6L,Manual,5,5,Euro 6,12395
BMW 1 Series,120366,2015,1,Diesel,Hatchback,1.5L,Manual,5,5,Euro 6,6850
Vauxhall Astra,71000,2012,3,Petrol,Estate,1.6L,Manual,5,5,Euro 5,4300
Renault Grand Scenic,73000,2011,2,Diesel,MPV,1.5L,Automatic,5,7,Euro 5,4000
Volkswagen T-cross,14385,2021,1,Petrol,SUV,1.0L,Manual,5,5,Euro 6,17670
Nissan Juke,45462,2019,1,Petrol,SUV,1.6L,Manual,5,5,Euro 6,11000
Audi A5 Cabriolet,67000,2018,2,Petrol,Convertible,2.0L,Manual,2,4,Euro 6,15990
Jaguar XE,53634,2018,2,Diesel,Saloon,2.0L,Automatic,4,5,Euro 6,15995
Citroen C3,71000,2012,0,Diesel,Hatchback,1.4L,Automatic,5,5,Euro 5,4500
BMW 5 SERIES,59879,2013,1,Petrol,Saloon,2.0L,Automatic,4,5,Euro 5,12995
Hyundai i10,79315,2011,4,Petrol,Hatchback,1.2L,Manual,5,5,Euro 4,2750
Toyota Aygo,110000,2006,4,Petrol,Hatchback,1.0L,Manual,5,4,Euro 4,1795
Nissan Juke,45462,2019,1,Petrol,SUV,1.6L,Manual,5,5,Euro 6,11000
Audi A5 DIESEL COUPE,68603,2017,1,Diesel,Coupe,2.0L,Automatic,2,4,Euro 6,16555
Ford Kuga Diesel Hatchback,65684,2015,1,Diesel,SUV,2.0L,Manual,5,5,Euro 6,8650
Nissan Micra,55000,2012,2,Petrol,Hatchback,1.2L,Manual,5,5,Euro 5,4400
Jaguar XJ,124414,2008,0,Diesel,Saloon,2.7L,Automatic,4,5,Euro 4,5490
Vauxhall Meriva,90031,2017,2,Petrol,MPV,1.4L,Manual,5,5,Euro 6,5650
Alfa Romeo Giulietta,61000,2014,3,Diesel,Hatchback,1.6L,Manual,5,5,Euro 5,4100
Mazda MX-5,49000,2012,0,Petrol,Convertible,1.8L,Manual,2,2,Euro 5,8480
KIA Sportage Diesel Estate,54894,2016,3,Diesel,SUV,2.0L,Manual,5,5,Euro 6,13094
Citroen C3,52000,2010,5,Petrol,Hatchback,1.6L,Manual,5,5,Euro 5,4000
Renault Clio,74434,2017,2,Petrol,Hatchback,1.1L,Manual,5,5,Euro 6,6495
Audi A5 DIESEL COUPE,68603,2017,1,Diesel,Coupe,2.0L,Automatic,2,4,Euro 6,16555
BMW 2 Series,26607,2019,0,Petrol,Coupe,1.5L,Automatic,2,4,Euro 6,17599
Ford Fiesta,160741,2013,0,Diesel,Hatchback,1.5L,Manual,3,5,Euro 5,2495
Smart Forfour,106000,2016,0,Petrol,Hatchback,1.0L,Manual,5,4,Euro 6,4795
Vauxhall Corsa,70000,2011,0,Petrol,Hatchback,1.2L,Manual,5,5,Euro 5,3000
Vauxhall Zafira,64000,2011,4,Petrol,MPV,1.8L,Manual,5,7,Euro 5,3900
Land Rover Range Rover Sport,88000,2005,0,Petrol,SUV,4.2L,Automatic,5,5,Euro 3,9000
Mercedes-Benz CLA Class,73000,2017,3,Diesel,Saloon,2.1L,Manual,4,5,Euro 6,11000
KIA Sportage,92854,2014,2,Petrol,SUV,1.6L,Manual,5,5,Euro 5,6995
Ford Fiesta,81345,2012,2,Petrol,Hatchback,1.0L,Manual,3,5,Euro 5,4500
Vauxhall Adam,64337,2014,2,Petrol,Hatchback,1.4L,Manual,3,4,Euro 5,5695
Renault Grand Scenic,73000,2011,2,Diesel,MPV,1.5L,Automatic,5,7,Euro 5,4000
BMW 2 Series,26607,2019,0,Petrol,Coupe,1.5L,Automatic,2,4,Euro 6,17599
Renault Clio,49908,2021,0,Petrol,Hatchback,1.0L,Manual,5,5,Euro 6,11890
Infiniti EX,89000,2012,4,Diesel,SUV,3.0L,Automatic,5,5,Euro 5,5989
Volkswagen Passat,190000,2016,1,Diesel,Estate,2.0L,Automatic,5,5,Euro 6,5950
Vauxhall Corsa,60518,2015,3,Petrol,Hatchback,1.2L,Manual,5,5,Euro 5,5299
Renault Megane Hatch,42554,2017,3,Diesel,Hatchback,1.6L,Manual,5,5,Euro 6,11000
Peugeot 3008,73000,2011,0,Diesel,SUV,1.6L,Automatic,5,5,Euro 5,4800
Audi A4,182000,2014,2,Diesel,Saloon,2.0L,Automatic,4,5,Euro 5,4250
Toyota Yaris,51179,2019,1,Petrol Hybrid,Hatchback,1.5L,Automatic,5,5,Euro 6,13000
Nissan Leaf,60695,2014,0,Electric,Hatchback,null,Automatic,5,5,null,5390
Audi Q3,130000,2014,2,Diesel,SUV,2.0L,Manual,5,5,Euro 5,6990
Nissan X-trail Diesel Estate,80899,2015,2,Diesel,SUV,1.6L,Manual,5,5,Euro 5,10490
Nissan Qashqai Diesel Hatchback,56754,2016,1,Diesel,SUV,1.5L,Manual,5,5,Euro 6,11964
BMW 1 Series,85709,2013,2,Diesel,Hatchback,2.0L,Manual,5,5,Euro 5,7290
Ford Fiesta,127910,2015,4,Diesel,Hatchback,1.5L,Manual,5,5,Euro 5,3130
Mazda 3,58106,2016,1,Petrol,Hatchback,2.0L,Manual,5,5,Euro 5,9699
Vauxhall Mokka,80000,2016,1,Diesel,SUV,1.6L,Manual,5,5,Euro 6,6990
Vauxhall Adam,27228,2013,1,Petrol,Hatchback,1.4L,Manual,3,4,Euro 5,6695
Mercedes-Benz E Class,61000,2013,2,Diesel,Coupe,2.1L,Automatic,2,4,Euro 5,7995
Renault Clio,74434,2017,2,Petrol,Hatchback,1.1L,Manual,5,5,Euro 6,6495
Nissan Leaf,60695,2014,0,Electric,Hatchback,null,Automatic,5,5,null,5390
Toyota Aygo,16420,2019,0,Petrol,Hatchback,1.0L,Manual,5,4,Euro 6,10700
BMW 3 Series,100100,2013,2,Diesel,Saloon,2.0L,Manual,4,5,Euro 5,6200
Audi A3,71000,2012,3,Petrol,Hatchback,1.8L,Automatic,3,5,Euro 5,8999
Audi TT,96000,2013,0,Diesel,Coupe,2.0L,Automatic,3,4,Euro 5,6495
KIA Ceed Diesel Hatchback,54286,2020,1,Diesel,Hatchback,1.6L,Manual,5,5,Euro 6,12995
Volkswagen Polo,31000,1993,1,Petrol,Coupe,1.0L,Manual,3,5,Euro 1,2750
Vauxhall Astra,88000,2008,3,Petrol,Hatchback,1.6L,Manual,5,5,Euro 4,1995
Jaguar XE Diesel Saloon,78268,2015,2,Diesel,Saloon,2.0L,Automatic,4,5,Euro 6,12087
Renault Clio,74434,2017,2,Petrol,Hatchback,1.1L,Manual,5,5,Euro 6,6495
Toyota Aygo,16420,2019,0,Petrol,Hatchback,1.0L,Manual,5,4,Euro 6,10700
Volkswagen Polo,11500,2021,1,Petrol,Hatchback,1.0L,Manual,5,5,Euro 6,15970
KIA RIO,42250,2015,1,Diesel,Hatchback,1.1L,Manual,5,5,Euro 6,6750
Peugeot 308,37124,2017,0,Diesel,Hatchback,1.6L,Manual,5,5,Euro 6,10795
Ford KA,65000,2010,2,Petrol,Hatchback,1.2L,Manual,3,4,Euro 4,3000
Maserati Ghibli,63000,2014,5,Diesel,Saloon,3.0L,Automatic,4,5,Euro 5,13900
Jaguar XE,56400,2017,0,Petrol,Saloon,3.0L,Automatic,4,5,Euro 6,17499
SEAT Leon,60808,2018,1,Diesel,Hatchback,1.6L,Manual,5,5,Euro 6,10000
Vauxhall Corsa,35000,2016,0,Petrol,Hatchback,1.4L,Manual,3,5,Euro 6,6230
SKODA Octavia,71000,2009,2,Diesel,Estate,1.9L,Automatic,5,5,Euro 4,4800
Honda Civic,114532,2019,1,Diesel,Hatchback,1.6L,Manual,5,5,Euro 6,9895
Renault Grand Scenic,73000,2011,2,Diesel,MPV,1.5L,Automatic,5,7,Euro 5,4000
Volkswagen Polo,11500,2021,1,Petrol,Hatchback,1.0L,Manual,5,5,Euro 6,15970
Audi A5 DIESEL COUPE,68603,2017,1,Diesel,Coupe,2.0L,Automatic,2,4,Euro 6,16555
Vauxhall Corsa,34241,2020,1,Petrol,Hatchback,1.2L,Manual,5,5,Euro 6,11799
Citroen C3,22680,2017,2,Petrol,Hatchback,1.2L,Manual,5,5,Euro 6,9574
Toyota Aygo,34000,2013,1,Petrol,Hatchback,1.0L,Manual,3,4,Euro 5,5295
Volkswagen CC,92000,2012,0,Diesel,Saloon,2.0L,Manual,4,5,Euro 5,6795
Mercedes-Benz CLA Class,99000,2014,2,Diesel,Saloon,2.1L,Automatic,4,5,Euro 6,9995
Mercedes-Benz C Class,135000,2007,0,Diesel,Estate,2.1L,Automatic,5,5,Euro 4,2495
Audi A5 DIESEL COUPE,68603,2017,1,Diesel,Coupe,2.0L,Automatic,2,4,Euro 6,16555
Audi A5 DIESEL COUPE,68603,2017,1,Diesel,Coupe,2.0L,Automatic,2,4,Euro 6,16555
Vauxhall Corsa,24329,2016,1,Petrol,Hatchback,1.4L,Manual,3,5,Euro 6,8495
Volkswagen Tiguan,60000,2014,0,Diesel,SUV,2.0L,Manual,5,5,Euro 5,12495
Ford Focus Hatchback,55996,2016,4,Petrol,Hatchback,1.0L,Manual,5,5,Euro 6,10136
Jaguar XF,102114,2009,0,Diesel,Saloon,3.0L,Automatic,4,5,Euro 5,5290
Nissan Pulsar,61108,2016,1,Petrol,Hatchback,1.2L,Manual,5,5,Euro 6,7499
Volkswagen Golf,105000,2011,0,Diesel,Hatchback,1.6L,Manual,5,5,Euro 5,4250
Citroen C4 Cactus,53765,2015,5,Diesel,Hatchback,1.6L,Manual,5,5,Euro 6,6500
Jaguar XF,48106,2018,2,Diesel,Saloon,2.0L,Automatic,4,5,Euro 6,16995
Hyundai i20,105472,2009,4,Petrol,Hatchback,1.2L,Manual,3,5,Euro 4,1850
Toyota Yaris,51179,2019,1,Petrol Hybrid,Hatchback,1.5L,Automatic,5,5,Euro 6,13000
BMW 2 Series,26607,2019,0,Petrol,Coupe,1.5L,Automatic,2,4,Euro 6,17599
Renault Clio,78000,2003,3,Petrol,Hatchback,2.0L,Manual,3,5,Euro 3,6499
Fiat 500,57766,2011,3,Petrol,Hatchback,1.2L,Manual,3,4,Euro 5,3599
Mazda MX-5,78813,2009,4,Petrol,Convertible,1.8L,Manual,2,2,Euro 4,5997
Ford Fiesta Hatchback,43575,2017,1,Petrol,Hatchback,1.1L,Manual,5,5,Euro 6,8990
Toyota Aygo,85500,2016,3,Petrol,Hatchback,1.0L,Manual,3,4,Euro 5,4500
BMW Z4,93500,2007,5,Petrol,Convertible,2.0L,Manual,2,2,Euro 4,4250
Ford Fiesta,71000,2009,0,Petrol,Hatchback,1.6L,Manual,3,5,Euro 4,4500
Nissan Micra,85683,2019,1,Petrol,Hatchback,1.0L,Manual,5,5,Euro 6,8875
Nissan Qashqai+2,77340,2012,6,Diesel,SUV,2.0L,Automatic,5,7,Euro 5,5000
Hyundai i20,105472,2009,4,Petrol,Hatchback,1.2L,Manual,3,5,Euro 4,1850
BMW 2 Series,26607,2019,0,Petrol,Coupe,1.5L,Automatic,2,4,Euro 6,17599
Audi A5 DIESEL COUPE,68603,2017,1,Diesel,Coupe,2.0L,Automatic,2,4,Euro 6,16555
Mercedes-Benz E Class Diesel Coupe,69475,2014,3,Diesel,Coupe,2.1L,Automatic,2,4,Euro 5,11995
Vauxhall Corsa,105000,2012,6,Petrol,Hatchback,1.2L,Manual,3,5,Euro 5,2595
Nissan Juke,89125,2012,0,Petrol,SUV,1.6L,Manual,5,5,Euro 5,4490
Citroen C6,32090,2009,2,Diesel,Saloon,2.7L,Automatic,4,5,Euro 4,8000
Citroen C3 Aircross,14791,2021,1,Petrol,SUV,1.2L,Manual,5,5,Euro 6,14395
Ford Fiesta Hatchback,42941,2016,1,Petrol,Hatchback,1.3L,Manual,5,5,Euro 6,8201
Nissan Leaf,60695,2014,0,Electric,Hatchback,null,Automatic,5,5,null,5390
Volkswagen Polo,11500,2021,1,Petrol,Hatchback,1.0L,Manual,5,5,Euro 6,15970
Mazda 3,24008,2018,2,Diesel,Saloon,2.2L,Manual,4,5,Euro 6,13495
Audi TT,104265,2011,2,Diesel,Coupe,2.0L,Manual,3,4,Euro 5,6790
Honda Jazz,92823,2016,2,Petrol,Hatchback,1.3L,Manual,5,5,Euro 6,7750
BMW 3 Series,57000,2013,0,Petrol,Saloon,1.6L,Manual,4,5,Euro 5,7795
KIA RIO,49050,2016,0,Diesel,Hatchback,1.4L,Manual,5,5,Euro 6,7650
BMW 1 Series,80000,2013,0,Petrol,Hatchback,1.6L,Manual,3,5,Euro 6,6795
Volkswagen Polo Hatchback,71521,2016,2,Petrol,Hatchback,1.2L,Manual,5,5,Euro 6,8395
Renault Clio,74434,2017,2,Petrol,Hatchback,1.1L,Manual,5,5,Euro 6,6495
Nissan Leaf,60695,2014,0,Electric,Hatchback,null,Automatic,5,5,null,5390
Renault Clio,49908,2021,0,Petrol,Hatchback,1.0L,Manual,5,5,Euro 6,11890
KIA Ceed,4750,2020,0,Petrol,Estate,1.0L,Manual,5,5,Euro 6,13495
Suzuki Vitara,53150,2017,2,Petrol,SUV,1.6L,Manual,5,5,Euro 6,9699
Ford Fiesta,49000,2012,4,Petrol,Hatchback,1.3L,Manual,5,5,Euro 5,5000
Jaguar XF,101000,2013,0,Diesel,Saloon,3.0L,Automatic,4,5,Euro 5,9295
Volkswagen Golf,102500,2015,2,Petrol Plug-in Hybrid,Hatchback,1.4L,Automatic,5,5,Euro 6,9600
Dacia Sandero Stepway,49330,2016,2,Petrol,Hatchback,0.9L,Manual,5,5,Euro 6,6495
KIA Ceed,112398,2019,1,Diesel,Estate,1.6L,Manual,5,5,Euro 6,9095
Renault Clio,49908,2021,0,Petrol,Hatchback,1.0L,Manual,5,5,Euro 6,11890
Audi A5 DIESEL COUPE,68603,2017,1,Diesel,Coupe,2.0L,Automatic,2,4,Euro 6,16555
Mitsubishi L200,84881,2016,0,Diesel,Pickup,2.4L,Manual,5,5,Euro 6,13995
Volkswagen Tiguan,115307,2011,4,Diesel,SUV,2.0L,Automatic,5,5,Euro 5,5490
Ford Fiesta,82054,2014,3,Petrol,Hatchback,1.0L,Manual,5,5,Euro 5,5000
Ford Ecosport,47923,2015,2,Diesel,SUV,1.5L,Manual,5,5,Euro 6,7495
Suzuki Swift,60513,2013,0,Petrol,Hatchback,1.2L,Manual,3,4,Euro 5,5190
Peugeot 3008,118367,2019,1,Diesel,SUV,1.5L,Manual,5,5,Euro 6,11195
SKODA Fabia,42091,2016,3,Petrol,Hatchback,1.2L,Manual,5,5,Euro 6,9495
Renault Clio,74434,2017,2,Petrol,Hatchback,1.1L,Manual,5,5,Euro 6,6495
Audi A5 DIESEL COUPE,68603,2017,1,Diesel,Coupe,2.0L,Automatic,2,4,Euro 6,16555
Nissan Leaf,60695,2014,0,Electric,Hatchback,null,Automatic,5,5,null,5390
Renault Megane Hatch,34453,2020,1,Diesel,Hatchback,1.5L,Automatic,5,5,Euro 6,14577
Land Rover Range Rover Evoque,70142,2016,2,Diesel,SUV,2.0L,Manual,5,5,Euro 6,13799
Vauxhall Corsa,64705,2015,1,Petrol,Hatchback,1.4L,Manual,3,5,Euro 5,4799
Fiat 500,73193,2013,0,Petrol,Hatchback,1.2L,Manual,3,4,Euro 6,4250
SKODA Kamiq,37000,2020,1,Petrol,SUV,1.0L,Manual,5,5,Euro 6,13990
BMW 1 SERIES,71062,2015,2,Diesel,Hatchback,1.5L,Manual,5,5,Euro 6,8295
Audi A4 Cabriolet,117000,2007,4,Diesel,Convertible,2.0L,Manual,2,4,Euro 4,2990
Vauxhall Corsa Hatchback Special EDS,27955,2014,2,Petrol,Hatchback,1.0L,Manual,3,5,Euro 5,6698
Peugeot 208,20730,2020,1,Petrol,Hatchback,1.2L,Manual,5,5,Euro 6,13780
Toyota Aygo,16420,2019,0,Petrol,Hatchback,1.0L,Manual,5,4,Euro 6,10700
Toyota Yaris,51179,2019,1,Petrol Hybrid,Hatchback,1.5L,Automatic,5,5,Euro 6,13000
Vauxhall Adam,38064,2018,3,Petrol,Hatchback,1.2L,Manual,3,4,Euro 6,8599
Citroen C3,65526,2017,1,Petrol,Hatchback,1.2L,Manual,5,5,Euro 6,6985
Renault Megane,39043,2017,3,Diesel,Hatchback,1.5L,Manual,5,5,Euro 6,10999
BMW 1 SERIES,53348,2019,0,Diesel,Hatchback,2.0L,Manual,3,5,Euro 6,14395
Honda Jazz Hatchback,48873,2015,2,Petrol,Hatchback,1.4L,Manual,5,5,Euro 5,7548
Toyota Aygo,110000,2006,4,Petrol,Hatchback,1.0L,Manual,5,4,Euro 4,1795
Renault Clio,49908,2021,0,Petrol,Hatchback,1.0L,Manual,5,5,Euro 6,11890
Nissan Leaf,60695,2014,0,Electric,Hatchback,null,Automatic,5,5,null,5390
Peugeot 508,60400,2019,5,Diesel,Hatchback,2.0L,Automatic,5,5,Euro 6,13850
Vauxhall Grandland X,20114,2019,1,Petrol,SUV,1.2L,Manual,5,5,Euro 6,13499
SKODA Octavia,79147,2018,1,Diesel,Estate,1.6L,Manual,5,5,Euro 6,9895
Audi A3,89000,2012,3,Diesel,Hatchback,1.6L,Manual,5,5,Euro 5,4990
Hyundai Tucson,66084,2018,2,Petrol,SUV,1.6L,Manual,5,5,Euro 6,10999
Audi A1,46450,2013,0,Petrol,Hatchback,1.4L,Automatic,5,5,Euro 5,11995
MINI Hatch Cooper,37199,2019,2,Petrol,Hatchback,1.5L,Manual,3,4,Euro 6,15495
Volkswagen Passat,104930,2011,3,Diesel,Saloon,2.0L,Automatic,4,5,Euro 5,4690
Nissan Juke,76000,2012,0,Petrol,SUV,1.6L,Manual,5,5,Euro 5,4990
Renault Captur,40411,2018,2,Petrol,SUV,0.9L,Manual,5,5,Euro 6,9994
BMW X5,86000,2010,0,Petrol,SUV,4.4L,Automatic,5,5,Euro 5,12000
KIA Optima,58552,2017,2,Diesel,Estate,1.7L,Manual,5,5,Euro 6,11500
Peugeot 3008,48463,2019,1,Diesel,SUV,1.5L,Manual,5,5,Euro 6,15999
Vauxhall Adam,65814,2014,1,Petrol,Hatchback,1.4L,Manual,3,4,Euro 5,6199
Audi A1,101664,2016,1,Diesel,Hatchback,1.6L,Manual,5,5,Euro 6,6440
Audi A5 DIESEL COUPE,68603,2017,1,Diesel,Coupe,2.0L,Automatic,2,4,Euro 6,16555
Nissan Leaf,60695,2014,0,Electric,Hatchback,null,Automatic,5,5,null,5390
Mercedes-Benz E Class Diesel Estate,74280,2012,2,Diesel,Estate,2.1L,Automatic,5,5,null,8855
Ford Focus,127501,2019,0,Diesel,Hatchback,1.5L,Manual,5,5,Euro 6,9495
Land Rover Range Rover Evoque,118362,2016,2,Diesel,SUV,2.0L,Manual,5,5,Euro 6,9000
Volvo C30,69000,2012,0,Diesel,Coupe,2.0L,Automatic,3,4,Euro 5,5990
Hyundai i10,14995,2021,0,Petrol,Hatchback,1.0L,Automatic,5,5,Euro 6,12450
Nissan Juke,77000,2014,0,Diesel,SUV,1.5L,Manual,5,5,Euro 5,7000
BMW 1 Series,80000,2015,2,Diesel,Hatchback,1.5L,Manual,5,5,Euro 6,7995
Vauxhall Astra GTC,76000,2014,3,Diesel,Coupe,null,Manual,null,null,null,5995
Hyundai i20,105472,2009,4,Petrol,Hatchback,1.2L,Manual,3,5,Euro 4,1850
BMW 2 Series,26607,2019,0,Petrol,Coupe,1.5L,Automatic,2,4,Euro 6,17599
Audi A5 DIESEL COUPE,68603,2017,1,Diesel,Coupe,2.0L,Automatic,2,4,Euro 6,16555
KIA RIO,48776,2017,0,Diesel,Hatchback,1.4L,Manual,5,5,Euro 6,8998
Vauxhall Astra,37726,2019,3,Petrol,Hatchback,1.4L,Manual,5,5,Euro 6,10599
Volkswagen Jetta Diesel Saloon,68521,2013,2,Diesel,Saloon,1.6L,Manual,4,5,Euro 5,6136
Vauxhall Adam,67878,2016,5,Petrol,Hatchback,1.2L,Manual,3,4,Euro 6,6500
BMW 3 Series,65000,2012,0,Diesel,Saloon,2.0L,Automatic,4,5,Euro 5,8995
Mercedes-Benz CLA Class,64000,2017,2,Diesel,Saloon,2.1L,Automatic,4,5,Euro 6,16495
Audi A1,58077,2012,0,Petrol,Hatchback,1.4L,Automatic,5,5,Euro 5,9495
Hyundai I20 HATCHBACK,54000,2016,1,Petrol,Hatchback,1.2L,Manual,5,5,Euro 6,7499
Fiat 500X,36410,2019,2,Petrol,SUV,1.0L,Manual,5,5,Euro 6,11995
Nissan Qashqai,112000,2011,2,Diesel,SUV,1.5L,Manual,5,5,Euro 5,3790
Mercedes-Benz A Class,46000,2014,3,Diesel,Hatchback,1.5L,Automatic,5,5,Euro 5,10750
Nissan Juke,45462,2019,1,Petrol,SUV,1.6L,Manual,5,5,Euro 6,11000
Renault Clio,49908,2021,0,Petrol,Hatchback,1.0L,Manual,5,5,Euro 6,11890
MINI Coupe,30000,2014,0,Petrol,Coupe,1.6L,Manual,2,2,Euro 6,7995
Audi A5,71162,2016,2,Diesel,Hatchback,2.0L,Manual,5,5,Euro 6,14399
Vauxhall Astra,117856,2017,2,Diesel,Estate,1.6L,Manual,5,5,Euro 6,5490
Mercedes-Benz GLA Class,135000,2016,2,Diesel,SUV,2.1L,Manual,5,5,Euro 6,8590
Nissan Navara Diesel Pick UP,75280,2017,4,Diesel,Pickup,2.3L,Manual,4,5,Euro 6,17394
Mazda 2,32894,2020,1,Petrol,Hatchback,1.5L,Manual,5,5,Euro 6,10995
Nissan Qashqai,99141,2012,2,Petrol,SUV,1.6L,Manual,5,5,Euro 5,3995
Nissan Leaf,60695,2014,0,Electric,Hatchback,null,Automatic,5,5,null,5390
BMW 3 Series,135000,2014,3,Diesel,Saloon,2.0L,Automatic,4,5,Euro 5,6795
Ford Fiesta,89999,2011,0,Petrol,Hatchback,1.3L,Manual,3,5,Euro 5,2995
Toyota Aygo,16420,2019,0,Petrol,Hatchback,1.0L,Manual,5,4,Euro 6,10700
BMW 2 Series,26607,2019,0,Petrol,Coupe,1.5L,Automatic,2,4,Euro 6,17599
Volkswagen CC,62000,2012,3,Diesel,Saloon,2.0L,Automatic,4,5,Euro 5,6999
Ford Fiesta,41387,2016,2,Petrol,Hatchback,1.3L,Manual,5,5,Euro 6,8499
Ford Galaxy,145000,2015,0,Diesel,MPV,2.0L,Automatic,5,7,Euro 6,8995
Volkswagen Polo,11500,2021,1,Petrol,Hatchback,1.0L,Manual,5,5,Euro 6,15970
Suzuki Vitara,52000,2016,2,Diesel,SUV,1.6L,Manual,5,5,Euro 6,9977
MINI Hatch,63042,2016,4,Diesel,Hatchback,2.0L,Manual,5,5,Euro 6,9290
Ford Focus,98593,2016,0,Petrol,Hatchback,1.0L,Manual,5,5,Euro 6,6495
Volkswagen T-cross,14385,2021,1,Petrol,SUV,1.0L,Manual,5,5,Euro 6,17670
BMW 2 Series,26607,2019,0,Petrol,Coupe,1.5L,Automatic,2,4,Euro 6,17599
Ford S-max,128884,2014,1,Diesel,MPV,2.0L,Manual,5,7,Euro 5,4995
Nissan Qashqai,48208,2016,2,Diesel,SUV,1.5L,Manual,5,5,Euro 6,9999
Ford Fiesta,109876,2018,0,Petrol,Hatchback,1.1L,Manual,5,5,Euro 6,6500
MG MG HS,1048,2023,1,Petrol,SUV,1.5L,Automatic,5,5,Euro 6,21495
Citroen DS4,134000,2012,4,Diesel,Hatchback,1.6L,Manual,5,5,Euro 5,4195
Honda FIT,79208,2010,1,Petrol,Hatchback,1.3L,Automatic,null,5,null,4450
BMW 3 SERIES,58245,2013,0,Petrol,Saloon,2.0L,Manual,4,5,Euro 6,10995
BMW 1 SERIES,40461,2018,2,Petrol,Hatchback,1.5L,Manual,3,5,Euro 6,14495
Nissan Juke,16000,2019,1,Petrol,SUV,1.0L,Manual,5,5,Euro 6,14807
Mercedes-Benz C Class,135000,2007,0,Diesel,Estate,2.1L,Automatic,5,5,Euro 4,2495
Toyota Yaris,51179,2019,1,Petrol Hybrid,Hatchback,1.5L,Automatic,5,5,Euro 6,13000
Nissan Leaf,60695,2014,0,Electric,Hatchback,null,Automatic,5,5,null,5390
Ford Fiesta,46435,2017,2,Petrol,Hatchback,1.0L,Manual,5,5,Euro 6,9195
Honda Cr-v,141000,2015,3,Diesel,SUV,2.2L,Manual,5,5,Euro 5,5500
BMW 4 Series Gran Coupe,70981,2014,1,Diesel,Hatchback,3.0L,Automatic,5,5,Euro 6,14399
Ford Fiesta,39290,2019,1,Petrol,Hatchback,1.1L,Manual,5,5,Euro 6,9717
Volvo V40,78477,2017,2,Petrol,Hatchback,2.0L,Manual,5,5,Euro 6,8995
Vauxhall Mokka,18842,2021,1,Petrol,SUV,1.2L,Manual,5,5,Euro 6,15499
Ford Kuga,103895,2013,0,Diesel,SUV,2.0L,Manual,5,5,Euro 5,7150
Ford Fusion,47800,2009,3,Petrol,Hatchback,1.6L,Automatic,5,5,Euro 4,4199
Audi A6 Saloon,114000,2011,0,Diesel,Saloon,2.0L,Manual,4,5,Euro 5,6500
Hyundai i20,105472,2009,4,Petrol,Hatchback,1.2L,Manual,3,5,Euro 4,1850
Nissan Qashqai,45774,2020,0,Petrol,SUV,1.3L,Automatic,5,5,Euro 6,14990
Renault Clio,49908,2021,0,Petrol,Hatchback,1.0L,Manual,5,5,Euro 6,11890
Citroen C4 CACTUS,65354,2017,2,Petrol,Hatchback,1.2L,Manual,5,5,Euro 6,8299
Toyota Auris,105000,2013,0,Petrol,Hatchback,1.6L,Manual,5,5,Euro 5,5950
Audi A4,109000,2010,4,Diesel,Saloon,2.0L,Manual,4,5,Euro 4,4490
MINI Hatchback,50150,2014,1,Petrol,Hatchback,1.2L,Manual,3,4,Euro 6,8114
Nissan Juke,47228,2020,1,Petrol,SUV,1.0L,Manual,5,5,Euro 6,14549
Vauxhall Corsa,83467,2013,3,Petrol,Hatchback,1.4L,Manual,5,5,Euro 5,3495
Renault Captur,45429,2016,2,Diesel,SUV,1.5L,Manual,5,5,Euro 6,8899
Ford Fiesta,89999,2011,0,Petrol,Hatchback,1.3L,Manual,3,5,Euro 5,2995
Volkswagen Polo,11500,2021,1,Petrol,Hatchback,1.0L,Manual,5,5,Euro 6,15970
Nissan Leaf,60695,2014,0,Electric,Hatchback,null,Automatic,5,5,null,5390
Ford Mondeo,51351,2016,2,Petrol,Hatchback,1.0L,Manual,5,5,Euro 6,9995
Ford Fiesta,102000,2015,3,Petrol,Hatchback,1.0L,Manual,5,5,Euro 6,4995
SKODA Karoq Estate,34000,2019,2,Petrol,SUV,1.5L,Automatic,5,5,Euro 6,20999
BMW 3 Series Gran Turismo,150000,2014,4,Diesel,Hatchback,2.0L,Manual,5,5,Euro 6,5800
Ford C-max,90000,2017,2,Diesel,MPV,1.5L,Manual,5,5,Euro 6,7995
Hyundai ix35,90000,2015,0,Diesel,SUV,1.7L,Manual,5,5,Euro 5,6995
Mercedes-Benz A Class,57000,2014,4,Diesel,Hatchback,1.8L,Automatic,5,5,Euro 5,10900
Nissan Leaf,60695,2014,0,Electric,Hatchback,null,Automatic,5,5,null,5390
Toyota Yaris,51179,2019,1,Petrol Hybrid,Hatchback,1.5L,Automatic,5,5,Euro 6,13000
Ford Fiesta,40497,2020,1,Petrol,Hatchback,1.0L,Manual,5,5,Euro 6,11495
Toyota Corolla,21650,2019,2,Petrol,Hatchback,1.2L,Manual,5,5,Euro 6,14599
Peugeot 208,56567,2014,3,Petrol,Hatchback,1.2L,Manual,3,5,Euro 5,5250
Mercedes-Benz A Class,129000,2013,0,Diesel,Hatchback,1.5L,Manual,5,5,Euro 5,7490
Vauxhall Meriva,49398,2014,1,Petrol,MPV,1.4L,Manual,5,5,Euro 6,5500
Volkswagen Golf,95563,2016,1,Diesel,Hatchback,2.0L,Manual,5,5,Euro 6,9375
Ford KA+,58498,2017,3,Petrol,Hatchback,1.2L,Manual,5,5,Euro 6,6999
Nissan Qashqai,65000,2016,1,Diesel,SUV,1.5L,Manual,5,5,Euro 6,10500
Ford Fiesta,100000,2012,3,Petrol,Hatchback,1.3L,Manual,5,5,Euro 5,3990
Renault Grand Scenic,73000,2011,2,Diesel,MPV,1.5L,Automatic,5,7,Euro 5,4000
Toyota Yaris,51179,2019,1,Petrol Hybrid,Hatchback,1.5L,Automatic,5,5,Euro 6,13000
Toyota Yaris,51179,2019,1,Petrol Hybrid,Hatchback,1.5L,Automatic,5,5,Euro 6,13000
Nissan Juke,40571,2020,1,Petrol,SUV,1.0L,Manual,5,5,Euro 6,13499
BMW 3 SERIES,136225,2017,0,Petrol Plug-in Hybrid,Saloon,2.0L,Automatic,4,5,Euro 6,11995
Ford Fiesta,29183,2019,1,Petrol,Hatchback,1.0L,Manual,3,5,Euro 6,11445
Mercedes-Benz A Class,75500,2016,2,Diesel,Hatchback,1.5L,Automatic,5,5,Euro 6,11750
Dacia Sandero,20890,2014,1,Petrol,Hatchback,0.9L,Manual,5,5,Euro 5,6000
Vauxhall Adam,33918,2016,0,Petrol,Hatchback,1.4L,Manual,3,4,Euro 6,7850
MINI Hatch Cooper,96000,2016,2,Diesel,Hatchback,1.5L,Manual,3,4,Euro 6,7280
Renault Clio,74434,2017,2,Petrol,Hatchback,1.1L,Manual,5,5,Euro 6,6495
Toyota Yaris,51179,2019,1,Petrol Hybrid,Hatchback,1.5L,Automatic,5,5,Euro 6,13000
Nissan Qashqai,45774,2020,0,Petrol,SUV,1.3L,Automatic,5,5,Euro 6,14990
MINI Hatch Cooper,39998,2015,0,Petrol,Hatchback,1.5L,Manual,3,4,Euro 6,10495
Vauxhall Corsa,13179,2019,1,Petrol,Hatchback,1.4L,Manual,5,5,Euro 6,9299
BMW 4 SERIES,71127,2016,0,Diesel,Hatchback,2.0L,Automatic,5,5,Euro 6,15495
Audi A5,154983,2017,1,Diesel,Hatchback,2.0L,Manual,5,5,Euro 6,9000
Vauxhall Astra,92244,2015,0,Diesel,Estate,1.3L,Manual,5,5,Euro 5,5990
BMW 5 Series Gran Turismo,170000,2010,4,Diesel,Hatchback,3.0L,Automatic,5,5,Euro 5,4950
BMW X1,55650,2016,1,Diesel,SUV,2.0L,Automatic,5,5,Euro 6,12650
Volkswagen Golf,152229,2014,2,Diesel,Hatchback,2.0L,Manual,5,5,Euro 5,5850
Hyundai Ioniq,44434,2021,1,Petrol Hybrid,Hatchback,1.6L,Automatic,5,5,Euro 6,15399
Mercedes-Benz C Class,135000,2007,0,Diesel,Estate,2.1L,Automatic,5,5,Euro 4,2495
Nissan Leaf,60695,2014,0,Electric,Hatchback,null,Automatic,5,5,null,5390
Volkswagen Polo,11500,2021,1,Petrol,Hatchback,1.0L,Manual,5,5,Euro 6,15970
Vauxhall Astra,19609,2021,1,Petrol,Hatchback,1.2L,Manual,5,5,Euro 6,12995
Toyota Yaris,65500,2016,2,Petrol,Hatchback,1.3L,Manual,5,5,Euro 6,8499
Chevrolet Trax,31000,2014,2,Petrol,SUV,1.6L,Manual,5,5,Euro 5,5900
Hyundai i20,12592,2018,0,Petrol,Hatchback,1.2L,Manual,5,5,Euro 6,10995
KIA Ceed,94052,2014,0,Petrol,Hatchback,1.6L,Manual,5,5,Euro 5,7490
Renault Clio,12153,2020,1,Petrol,Hatchback,1.0L,Manual,5,5,Euro 6,11999
Renault Modus,65309,2011,3,Diesel,MPV,1.5L,Manual,5,5,Euro 5,3290
MINI Hatch Cooper,33824,2018,1,Petrol,Hatchback,1.5L,Manual,3,4,Euro 6,10995
Volkswagen Polo,42526,2016,1,Petrol,Hatchback,1.0L,Manual,5,5,Euro 6,8950
Mercedes-Benz C Class,135000,2007,0,Diesel,Estate,2.1L,Automatic,5,5,Euro 4,2495
Volkswagen Polo,11500,2021,1,Petrol,Hatchback,1.0L,Manual,5,5,Euro 6,15970
Volkswagen T-cross,14385,2021,1,Petrol,SUV,1.0L,Manual,5,5,Euro 6,17670
Peugeot 2008,60496,2017,1,Diesel,SUV,1.6L,Manual,5,5,Euro 6,9495
Nissan Qashqai,24000,2019,1,Petrol,SUV,1.3L,Manual,5,5,Euro 6,15877
Honda Cr-v,70000,2013,2,Petrol,SUV,2.0L,Manual,5,5,Euro 5,8995
Fiat 500C,20295,2015,0,Petrol,Convertible,1.2L,Manual,2,4,Euro 6,7990
SKODA Fabia,33773,2019,0,Petrol,Hatchback,1.0L,Manual,5,5,Euro 6,10209
Jaguar XF,113000,2010,3,Diesel,Saloon,3.0L,Automatic,4,5,Euro 5,6750
Toyota Aygo,36224,2018,2,Petrol,Hatchback,1.0L,Manual,5,4,Euro 6,8199
Toyota Aygo,110000,2006,4,Petrol,Hatchback,1.0L,Manual,5,4,Euro 4,1795
Nissan Qashqai,45774,2020,0,Petrol,SUV,1.3L,Automatic,5,5,Euro 6,14990
Volkswagen T-cross,14385,2021,1,Petrol,SUV,1.0L,Manual,5,5,Euro 6,17670
Citroen C3,35643,2021,1,Petrol,Hatchback,1.2L,Manual,5,5,Euro 6,11225
Audi A4,108999,2014,0,Diesel,Saloon,2.0L,Automatic,4,5,Euro 5,7990
Vauxhall Corsa,17439,2020,1,Petrol,Hatchback,1.2L,Manual,5,5,Euro 6,12999
Ford KA+,19455,2018,5,Petrol,Hatchback,1.2L,Manual,5,5,Euro 6,9999
Vauxhall Grandland X,30310,2020,1,Petrol,SUV,1.2L,Manual,5,5,Euro 6,13899
Peugeot 2008,23800,2018,2,Petrol,SUV,1.2L,Manual,5,5,Euro 6,12999
Land Rover Range Rover Evoque,22189,2019,0,Diesel,SUV,2.0L,Manual,5,5,Euro 6,24444
Vauxhall Insignia Sports Tourer,40243,2017,2,Diesel,Estate,2.0L,Manual,5,5,Euro 6,14495
Mercedes-Benz C Class,135000,2007,0,Diesel,Estate,2.1L,Automatic,5,5,Euro 4,2495
Volkswagen T-cross,14385,2021,1,Petrol,SUV,1.0L,Manual,5,5,Euro 6,17670
Toyota Yaris,51179,2019,1,Petrol Hybrid,Hatchback,1.5L,Automatic,5,5,Euro 6,13000
Nissan Micra,43000,2013,0,Petrol,Hatchback,1.2L,Automatic,5,5,Euro 5,7995
Renault Clio,36633,2020,1,Petrol,Hatchback,1.0L,Manual,5,5,Euro 6,10299
Ford Kuga Estate,52355,2019,1,Petrol,SUV,1.5L,Manual,5,5,Euro 6,14781
Vauxhall Meriva,47000,2011,0,Diesel,MPV,1.7L,Automatic,5,5,Euro 5,4400
Honda Cr-v,66347,2006,3,Petrol,SUV,2.0L,Automatic,5,5,Euro 4,5995
Suzuki Ignis,56118,2017,0,Petrol,Hatchback,1.2L,Manual,5,4,Euro 6,8298
Mazda 3,42449,2017,2,Diesel,Hatchback,1.5L,Manual,5,5,Euro 6,10200
Nissan Qashqai,75000,2014,0,Diesel,SUV,1.5L,Manual,5,5,Euro 5,9400
Vauxhall Adam,45673,2017,3,Petrol,Hatchback,1.2L,Manual,3,4,Euro 6,7699
Mercedes-Benz C Class,135000,2007,0,Diesel,Estate,2.1L,Automatic,5,5,Euro 4,2495
Renault Clio,49908,2021,0,Petrol,Hatchback,1.0L,Manual,5,5,Euro 6,11890
Volkswagen T-cross,14385,2021,1,Petrol,SUV,1.0L,Manual,5,5,Euro 6,17670
Ford Focus,78907,2017,0,Petrol,Hatchback,1.0L,Manual,5,5,Euro 6,7350
Mercedes-Benz A-class,39000,2016,1,Diesel,Hatchback,1.5L,Manual,5,5,Euro 6,12977
Vauxhall Grandland X,46179,2021,1,Petrol,SUV,1.2L,Automatic,5,5,Euro 6,16199
Nissan X-trail,129000,2011,0,Diesel,SUV,2.0L,Manual,5,5,Euro 5,4995
Audi Q3,73000,2014,0,Diesel,SUV,2.0L,Automatic,5,5,Euro 5,11995
Ford Focus,83000,2016,3,Petrol,Hatchback,1.0L,Manual,5,5,Euro 6,6500
Citroen C3,10378,2021,1,Petrol,Hatchback,1.2L,Manual,5,5,Euro 6,12771
Ford Fiesta Hatchback,50538,2017,1,Petrol,Hatchback,1.3L,Manual,3,5,Euro 6,7533
Hyundai I10,28198,2021,1,Petrol,Hatchback,1.2L,Automatic,5,5,Euro 6,12999
Hyundai i20,105472,2009,4,Petrol,Hatchback,1.2L,Manual,3,5,Euro 4,1850
Audi A5 DIESEL COUPE,68603,2017,1,Diesel,Coupe,2.0L,Automatic,2,4,Euro 6,16555
Nissan Juke,45462,2019,1,Petrol,SUV,1.6L,Manual,5,5,Euro 6,11000
Ssangyong Korando,42771,2018,2,Diesel,SUV,2.2L,Automatic,5,5,Euro 6,12995
Dacia Duster,12816,2020,1,Petrol,SUV,1.3L,Manual,5,5,Euro 6,14795
Audi A6 Saloon,164582,2018,1,Diesel,Saloon,2.0L,Automatic,4,5,Euro 6,10000
Peugeot 308,59685,2016,1,Diesel,Estate,2.0L,Manual,5,5,Euro 6,9995
Volkswagen Beetle,49000,2013,0,Petrol,Hatchback,1.2L,Automatic,3,4,Euro 6,10995
Mercedes-Benz E Class,60758,2016,3,Diesel,Coupe,2.1L,Automatic,2,4,Euro 6,9995
Dacia Sandero,7083,2021,2,Petrol,Hatchback,1.0L,Manual,5,5,Euro 6,9999
Mercedes-Benz C Class,87000,2017,0,Diesel,Convertible,2.1L,Automatic,2,4,Euro 6,15995
Renault Clio,74434,2017,2,Petrol,Hatchback,1.1L,Manual,5,5,Euro 6,6495
Nissan Qashqai,45774,2020,0,Petrol,SUV,1.3L,Automatic,5,5,Euro 6,14990
Volkswagen T-cross,14385,2021,1,Petrol,SUV,1.0L,Manual,5,5,Euro 6,17670
Citroen C1,31961,2018,0,Petrol,Hatchback,1.0L,Manual,3,4,Euro 6,7295
Vauxhall Astra,77474,2015,2,Petrol,Hatchback,1.4L,Manual,5,5,Euro 6,6600
Audi A3,57199,2015,0,Diesel,Saloon,2.0L,Manual,4,5,Euro 6,12695
BMW 3 Series,50000,2011,0,Diesel,Saloon,2.0L,Automatic,4,5,Euro 5,5990
Volvo S60,62000,2012,0,Diesel,Saloon,2.0L,Manual,4,5,Euro 5,7195
Audi A5,126502,2014,2,Diesel,Hatchback,2.0L,Manual,5,5,Euro 5,6999
Volkswagen Golf,45049,2018,0,Petrol,Hatchback,1.0L,Manual,5,5,Euro 6,12795
Hyundai i20,105472,2009,4,Petrol,Hatchback,1.2L,Manual,3,5,Euro 4,1850
Volkswagen T-cross,14385,2021,1,Petrol,SUV,1.0L,Manual,5,5,Euro 6,17670
Toyota Aygo,16420,2019,0,Petrol,Hatchback,1.0L,Manual,5,4,Euro 6,10700
Vauxhall Mokka X,41729,2019,2,Petrol,SUV,1.4L,Manual,5,5,Euro 6,10899
Land Rover Range Rover Evoque,26994,2019,0,Diesel,SUV,2.0L,Manual,5,5,Euro 6,25100
Alfa Romeo Giulietta,17544,2019,1,Diesel,Hatchback,1.6L,Manual,5,5,Euro 6,12599
Peugeot 208,10627,2019,1,Petrol,Hatchback,1.2L,Manual,5,5,Euro 6,12697
Honda Civic Diesel Hatchback,76773,2020,0,Diesel,Hatchback,1.6L,Manual,5,5,Euro 6,12895
Renault Clio,21670,2017,0,Petrol,Hatchback,1.2L,Manual,5,5,Euro 6,9450
Fiat 500X,58058,2016,2,Petrol,SUV,1.6L,Manual,5,5,Euro 6,7097
Fiat 500X,67109,2016,3,Diesel,SUV,2.0L,Automatic,5,5,Euro 6,8990
Ford Kuga,43841,2019,1,Petrol,SUV,1.5L,Manual,5,5,Euro 6,14495
Toyota Aygo,16420,2019,0,Petrol,Hatchback,1.0L,Manual,5,4,Euro 6,10700
Audi A5 DIESEL COUPE,68603,2017,1,Diesel,Coupe,2.0L,Automatic,2,4,Euro 6,16555
Renault Clio,49908,2021,0,Petrol,Hatchback,1.0L,Manual,5,5,Euro 6,11890
Audi Q3,153627,2015,0,Diesel,SUV,2.0L,Manual,5,5,Euro 6,7999
Audi A1,75321,2011,0,Petrol,Hatchback,1.4L,Manual,3,4,Euro 5,5990
Vauxhall Corsa,32781,2020,0,Petrol,Hatchback,1.2L,Manual,5,5,Euro 6,11998
Vauxhall Grandland X,42160,2021,1,Petrol,SUV,1.2L,Manual,5,5,Euro 6,14499
Vauxhall Corsa,34540,2019,2,Petrol,Hatchback,1.4L,Manual,3,5,Euro 6,8999
Mercedes-Benz A Class,100762,2013,0,Diesel,Hatchback,1.5L,Manual,5,5,Euro 5,6999
Vauxhall Corsa,84811,2015,3,Petrol,Hatchback,1.0L,Manual,3,5,Euro 6,4750
SKODA Octavia,95548,2013,2,Diesel,Hatchback,2.0L,Automatic,5,5,Euro 5,6150
Volkswagen T-cross,14385,2021,1,Petrol,SUV,1.0L,Manual,5,5,Euro 6,17670
Toyota Aygo,16420,2019,0,Petrol,Hatchback,1.0L,Manual,5,4,Euro 6,10700
Fiat 500,32400,2014,2,Petrol,Hatchback,1.2L,Manual,3,4,Euro 6,6800
Ssangyong Korando,82400,2013,0,Diesel,SUV,2.0L,Automatic,5,5,Euro 5,4277
Land Rover Range Rover Sport,46000,2017,2,Diesel,SUV,2.0L,Automatic,5,5,Euro 6,30000
Audi A4 Avant,127000,2013,3,Diesel,Estate,2.0L,Manual,5,5,Euro 5,6250
Nissan Qashqai Hatchback,33000,2020,1,Petrol,SUV,1.3L,Manual,5,5,Euro 6,14999
SEAT Ibiza,54111,2017,2,Petrol,Hatchback,1.2L,Manual,3,5,Euro 6,8499
Renault Clio,28865,2020,2,Petrol,Hatchback,1.0L,Manual,5,5,Euro 6,11799
Vauxhall Corsa,13109,2020,1,Petrol,Hatchback,1.2L,Manual,5,5,Euro 6,10999
Toyota Aygo,110000,2006,4,Petrol,Hatchback,1.0L,Manual,5,4,Euro 4,1795
Toyota Aygo,16420,2019,0,Petrol,Hatchback,1.0L,Manual,5,4,Euro 6,10700
Toyota Aygo,16420,2019,0,Petrol,Hatchback,1.0L,Manual,5,4,Euro 6,10700
BMW 1 Series,90395,2015,2,Petrol,Hatchback,1.6L,Manual,5,5,Euro 6,7250
SKODA Fabia,33517,2019,1,Petrol,Hatchback,1.0L,Manual,5,5,Euro 6,11029
Citroen C3,44106,2019,1,Petrol,Hatchback,1.2L,Manual,5,5,Euro 6,9564
Vauxhall Insignia,91344,2018,1,Diesel,Estate,1.6L,Manual,5,5,Euro 6,8695
Ford Fiesta,6561,2021,0,Petrol,Hatchback,1.0L,Manual,5,5,Euro 6,14983
Ford Fiesta,50849,2013,4,Petrol,Hatchback,1.3L,Manual,3,5,Euro 5,5400
Citroen C4 PICASSO DIESEL MPV,9000,2017,1,Diesel,MPV,1.6L,Manual,5,5,Euro 6,11999
Fiat 500,33211,2017,0,Petrol,Hatchback,1.2L,Manual,3,4,Euro 6,6999
Toyota Aygo,16420,2019,0,Petrol,Hatchback,1.0L,Manual,5,4,Euro 6,10700
Volkswagen Polo,11500,2021,1,Petrol,Hatchback,1.0L,Manual,5,5,Euro 6,15970
Peugeot 2008,29258,2018,2,Petrol,SUV,1.2L,Manual,5,5,Euro 6,11520
Jaguar XE,45000,2017,3,Diesel,Saloon,2.0L,Automatic,4,5,Euro 6,16095
Mercedes-Benz CLS,88000,2013,0,Diesel,Saloon,3.0L,Automatic,4,4,Euro 5,10995
Vauxhall Corsa,26831,2020,1,Petrol,Hatchback,1.2L,Manual,5,5,Euro 6,12299
Hyundai I20,12214,2016,2,Petrol,Hatchback,1.2L,Manual,5,5,Euro 6,9495
Mercedes-Benz C Class,63276,2014,0,Diesel,Saloon,2.1L,Automatic,4,5,Euro 6,12295
BMW 1 Series,111681,2015,1,Diesel,Hatchback,2.0L,Manual,5,5,Euro 6,6030
Ford Focus Active,19195,2020,0,Petrol,Estate,1.0L,Manual,5,5,Euro 6,16250
Renault Clio,74434,2017,2,Petrol,Hatchback,1.1L,Manual,5,5,Euro 6,6495
Volkswagen T-cross,14385,2021,1,Petrol,SUV,1.0L,Manual,5,5,Euro 6,17670
Toyota Yaris,51179,2019,1,Petrol Hybrid,Hatchback,1.5L,Automatic,5,5,Euro 6,13000
Vauxhall Corsa,29871,2019,0,Petrol,Hatchback,1.4L,Manual,5,5,Euro 6,9300
Renault Arkana,16228,2023,1,Petrol,SUV,1.3L,Automatic,5,5,Euro 6,21495
Nissan Micra,104000,2017,2,Diesel,Hatchback,1.5L,Manual,5,5,Euro 6,6550
Citroen C1,45000,2012,0,Petrol,Hatchback,1.0L,Manual,5,4,Euro 5,4300
Ford Fiesta,28249,2013,0,Petrol,Hatchback,1.2L,Manual,5,5,Euro 5,6995
Nissan Juke,81761,2013,3,Petrol,SUV,1.6L,Automatic,5,5,Euro 5,6495
Nissan Qashqai,50888,2017,1,Diesel,SUV,1.6L,Automatic,5,5,Euro 6,14000
Ford Kuga,58223,2018,2,Diesel,SUV,1.5L,Manual,5,5,Euro 6,13995
Renault Grand Scenic,73000,2011,2,Diesel,MPV,1.5L,Automatic,5,7,Euro 5,4000
Toyota Yaris,51179,2019,1,Petrol Hybrid,Hatchback,1.5L,Automatic,5,5,Euro 6,13000
BMW 2 Series,26607,2019,0,Petrol,Coupe,1.5L,Automatic,2,4,Euro 6,17599
Nissan Micra,75000,2008,0,Petrol,Hatchback,1.2L,Manual,3,5,Euro 4,2685
Vauxhall Corsa,26000,2012,0,Petrol,Hatchback,1.2L,Manual,3,5,Euro 5,6495
Volkswagen Scirocco Diesel Coupe,65946,2014,2,Diesel,Hatchback,2.0L,Automatic,3,4,Euro 5,11497
BMW Z4,45979,2006,2,Petrol,Convertible,2.5L,Manual,2,2,Euro 4,5000
Renault Captur,72376,2014,4,Diesel,SUV,1.5L,Manual,5,5,Euro 5,6499
Nissan Qashqai,31859,2014,2,Petrol,SUV,1.2L,Manual,5,5,Euro 5,9899
BMW 5 Series,121433,2011,3,Diesel,Saloon,2.0L,Automatic,4,5,Euro 5,5400
Audi A6,39253,2014,2,Diesel,Saloon,2.0L,Manual,4,5,Euro 5,13995
Ford Focus,36132,2017,2,Diesel,Hatchback,1.5L,Manual,5,5,Euro 6,11995
BMW 2 Series,26607,2019,0,Petrol,Coupe,1.5L,Automatic,2,4,Euro 6,17599
Renault Clio,49908,2021,0,Petrol,Hatchback,1.0L,Manual,5,5,Euro 6,11890
BMW 1 Series,38500,2012,1,Diesel,Hatchback,2.0L,Manual,5,5,Euro 5,5995
Ford Fiesta,102500,2013,2,Petrol,Hatchback,1.0L,Manual,5,5,Euro 5,3999
Land Rover Discovery Sport,41995,2017,0,Diesel,SUV,2.0L,Automatic,5,7,Euro 6,23600
Vauxhall Crossland X,43941,2020,1,Petrol,SUV,1.2L,Manual,5,5,Euro 6,10599
Volvo C70,55035,2011,0,Diesel,Convertible,2.0L,Manual,2,4,Euro 5,7495
Nissan Qashqai,60985,2018,1,Diesel,SUV,1.5L,Manual,5,5,Euro 6,11999
BMW X1,24554,2019,1,Petrol,SUV,1.5L,Manual,5,5,Euro 6,18499
Mazda MAZDA3 HATCHBACK,41284,2016,2,Petrol,Hatchback,2.0L,Manual,5,5,Euro 6,11620
Volkswagen Polo,78473,2008,2,Petrol,Hatchback,1.4L,Automatic,5,5,Euro 4,4280
Mazda MX-5,41534,2015,1,Petrol,Convertible,1.5L,Manual,2,2,Euro 6,11399
Renault Clio,49908,2021,0,Petrol,Hatchback,1.0L,Manual,5,5,Euro 6,11890
Toyota Yaris,51179,2019,1,Petrol Hybrid,Hatchback,1.5L,Automatic,5,5,Euro 6,13000
Renault Captur,47797,2016,4,Diesel,SUV,1.5L,Manual,5,5,Euro 6,8499
Ford Fiesta,36000,2016,0,Petrol,Hatchback,1.0L,Manual,5,5,Euro 6,8795
KIA Sportage,69000,2012,0,Diesel,SUV,1.7L,Manual,5,5,Euro 5,7900
Land Rover Range Rover Evoque,44370,2013,4,Diesel,Coupe,2.2L,Automatic,3,5,Euro 5,15995
Vauxhall Meriva,34000,2015,2,Petrol,MPV,1.4L,Automatic,5,5,Euro 6,6990
BMW 3 SERIES,93289,2019,2,Diesel,Saloon,2.0L,Automatic,4,5,Euro 6,18695
Volkswagen Golf Hatchback,75598,2013,2,Petrol,Hatchback,1.4L,Manual,5,5,Euro 5,8663
Peugeot 208,21469,2021,1,Petrol,Hatchback,1.2L,Manual,5,5,Euro 6,13999
Renault Clio,74434,2017,2,Petrol,Hatchback,1.1L,Manual,5,5,Euro 6,6495
Toyota Yaris,51179,2019,1,Petrol Hybrid,Hatchback,1.5L,Automatic,5,5,Euro 6,13000
Nissan Qashqai,45774,2020,0,Petrol,SUV,1.3L,Automatic,5,5,Euro 6,14990
Vauxhall Crossland,18920,2021,1,Petrol,SUV,1.2L,Manual,5,5,Euro 6,13919
Audi A3,74000,2016,2,Diesel,Saloon,2.0L,Automatic,4,5,Euro 6,14500
DS Automobiles DS 7 CROSSBACK,12716,2018,2,Petrol,SUV,1.6L,Automatic,5,5,Euro 6,19500
Volkswagen Golf,40000,2013,0,Petrol,Convertible,1.4L,Manual,2,4,Euro 5,6990
Renault Clio,47244,2016,2,Petrol,Hatchback,0.9L,Manual,5,5,Euro 6,7995
Volkswagen Passat Petrol/electric Saloon,90120,2018,0,Petrol Plug-in Hybrid,Saloon,1.4L,Automatic,4,5,Euro 6,12995
Vauxhall Corsa,46625,2020,3,Petrol,Hatchback,1.2L,Manual,5,5,Euro 6,10361
Nissan Qashqai,78000,2014,0,Petrol,SUV,1.2L,Manual,5,5,Euro 5,9000
Renault Clio,14829,2020,1,Petrol,Hatchback,1.0L,Manual,5,5,Euro 6,11999
Mercedes-Benz SL Class,96900,2009,6,Petrol,Convertible,3.5L,Automatic,2,2,Euro 4,9000
Volkswagen Polo,11500,2021,1,Petrol,Hatchback,1.0L,Manual,5,5,Euro 6,15970
Nissan Leaf,60695,2014,0,Electric,Hatchback,null,Automatic,5,5,null,5390
Peugeot 2008 ESTATE,57760,2016,2,Petrol,SUV,1.2L,Manual,5,5,Euro 6,8460
Lagonda LG6 Roadster,84000,1953,0,Petrol,Saloon,2.6L,Manual,4,null,null,14995
Suzuki Ignis,23250,2017,2,Petrol Hybrid,Hatchback,1.2L,Manual,5,4,Euro 6,10699
Volkswagen Passat,42500,2018,1,Diesel,Saloon,2.0L,Manual,4,5,Euro 6,14444
Hyundai Tucson,55012,2018,2,Diesel,SUV,1.7L,Manual,5,5,Euro 6,14043
KIA Sportage Diesel Estate,70542,2018,1,Diesel,SUV,1.6L,Manual,5,5,Euro 6,14495
Renault Clio,19861,2020,1,Petrol,Hatchback,1.0L,Manual,5,5,Euro 6,11199
Volkswagen UP!,28000,2014,0,Petrol,Hatchback,1.0L,Manual,5,4,Euro 5,6795
Vauxhall Ampera,65767,2014,1,Petrol Plug-in Hybrid,Hatchback,null,Automatic,5,4,Euro 5,9499
Nissan Qashqai,76431,2017,1,Petrol,SUV,1.2L,Manual,5,5,Euro 6,8900
Toyota Aygo,110000,2006,4,Petrol,Hatchback,1.0L,Manual,5,4,Euro 4,1795
Nissan Leaf,60695,2014,0,Electric,Hatchback,null,Automatic,5,5,null,5390
Nissan Leaf,60695,2014,0,Electric,Hatchback,null,Automatic,5,5,null,5390
BMW 2 Series,15744,2021,1,Petrol,Saloon,1.5L,Manual,4,5,Euro 6,21998
Volkswagen UP,72878,2013,3,Petrol,Hatchback,1.0L,Manual,5,4,Euro 5,4699
MINI Hatch,8700,2019,3,Petrol,Hatchback,1.5L,Manual,3,4,Euro 6,10900
BMW 1 SERIES,60028,2013,0,Diesel,Coupe,2.0L,Manual,2,4,Euro 5,8450
Ford Fiesta,38500,2011,3,Petrol,Hatchback,1.4L,Automatic,5,5,Euro 5,6750
Peugeot RCZ,80000,2012,0,Diesel,Coupe,2.0L,Manual,2,4,Euro 5,5800
MINI Hatchback,29205,2018,0,Petrol,Hatchback,1.5L,Automatic,5,5,Euro 6,14599
Nissan Qashqai,45774,2020,0,Petrol,SUV,1.3L,Automatic,5,5,Euro 6,14990
Volkswagen T-cross,14385,2021,1,Petrol,SUV,1.0L,Manual,5,5,Euro 6,17670
Maserati Quattroporte,72000,2009,3,Petrol,Saloon,4.2L,Automatic,4,5,Euro 4,10000
Hyundai i10,41491,2019,1,Petrol,Hatchback,1.2L,Manual,5,5,Euro 6,9495
Renault Clio,12294,2022,2,Petrol,Hatchback,1.0L,Manual,5,5,Euro 6,13999
Ford Ecosport Hatchback,15102,2020,1,Petrol,SUV,1.0L,Manual,5,5,Euro 6,14315
Mercedes-Benz M Class,107500,2007,5,Petrol,SUV,6.3L,Automatic,5,5,Euro 4,10850
Mazda MX-5,47380,2017,1,Petrol,Convertible,2.0L,Manual,2,2,Euro 6,13399
Vauxhall Crossland X,16097,2020,1,Petrol,SUV,1.2L,Manual,5,5,Euro 6,13000
Hyundai i20,105472,2009,4,Petrol,Hatchback,1.2L,Manual,3,5,Euro 4,1850
Renault Clio,49908,2021,0,Petrol,Hatchback,1.0L,Manual,5,5,Euro 6,11890
Volkswagen T-cross,14385,2021,1,Petrol,SUV,1.0L,Manual,5,5,Euro 6,17670
Volkswagen Golf,96354,2017,2,Diesel,Hatchback,2.0L,Manual,5,5,Euro 6,12995
Vauxhall Mokka X,50560,2018,1,Diesel,SUV,1.6L,Manual,5,5,Euro 6,9299
Ford Focus Diesel Hatchback,45798,2019,4,Diesel,Hatchback,1.5L,Manual,5,5,Euro 6,12250
Vauxhall Corsa,13451,2021,1,Petrol,Hatchback,1.2L,Manual,5,5,Euro 6,13999
Subaru Forester,120403,2013,3,Diesel,SUV,2.0L,Manual,5,5,Euro 5,4990
Ford Mondeo,97726,2017,1,Diesel,Hatchback,2.0L,Manual,5,5,Euro 6,8295
Peugeot 3008,15387,2021,1,Diesel,SUV,1.5L,Automatic,5,5,Euro 6,22999
Nissan Juke,30053,2020,1,Petrol,SUV,1.0L,Manual,5,5,Euro 6,13499
BMW 3 Series,24098,2018,2,Diesel,Saloon,3.0L,Automatic,4,5,Euro 6,22600
Ford Kuga,47313,2018,2,Diesel,SUV,2.0L,Manual,5,5,Euro 6,14595
Renault Grand Scenic,73000,2011,2,Diesel,MPV,1.5L,Automatic,5,7,Euro 5,4000
Toyota Yaris,51179,2019,1,Petrol Hybrid,Hatchback,1.5L,Automatic,5,5,Euro 6,13000
Nissan Leaf,60695,2014,0,Electric,Hatchback,null,Automatic,5,5,null,5390
Renault Captur,17000,2020,1,Petrol,SUV,1.0L,Manual,5,5,Euro 6,13364
SEAT Ibiza,43845,2019,1,Petrol,Hatchback,1.0L,Manual,5,5,Euro 6,12495
Audi A3 HATCHBACK,39611,2016,1,Petrol,Hatchback,1.4L,Manual,3,5,Euro 6,15361
Jaguar XE,71000,2016,2,Diesel,Saloon,2.0L,Manual,4,5,Euro 6,9495
KIA Xceed,22714,2020,0,Petrol,SUV,1.0L,Manual,5,5,Euro 6,15998
Jaguar XE,91000,2015,2,Diesel,Saloon,2.0L,Manual,4,5,Euro 6,7499
DS Automobiles Ds 3 Crossback,44026,2019,0,Diesel,SUV,1.5L,Manual,5,5,Euro 6,13150
Nissan Leaf,60695,2014,0,Electric,Hatchback,null,Automatic,5,5,null,5390
Toyota Aygo,16420,2019,0,Petrol,Hatchback,1.0L,Manual,5,4,Euro 6,10700
Vauxhall Insignia,64387,2016,2,Diesel,Hatchback,2.0L,Manual,5,5,Euro 6,6995
Audi Q5,126000,2013,0,Diesel,SUV,2.0L,Automatic,5,5,Euro 5,10750
Nissan Qashqai Hatchback,46500,2016,2,Petrol,SUV,1.2L,Manual,5,5,Euro 6,10981
Citroen C1,29521,2014,0,Petrol,Hatchback,1.0L,Manual,5,4,Euro 5,6995
Vauxhall Corsa,20405,2020,2,Petrol,Hatchback,1.2L,Manual,5,5,Euro 6,11799
Ford Mondeo,104795,2019,0,Diesel,Hatchback,2.0L,Manual,5,5,Euro 6,9995
Infiniti Q50,117000,2014,2,Diesel,Saloon,2.2L,Automatic,4,5,Euro 5,7490
Fiat Fullback,155000,2016,2,Diesel,Pickup,2.4L,Manual,4,5,Euro 5,8388
Hyundai i10,8981,2019,0,Petrol,Hatchback,1.0L,Manual,5,5,Euro 6,10595
Mercedes-Benz C Class,135000,2007,0,Diesel,Estate,2.1L,Automatic,5,5,Euro 4,2495
Toyota Aygo,16420,2019,0,Petrol,Hatchback,1.0L,Manual,5,4,Euro 6,10700
Volkswagen T-cross,14385,2021,1,Petrol,SUV,1.0L,Manual,5,5,Euro 6,17670
KIA RIO,51234,2016,2,Diesel,Hatchback,1.4L,Manual,5,5,Euro 6,7499
Audi S3,80000,2010,6,Petrol,Hatchback,2.0L,Automatic,5,5,Euro 4,10995
Audi A1,80000,2013,0,Petrol,Hatchback,1.2L,Manual,3,4,Euro 5,6995
Vauxhall Insignia,108618,2013,0,Diesel,Estate,2.0L,Manual,5,5,Euro 5,4450
Audi A1 SPORTBACK,52153,2017,2,Petrol,Hatchback,1.0L,Manual,5,5,Euro 6,10802
Vauxhall Corsa,103359,2017,0,Petrol,Hatchback,1.4L,Manual,3,5,Euro 6,4995
Ford Kuga,39579,2020,1,Diesel,SUV,2.0L,Manual,5,5,Euro 6,15000
Ford Fiesta,89999,2011,0,Petrol,Hatchback,1.3L,Manual,3,5,Euro 5,2995
Renault Clio,49908,2021,0,Petrol,Hatchback,1.0L,Manual,5,5,Euro 6,11890
Nissan Leaf,60695,2014,0,Electric,Hatchback,null,Automatic,5,5,null,5390
Citroen C3,33896,2018,2,Petrol,Hatchback,1.2L,Manual,5,5,Euro 6,10381
MG MG ZS,1,2023,0,Petrol,SUV,1.5L,Manual,5,5,Euro 6,18365
Mercedes-Benz E Class,66358,2014,5,Diesel,Coupe,2.1L,Automatic,2,4,Euro 5,11050
SEAT Ateca,222,2023,0,Petrol,SUV,1.5L,Manual,5,5,Euro 6,25995
Mercedes-Benz A Class Diesel Hatchback,62012,2016,1,Diesel,Hatchback,1.5L,Manual,5,5,Euro 6,12495
Nissan Qashqai,68273,2017,3,Diesel,SUV,1.6L,Manual,5,5,Euro 6,12299
Volkswagen Golf,48690,2017,0,Petrol,Hatchback,1.4L,Manual,5,5,Euro 6,12495
Nissan Qashqai,68676,2018,2,Diesel,SUV,1.5L,Manual,5,5,Euro 6,12795
Audi A7,82000,2013,4,Diesel,Hatchback,3.0L,Automatic,5,5,Euro 5,10495
Vauxhall Corsa,40105,2021,1,Petrol,Hatchback,1.2L,Manual,5,5,Euro 6,12699
Nissan Leaf,60695,2014,0,Electric,Hatchback,null,Automatic,5,5,null,5390
Renault Clio,49908,2021,0,Petrol,Hatchback,1.0L,Manual,5,5,Euro 6,11890
Peugeot 208,28491,2015,1,Petrol,Hatchback,1.2L,Manual,3,5,Euro 5,7180
Peugeot 3008,63845,2015,0,Diesel,SUV,1.6L,Manual,5,5,Euro 6,7995
BMW 1 Series,13271,2020,1,Petrol,Hatchback,1.5L,Manual,5,5,Euro 6,18798
Fiat 500,20000,2022,0,Petrol,Hatchback,1.0L,Manual,3,4,Euro 6,11495
Dacia Sandero Stepway,49432,2014,0,Diesel,Hatchback,1.5L,Manual,5,5,Euro 5,5490
Volkswagen Golf,130000,1988,1,Petrol,Convertible,1.8L,Manual,2,null,null,7000
Vauxhall Astra,100569,2018,1,Diesel,Estate,1.6L,Manual,5,5,Euro 6,6850
Renault Grand Scenic,73000,2011,2,Diesel,MPV,1.5L,Automatic,5,7,Euro 5,4000
Toyota Yaris,51179,2019,1,Petrol Hybrid,Hatchback,1.5L,Automatic,5,5,Euro 6,13000
Volkswagen T-cross,14385,2021,1,Petrol,SUV,1.0L,Manual,5,5,Euro 6,17670
BMW 4 Series,120000,2016,0,Diesel,Coupe,2.0L,Automatic,2,4,Euro 6,11495
BMW 3 Series,36795,2020,1,Diesel Hybrid,Saloon,2.0L,Automatic,4,5,Euro 6,23220
Abarth 595,42237,2018,0,Petrol,Hatchback,1.4L,Manual,3,4,Euro 6,11699
Vauxhall Mokka,121910,2013,1,Diesel,SUV,1.7L,Manual,5,5,Euro 5,4600
Ford Ecosport Hatchback,36046,2018,2,Petrol,SUV,1.0L,Manual,5,5,Euro 6,11990
Hyundai Tucson,45540,2018,1,Petrol,SUV,1.6L,Manual,5,5,Euro 6,12500
Vauxhall Astra,57379,2015,3,Petrol,Hatchback,1.4L,Manual,5,5,Euro 6,5300
Ford Kuga,12080,2020,0,Diesel,SUV,1.5L,Manual,5,5,Euro 6,21798
Nissan Micra,30845,2020,1,Petrol,Hatchback,1.0L,Manual,5,5,Euro 6,10999
Audi A6,34364,2019,1,Diesel,Estate,2.0L,Automatic,5,5,Euro 6,25000
Toyota Aygo,110000,2006,4,Petrol,Hatchback,1.0L,Manual,5,4,Euro 4,1795
Renault Clio,49908,2021,0,Petrol,Hatchback,1.0L,Manual,5,5,Euro 6,11890
Mercedes-Benz A Class,38000,2013,1,Petrol,Hatchback,1.6L,Automatic,5,5,Euro 6,12995
Renault Clio,29264,2018,1,Petrol,Hatchback,0.9L,Manual,5,5,Euro 6,9290
Volkswagen Passat,65641,2019,1,Diesel,Saloon,2.0L,Manual,4,5,Euro 6,13150
Dacia Logan MCV,36588,2019,0,Diesel,Estate,1.5L,Manual,5,5,Euro 6,9995
Citroen C3 Aircross,16983,2021,1,Petrol,SUV,1.2L,Manual,5,5,Euro 6,14436
Renault Koleos,38252,2018,2,Diesel,SUV,2.0L,Automatic,5,5,Euro 6,16995
Hyundai i10,42040,2017,0,Petrol,Hatchback,1.2L,Manual,5,5,Euro 5,7290
Peugeot 208 PURETECH ACTIVE PREMIUM S/S HATCHBACK,21777,2022,1,Petrol,Hatchback,1.2L,Manual,5,5,Euro 6,14150
Toyota Aygo,110000,2006,4,Petrol,Hatchback,1.0L,Manual,5,4,Euro 4,1795
Renault Clio,49908,2021,0,Petrol,Hatchback,1.0L,Manual,5,5,Euro 6,11890
Volkswagen Polo,11500,2021,1,Petrol,Hatchback,1.0L,Manual,5,5,Euro 6,15970
Audi A6,84292,2018,2,Diesel,Saloon,2.0L,Automatic,4,5,Euro 6,15799
Vauxhall Corsa,13315,2020,1,Petrol,Hatchback,1.2L,Manual,5,5,Euro 6,13999
Vauxhall Crossland X,16497,2020,1,Petrol,SUV,1.2L,Manual,5,5,Euro 6,12399
Renault Clio,24424,2022,1,Petrol,Hatchback,1.0L,Manual,5,5,Euro 6,14499
Nissan Juke,33371,2017,2,Petrol,SUV,1.2L,Manual,5,5,Euro 6,9799
Mercedes-Benz A-class,44956,2019,1,Petrol,Hatchback,1.3L,Manual,5,5,Euro 6,17000
MINI Hatch,63500,2008,2,Petrol,Hatchback,1.6L,Automatic,3,4,Euro 4,4395
Dacia Duster Estate,10424,2022,1,Petrol,SUV,1.0L,Manual,5,5,Euro 6,14899
MINI Hatch,19385,2021,1,Petrol,Hatchback,1.5L,Manual,3,4,Euro 6,16900
Volkswagen T-cross,14385,2021,1,Petrol,SUV,1.0L,Manual,5,5,Euro 6,17670
Nissan Qashqai,45774,2020,0,Petrol,SUV,1.3L,Automatic,5,5,Euro 6,14990
Mercedes-Benz E Class,102000,2013,3,Diesel,Saloon,2.1L,Manual,4,5,Euro 5,5850
Citroen C3 PICASSO,32947,2017,0,Diesel,MPV,1.6L,Manual,5,5,Euro 6,7995
Vauxhall Corsa,48890,2015,0,Petrol,Hatchback,1.4L,Manual,5,5,Euro 6,6995
Jaguar XE,23982,2016,2,Diesel,Saloon,2.0L,Automatic,4,5,Euro 6,16950
Renault Captur,57005,2017,2,Diesel,SUV,1.5L,Manual,5,5,Euro 6,9195
Vauxhall Corsa,6669,2019,1,Petrol,Hatchback,1.4L,Manual,5,5,Euro 6,10999
Volkswagen Golf Diesel Hatchback,73500,2011,2,Diesel,Hatchback,1.6L,Manual,5,5,Euro 5,6588
Nissan Qashqai,73010,2014,2,Diesel,SUV,1.5L,Manual,5,5,Euro 5,8490
Volkswagen Polo,17422,2019,2,Petrol,Hatchback,1.0L,Manual,5,5,Euro 6,13170
Volkswagen Beetle,77250,2013,2,Petrol,Convertible,1.4L,Manual,2,4,Euro 5,10995
Mercedes-Benz C Class,135000,2007,0,Diesel,Estate,2.1L,Automatic,5,5,Euro 4,2495
Volkswagen T-cross,14385,2021,1,Petrol,SUV,1.0L,Manual,5,5,Euro 6,17670
Volkswagen Polo,11500,2021,1,Petrol,Hatchback,1.0L,Manual,5,5,Euro 6,15970
Land Rover Discovery 4,111643,2015,4,Diesel,SUV,3.0L,Automatic,5,7,Euro 5,15500
Audi Q2 ESTATE,39950,2017,1,Petrol,SUV,1.4L,Manual,5,5,Euro 6,16995
Audi Q3,100000,2015,0,Diesel,SUV,2.0L,Automatic,5,5,Euro 6,11490
Ford Fiesta,67000,2014,0,Diesel,Hatchback,1.6L,Manual,5,5,Euro 5,5495
Volkswagen Polo,53727,2016,1,Petrol,Hatchback,1.0L,Manual,3,5,Euro 6,7995
Volkswagen UP,55559,2023,0,Petrol,Hatchback,1.0L,Manual,5,4,null,6750
Fiat 500X,20704,2019,2,Petrol,SUV,1.0L,Manual,5,5,Euro 6,12995
Renault Megane,36000,2019,2,Petrol,Estate,1.3L,Manual,5,5,Euro 6,12299
Volkswagen Scirocco Diesel Coupe,67202,2016,1,Diesel,Hatchback,2.0L,Manual,3,4,Euro 6,11289
Nissan Juke,45462,2019,1,Petrol,SUV,1.6L,Manual,5,5,Euro 6,11000
Jaguar XJ,50679,2006,5,Diesel,Saloon,2.7L,Automatic,4,5,Euro 4,8490
Hyundai Tucson,26286,2018,1,Petrol,SUV,1.6L,Manual,5,5,Euro 6,12999
Mercedes-Benz C Class,84400,2014,5,Diesel,Saloon,2.1L,Automatic,4,5,Euro 6,15500
Vauxhall Insignia Grand Sport,41887,2017,2,Diesel,Hatchback,1.6L,Manual,5,5,Euro 6,11795
Vauxhall Mokka X,44728,2018,2,Petrol,SUV,1.4L,Manual,5,5,Euro 6,10999
BMW 1 SERIES,47964,2017,1,Petrol,Hatchback,1.5L,Automatic,5,5,Euro 6,16099
Volkswagen Passat,62000,2018,1,Diesel,Saloon,2.0L,Automatic,4,5,Euro 6,13199
Volkswagen Sharan,160291,2005,1,Diesel,MPV,1.9L,Manual,5,7,Euro 4,4575
Citroen C3,31595,2018,2,Petrol,Hatchback,1.2L,Manual,5,5,Euro 6,10256
BMW 2 Series,26607,2019,0,Petrol,Coupe,1.5L,Automatic,2,4,Euro 6,17599
Toyota Yaris,51179,2019,1,Petrol Hybrid,Hatchback,1.5L,Automatic,5,5,Euro 6,13000
BMW 2 SERIES DIESEL GRAN TOURER,60459,2016,3,Diesel,MPV,2.0L,Manual,5,7,Euro 6,14447
Vauxhall Corsa,8720,2021,1,Petrol,Hatchback,1.2L,Manual,5,5,Euro 6,13999
Renault Clio,28688,2022,1,Petrol,Hatchback,1.0L,Manual,5,5,Euro 6,13499
Mercedes-Benz A Class,55461,2019,2,Petrol,Hatchback,1.3L,Manual,5,5,Euro 6,17899
Citroen Grand C4 Picasso,80861,2016,2,Diesel,MPV,1.6L,Manual,5,7,Euro 6,7790
Peugeot 208,7794,2020,1,Petrol,Hatchback,1.2L,Automatic,5,5,Euro 6,16899
Vauxhall Corsa,39065,2019,3,Petrol,Hatchback,1.4L,Manual,3,5,Euro 6,8799
BMW 1 Series,128000,2012,3,Diesel,Hatchback,2.0L,Automatic,5,5,Euro 5,7500
Renault Megane,36063,2012,2,Petrol,Hatchback,1.6L,Manual,5,5,Euro 5,4400
Renault Grand Scenic,73000,2011,2,Diesel,MPV,1.5L,Automatic,5,7,Euro 5,4000
Nissan Leaf,60695,2014,0,Electric,Hatchback,null,Automatic,5,5,null,5390
Toyota Aygo,16420,2019,0,Petrol,Hatchback,1.0L,Manual,5,4,Euro 6,10700
Citroen C3,22506,2019,2,Petrol,Hatchback,1.2L,Manual,5,5,Euro 6,10998
BMW 1 Series,97000,2016,2,Diesel,Hatchback,2.0L,Manual,5,5,Euro 6,9995
Citroen C3,50000,2013,0,Diesel,Hatchback,1.4L,Manual,5,5,Euro 5,4700
Nissan Juke,45462,2019,1,Petrol,SUV,1.6L,Manual,5,5,Euro 6,11000
Volkswagen Golf,72400,2015,2,Petrol,Hatchback,1.4L,Manual,5,5,Euro 5,8995
MINI Hatch,58700,2013,2,Petrol,Hatchback,1.6L,Manual,3,4,Euro 5,9299
SEAT Ibiza,18746,2022,1,Petrol,Hatchback,1.0L,Automatic,5,5,Euro 6,17899
Volkswagen Polo,34133,2016,0,Petrol,Hatchback,1.0L,Manual,5,5,Euro 6,10498
Toyota Aygo,16420,2019,0,Petrol,Hatchback,1.0L,Manual,5,4,Euro 6,10700
Vauxhall Crossland X Hatchback,26000,2019,1,Petrol,SUV,1.2L,Manual,5,5,Euro 6,10999
Ford Focus Diesel Hatchback,21000,2020,1,Diesel,Hatchback,1.5L,Manual,5,5,Euro 6,15999
Mercedes-Benz GLE Class,92000,2019,1,Diesel,SUV,2.0L,Automatic,5,5,Euro 6,33900
Mazda MAZDA6 TOURER,23178,2020,1,Petrol,Estate,2.5L,Automatic,5,5,Euro 6,23910
Peugeot 108,25846,2018,1,Petrol,Hatchback,1.2L,Manual,5,4,Euro 6,8695
Vauxhall Crossland X,19632,2020,1,Petrol,SUV,1.2L,Manual,5,5,Euro 6,13499
Hyundai i20,105472,2009,4,Petrol,Hatchback,1.2L,Manual,3,5,Euro 4,1850
Toyota Aygo,16420,2019,0,Petrol,Hatchback,1.0L,Manual,5,4,Euro 6,10700
MINI Hatch Cooper,57237,2014,2,Diesel,Hatchback,1.5L,Manual,3,4,Euro 6,6995
MG MG ZS,1,2023,0,Petrol,SUV,1.5L,Manual,5,5,Euro 6,18515
Ford Fiesta,26451,2017,0,Petrol,Hatchback,1.0L,Manual,5,5,Euro 6,10883
KIA Sportage Estate,29246,2019,2,Petrol,SUV,1.6L,Manual,5,5,Euro 6,15862
BMW 5 Series,85000,2014,2,Diesel,Saloon,2.0L,Automatic,4,5,Euro 6,12999
Volvo V60,70325,2016,3,Diesel,Estate,2.0L,Manual,5,5,Euro 6,9990
BMW X3 Series,45155,2019,1,Diesel,SUV,2.0L,Automatic,5,5,Euro 6,28240
Ford Fiesta,44500,2016,0,Petrol,Hatchback,1.3L,Manual,3,5,Euro 6,7695
Audi Q5,96000,2012,2,Diesel,SUV,2.0L,Automatic,5,5,Euro 5,9990
Vauxhall Corsa,6461,2020,1,Petrol,Hatchback,1.2L,Manual,5,5,Euro 6,13995
Toyota Yaris,51179,2019,1,Petrol Hybrid,Hatchback,1.5L,Automatic,5,5,Euro 6,13000
BMW 2 Series,26607,2019,0,Petrol,Coupe,1.5L,Automatic,2,4,Euro 6,17599
Land Rover Range Rover Sport,36363,2015,0,Diesel,SUV,3.0L,Automatic,5,5,Euro 5,25995
Citroen C3 AIRCROSS,49047,2018,2,Diesel,SUV,1.6L,Manual,5,5,Euro 6,9500
Ford Fiesta,41485,2020,1,Petrol,Hatchback,1.0L,Manual,5,5,Euro 6,10699
Volkswagen Caddy Maxi Life,119842,2014,0,Diesel,MPV,1.6L,Automatic,5,7,Euro 5,8995
Jeep Renegade,61000,2015,2,Petrol,SUV,1.4L,Manual,5,5,Euro 6,10300
KIA Xceed Hatchback,4000,2021,1,Petrol,SUV,1.0L,Manual,5,5,Euro 6,18499
Vauxhall Crossland X,17782,2020,1,Petrol,SUV,1.2L,Manual,5,5,Euro 6,13599
Vauxhall Astra,30407,2019,1,Diesel,Hatchback,1.6L,Manual,5,5,Euro 6,10600
Nissan Qashqai,30287,2019,1,Diesel,SUV,1.5L,Manual,5,5,Euro 6,14999
Peugeot 508,58256,2021,2,Petrol,Estate,1.6L,Automatic,5,5,Euro 6,17999
BMW 2 Series,26607,2019,0,Petrol,Coupe,1.5L,Automatic,2,4,Euro 6,17599
MINI Hatch,33156,2018,1,Petrol,Hatchback,1.5L,Manual,5,5,Euro 6,11999
Renault Clio,138061,2007,5,Petrol,Hatchback,1.4L,Manual,3,5,Euro 4,500
Ford Focus,124512,2007,3,Diesel,Hatchback,1.6L,Manual,5,5,Euro 4,750
BMW 3 Series,118000,2008,0,Diesel,Convertible,3.0L,Automatic,2,4,Euro 4,2999
SEAT Ibiza,120842,2010,4,Diesel,Hatchback,1.2L,Manual,3,5,Euro 5,400
Ford Fiesta,111875,2007,4,Petrol,Hatchback,1.4L,Manual,3,5,Euro 4,499
Peugeot 307 CC,114053,2006,1,Petrol,Convertible,1.6L,Manual,2,4,Euro 4,700
Mazda MX-5,131848,2004,4,Petrol,Convertible,1.8L,Manual,2,2,Euro 3,799
Fiat Stilo,71000,2004,0,Petrol,Hatchback,1.4L,Manual,5,5,Euro 4,640
Ford KA,70321,2008,6,Petrol,Hatchback,1.3L,Manual,3,5,Euro 4,700
Vauxhall Corsa,92000,2009,3,Petrol,Hatchback,1.4L,Manual,5,5,Euro 4,850
Toyota Verso,118000,2010,3,Diesel,MPV,2.0L,Manual,5,7,Euro 5,1575
MINI Hatch,33156,2018,1,Petrol,Hatchback,1.5L,Manual,5,5,Euro 6,11999
MINI Convertible,93552,2004,4,Petrol,Convertible,1.6L,Manual,2,4,Euro 4,1000
Audi A4,127000,2009,5,Petrol,Saloon,1.8L,Manual,4,5,Euro 4,950
Renault Clio,103200,2008,3,Petrol,Hatchback,1.2L,Manual,3,5,Euro 4,800
Peugeot 206,62694,2005,4,Petrol,Hatchback,1.4L,Manual,3,5,Euro 3,950
Peugeot 207,81000,2012,4,Petrol,Hatchback,1.4L,Manual,5,5,Euro 5,1990
Renault Twingo,66700,2008,0,Petrol,Hatchback,1.2L,Manual,3,4,Euro 4,1695
Peugeot 207,48000,2008,3,Diesel,Hatchback,1.6L,Manual,5,5,Euro 4,1500
Vauxhall Corsa,99513,2008,3,Petrol,Hatchback,1.2L,Manual,5,5,Euro 4,1000
Mitsubishi Outlander,98000,2012,5,Diesel,SUV,2.2L,Manual,5,7,Euro 5,795
Hyundai Coupe,64000,2005,0,Petrol,Coupe,1.6L,Manual,3,4,Euro 3,1495
Honda Civic,159630,2004,1,Petrol,Hatchback,1.4L,Manual,5,5,Euro 3,699
Peugeot 208,91000,2014,2,Diesel,Hatchback,1.4L,Manual,3,5,Euro 5,2990
Audi A6 Allroad,174009,2003,1,Diesel,Estate,2.5L,Automatic,5,5,Euro 4,595
Peugeot 207,89500,2011,5,Petrol,Hatchback,1.6L,Manual,3,5,Euro 5,945
Vauxhall Zafira,77175,2006,3,Petrol,MPV,1.8L,Manual,5,7,Euro 4,1500
SKODA Octavia,117072,2005,4,Diesel,Hatchback,1.9L,Manual,5,5,Euro 4,799
Vauxhall Tigra,99464,2008,5,Petrol,Convertible,1.4L,Manual,2,2,Euro 4,800
SEAT Toledo,168870,2001,1,Diesel,Saloon,1.9L,Manual,4,5,Euro 2,700
BMW X5,115000,2007,0,Diesel,SUV,3.0L,Automatic,5,5,Euro 4,4495
Vauxhall Corsa,135000,2015,0,Petrol,Hatchback,1.4L,Manual,3,5,Euro 6,2789
Volkswagen Jetta,61637,2013,0,Diesel,Saloon,2.0L,Manual,4,5,Euro 5,6698
Vauxhall Corsa,78648,2005,1,Petrol,Hatchback,1.2L,Manual,5,5,Euro 4,1000
Volkswagen Polo,121639,2010,3,Petrol,Hatchback,1.2L,Manual,3,5,Euro 5,2999
Fiat Punto EVO,75000,2010,4,Petrol,Hatchback,1.4L,Manual,3,5,Euro 5,1989
Vauxhall Astra,115000,2005,0,Diesel,Hatchback,1.7L,Manual,5,5,Euro 4,450
Vauxhall Astra,175000,2010,5,Diesel,Hatchback,1.7L,Manual,5,5,Euro 5,875
Vauxhall Astra,64000,2010,5,Petrol,Hatchback,1.6L,Manual,5,5,Euro 5,1990
Ford Streetka,91000,2003,8,Petrol,Convertible,1.6L,Manual,2,2,Euro 4,990
MINI Hatch,111000,2010,6,Diesel,Hatchback,1.6L,Manual,3,4,Euro 5,2490
Vauxhall Corsa,86786,2009,0,Diesel,Hatchback,1.3L,Manual,5,5,Euro 4,1548
Mazda Mazda3,129000,2005,0,Petrol,Hatchback,2.0L,Manual,5,5,Euro 4,999
Mitsubishi Outlander,98000,2012,5,Diesel,SUV,2.2L,Manual,5,7,Euro 5,795
Peugeot 308,55301,2016,0,Diesel,Hatchback,1.6L,Manual,5,5,Euro 6,9149
Nissan Qashqai+2,129100,2013,6,Diesel,SUV,1.5L,Manual,5,7,Euro 5,1895
Audi A3,142900,2008,0,Diesel,Hatchback,1.9L,Manual,5,5,Euro 4,850
KIA RIO,26000,2010,1,Petrol,Hatchback,1.4L,Manual,5,5,Euro 4,2990
Ford Fiesta,116000,2007,3,Petrol,Hatchback,1.3L,Manual,5,5,Euro 4,1295
Vauxhall Insignia,168100,2013,4,Diesel,Hatchback,2.0L,Manual,5,5,Euro 5,1495
Toyota Verso,118000,2010,3,Diesel,MPV,2.0L,Manual,5,7,Euro 5,1575
Citroen C3 Picasso,106583,2010,0,Diesel,MPV,1.6L,Manual,5,5,Euro 5,1995
Vauxhall Adam,70984,2013,8,Petrol,Hatchback,1.4L,Manual,3,4,Euro 5,1295
Vauxhall Astra,100000,2015,4,Diesel,Hatchback,1.6L,Manual,5,5,Euro 6,2499
Peugeot 208,100000,2014,4,Petrol,Hatchback,1.2L,Manual,3,5,Euro 5,2199
Peugeot 207,81000,2012,4,Petrol,Hatchback,1.4L,Manual,5,5,Euro 5,1990
Vauxhall Zafira Tourer,42847,2017,0,Diesel,MPV,2.0L,Manual,5,7,Euro 6,13399
Suzuki Swift,11589,2020,1,Petrol Hybrid,Hatchback,1.2L,Manual,5,5,Euro 6,10707
Ford Fiesta,104000,2005,5,Petrol,Hatchback,1.4L,Manual,5,5,Euro 4,1490
Mercedes-Benz E Class,135000,2011,0,Diesel,Saloon,2.1L,Automatic,4,5,Euro 5,2994
Vauxhall Astra,115826,2010,1,Petrol,Hatchback,1.4L,Manual,5,5,Euro 5,1370
SEAT Ibiza,98000,2012,2,Petrol,Hatchback,1.4L,Manual,5,5,Euro 5,2450
Vauxhall Astra,101000,2016,1,Petrol,Hatchback,1.4L,Manual,5,5,Euro 6,3480
Mitsubishi Outlander,98000,2012,5,Diesel,SUV,2.2L,Manual,5,7,Euro 5,795
Vauxhall Astra,107000,2012,0,Diesel,Hatchback,2.0L,Manual,5,5,Euro 5,1995
Jeep Patriot,112654,2008,4,Diesel,SUV,2.0L,Manual,5,5,Euro 4,1000
Vauxhall Corsa,88000,2015,3,Petrol,Hatchback,1.4L,Manual,3,5,Euro 6,3350
Mitsubishi Outlander,98000,2012,5,Diesel,SUV,2.2L,Manual,5,7,Euro 5,795
Vauxhall Corsa,39993,2020,0,Petrol,Hatchback,1.2L,Manual,5,5,Euro 6,10998
Volvo V50,172000,2009,0,Diesel,Estate,2.4L,Automatic,5,5,Euro 4,1985
Citroen DS4,127000,2012,0,Diesel,Hatchback,1.6L,Automatic,5,5,Euro 5,3495
Citroen Berlingo,92700,2004,0,Diesel,MPV,2.0L,Manual,5,5,Euro 3,1495
Mitsubishi Outlander,145000,2007,0,Diesel,SUV,2.0L,Manual,5,7,Euro 4,1489
Ford Ecosport,98000,2014,3,Diesel,SUV,1.5L,Manual,5,5,Euro 5,3850
Ford Mondeo,149154,2007,4,Petrol,Hatchback,2.0L,Manual,5,5,Euro 4,899
Renault Clio,123000,2009,3,Petrol,Hatchback,1.2L,Manual,5,5,Euro 4,1295
Honda Jazz,93000,2002,5,Petrol,Hatchback,1.4L,Automatic,5,5,Euro 3,1990
Vauxhall Corsa,135000,2015,0,Petrol,Hatchback,1.4L,Manual,3,5,Euro 6,2789
Mitsubishi Outlander,98000,2012,5,Diesel,SUV,2.2L,Manual,5,7,Euro 5,795
Suzuki Swift,11589,2020,1,Petrol Hybrid,Hatchback,1.2L,Manual,5,5,Euro 6,10707
MINI Hatch,33156,2018,1,Petrol,Hatchback,1.5L,Manual,5,5,Euro 6,11999
MG TF,40000,2004,4,Petrol,Convertible,1.6L,Manual,2,2,Euro 3,1800
Volkswagen Polo,67710,2013,2,Petrol,Hatchback,1.2L,Manual,5,5,Euro 5,4310
Ford Fiesta,83653,2006,5,Petrol,Hatchback,1.3L,Manual,3,5,Euro 4,995
Renault Clio,102000,2009,0,Diesel,Hatchback,1.5L,Manual,3,5,Euro 4,1295
Renault Clio,62203,2013,6,Petrol,Hatchback,1.2L,Manual,5,5,Euro 5,2400
Citroen Xsara Picasso,110000,2007,3,Diesel,MPV,1.6L,Manual,5,5,Euro 4,995
Nissan Qashqai+2,94932,2009,2,Diesel,SUV,2.0L,Manual,5,7,Euro 4,2500
MG ZR,92000,2005,0,Petrol,Hatchback,1.4L,Manual,5,5,Euro 3,1395
Peugeot 207 SW,114312,2008,9,Petrol,Estate,1.4L,Manual,5,5,Euro 4,895
Fiat Punto EVO,86997,2011,2,Petrol,Hatchback,1.4L,Manual,3,5,Euro 5,2250
Fiat Punto EVO,75000,2010,4,Petrol,Hatchback,1.4L,Manual,3,5,Euro 5,1989
Vauxhall Corsa,39993,2020,0,Petrol,Hatchback,1.2L,Manual,5,5,Euro 6,10998
Ford Fiesta,61981,2018,2,Petrol,Hatchback,1.0L,Manual,5,5,Euro 6,9990
Toyota Yaris,125000,2002,0,Petrol,Hatchback,1.5L,Manual,3,5,Euro 3,1395
Fiat Multipla,106000,2007,5,Diesel,MPV,1.9L,Manual,5,6,Euro 4,1985
Renault Clio,104000,2003,0,Petrol,Hatchback,1.2L,Manual,3,5,Euro 3,895
Honda Jazz,127000,2007,3,Petrol,Hatchback,1.4L,Manual,5,5,Euro 4,994
KIA Soul,97000,2010,3,Diesel,SUV,1.6L,Manual,5,5,Euro 4,1989
Ford KA,59000,2013,0,Petrol,Hatchback,1.2L,Manual,3,4,Euro 5,2595
Vauxhall Corsa,76874,2006,4,Petrol,Hatchback,1.2L,Manual,5,5,Euro 4,1000
Mitsubishi Outlander,98000,2012,5,Diesel,SUV,2.2L,Manual,5,7,Euro 5,795
Ford Fiesta,61981,2018,2,Petrol,Hatchback,1.0L,Manual,5,5,Euro 6,9990
Peugeot 308,55301,2016,0,Diesel,Hatchback,1.6L,Manual,5,5,Euro 6,9149
Vauxhall Insignia,162000,2015,0,Diesel,Hatchback,2.0L,Manual,5,5,Euro 5,2795
Mazda Mazda6,107819,2009,0,Petrol,Hatchback,1.8L,Manual,5,5,Euro 4,1795
SEAT Leon,126000,2014,7,Diesel,Hatchback,1.6L,Manual,5,5,Euro 5,3000
Ford Focus,117000,2010,4,Petrol,Hatchback,1.6L,Manual,5,5,Euro 4,1399
Honda Accord,192567,2007,5,Diesel,Saloon,2.2L,Manual,4,5,Euro 4,950
Fiat Grande Punto,128000,2008,0,Petrol,Hatchback,1.4L,Manual,3,5,Euro 4,2250
BMW 1 Series,137000,2012,3,Diesel,Coupe,2.0L,Manual,2,4,Euro 5,3995
Volkswagen Lupo,86336,2000,3,Petrol,Hatchback,1.4L,Manual,3,4,Euro 4,1750
Peugeot 407,99000,2006,0,Diesel,Coupe,2.7L,Automatic,2,4,Euro 4,2150
Ford Focus,77000,2007,4,Petrol,Hatchback,1.8L,Manual,5,5,Euro 4,1499
Vauxhall Corsa,135000,2015,0,Petrol,Hatchback,1.4L,Manual,3,5,Euro 6,2789
Peugeot 308,55301,2016,0,Diesel,Hatchback,1.6L,Manual,5,5,Euro 6,9149
Vauxhall Corsa,39993,2020,0,Petrol,Hatchback,1.2L,Manual,5,5,Euro 6,10998
Volkswagen Passat,160000,2002,5,Diesel,Estate,1.9L,Manual,5,5,Euro 3,1290
SEAT Ibiza,110000,2012,2,Petrol,Hatchback,1.4L,Manual,3,5,Euro 5,2489
Vauxhall Astra,74520,2007,0,Diesel,Hatchback,1.7L,Manual,5,5,Euro 4,990
Ford Mondeo,118000,2010,4,Diesel,Hatchback,1.8L,Manual,5,5,Euro 4,1895
Audi Q7,145000,2006,0,Diesel,SUV,3.0L,Automatic,5,7,Euro 4,1994
Mazda Mazda2,114000,2011,5,Petrol,Hatchback,1.3L,Manual,5,5,Euro 5,2000
Vauxhall Astra,169000,2012,0,Diesel,Hatchback,2.0L,Manual,5,5,Euro 5,1950
Peugeot 206 CC,48276,2003,5,Petrol,Convertible,1.6L,Manual,2,4,Euro 3,1100
Ford Focus,86000,2010,0,Petrol,Hatchback,1.6L,Manual,5,5,Euro 4,2000
Peugeot 207,81000,2012,4,Petrol,Hatchback,1.4L,Manual,5,5,Euro 5,1990
Vauxhall Zafira Tourer,42847,2017,0,Diesel,MPV,2.0L,Manual,5,7,Euro 6,13399
Vauxhall Astra,60139,2015,2,Petrol,Hatchback,1.6L,Manual,5,5,Euro 6,4999
Vauxhall Insignia,121723,2012,0,Diesel,Estate,2.0L,Manual,5,5,Euro 5,2495
Toyota Yaris,90285,2007,3,Petrol,Hatchback,1.3L,Manual,5,5,Euro 4,1495
Honda Jazz,87637,2005,0,Petrol,Hatchback,1.2L,Manual,5,5,Euro 4,1295
Renault Megane,106500,2015,3,Diesel,Hatchback,1.5L,Manual,5,5,Euro 5,2495
Citroen C1,79000,2008,3,Petrol,Hatchback,1.0L,Manual,3,4,Euro 4,1795
Vauxhall Astra,96000,2006,5,Petrol,Hatchback,1.4L,Manual,3,5,Euro 4,1299
Renault Clio,93000,2010,0,Diesel,Hatchback,1.5L,Manual,3,5,Euro 4,2490
Land Rover Discovery Sport,70000,2017,1,Diesel,SUV,2.0L,Automatic,5,7,Euro 6,15700
Fiat 500,107000,2011,2,Petrol,Hatchback,1.2L,Manual,3,4,Euro 5,2500
Ford Ecosport,98000,2014,3,Diesel,SUV,1.5L,Manual,5,5,Euro 5,3850
Vauxhall Astra,60139,2015,2,Petrol,Hatchback,1.6L,Manual,5,5,Euro 6,4999
Volkswagen Jetta,61637,2013,0,Diesel,Saloon,2.0L,Manual,4,5,Euro 5,6698
Ford Fiesta,92000,2010,0,Petrol,Hatchback,1.3L,Manual,5,5,Euro 5,2695
Mercedes-Benz C Class,72200,2001,0,Petrol,Saloon,2.0L,Automatic,4,5,Euro 3,1495
Ford Focus,79567,2013,1,Petrol,Hatchback,1.0L,Manual,5,5,Euro 5,3495
KIA Picanto,78582,2011,3,Petrol,Hatchback,1.0L,Manual,5,5,Euro 5,2450
MINI Hatch,70930,2010,0,Petrol,Hatchback,1.4L,Manual,3,4,Euro 4,2495
Vauxhall Astra,118000,2017,1,Diesel,Estate,1.6L,Manual,5,5,Euro 6,3250
Renault Clio,97000,2011,0,Petrol,Hatchback,1.6L,Automatic,3,5,Euro 5,3489
Vauxhall Astra,109400,2010,0,Petrol,Hatchback,1.4L,Manual,3,5,Euro 4,1795
Fiat Grande Punto,83404,2008,0,Petrol,Hatchback,1.2L,Manual,5,5,Euro 4,1995
MINI Hatch,95942,2009,7,Petrol,Hatchback,1.4L,Manual,3,4,Euro 4,999
Toyota Verso,118000,2010,3,Diesel,MPV,2.0L,Manual,5,7,Euro 5,1575
Vauxhall Insignia,120000,2010,3,Diesel,Estate,2.0L,Automatic,5,5,Euro 5,1999
Audi A3,190000,2009,3,Diesel,Hatchback,1.9L,Manual,5,5,Euro 4,1250
SKODA Fabia,85010,2001,3,Petrol,Hatchback,1.4L,Manual,5,5,Euro 2,999
Vauxhall Tigra,77000,2005,3,Petrol,Convertible,1.4L,Manual,2,2,Euro 4,999
Ford Focus,94519,2006,1,Petrol,Hatchback,1.6L,Manual,3,5,Euro 4,1190
SEAT Ibiza,137580,2010,3,Petrol,Hatchback,1.4L,Manual,5,5,Euro 5,1995
Vauxhall Insignia,136000,2011,4,Diesel,Estate,2.0L,Manual,5,5,Euro 5,1500
Volkswagen Golf Plus,86000,2010,5,Diesel,Hatchback,1.6L,Manual,5,5,Euro 5,1995
Vauxhall Astra,90081,2002,4,Petrol,Hatchback,1.6L,Automatic,5,5,Euro 4,1000
Renault Clio,104000,2008,2,Petrol,Hatchback,1.2L,Manual,3,5,Euro 4,993
MINI Hatch,33156,2018,1,Petrol,Hatchback,1.5L,Manual,5,5,Euro 6,11999
Vauxhall Corsa,97632,2005,0,Petrol,Hatchback,1.2L,Manual,3,5,Euro 4,999
Renault Clio,95000,2013,4,Petrol,Hatchback,1.2L,Manual,5,5,Euro 5,3995
Ford C-max,111000,2008,5,Diesel,MPV,1.8L,Manual,5,5,Euro 4,1350
Chrysler PT Cruiser,104000,2005,0,Petrol,Hatchback,2.0L,Automatic,5,5,Euro 3,1475
Renault Clio,115640,2010,0,Diesel,Hatchback,1.5L,Manual,5,5,Euro 4,1499
Peugeot 207 CC,48000,2011,4,Petrol,Convertible,1.6L,Manual,2,4,Euro 5,2000
Volkswagen Passat,129000,2010,5,Diesel,Saloon,2.0L,Automatic,4,5,Euro 5,2990
Vauxhall Corsa,87464,2009,0,Petrol,Hatchback,1.2L,Manual,3,5,Euro 4,790
Citroen C3,124530,2010,0,Diesel,Hatchback,1.4L,Manual,5,5,Euro 4,1495
Mitsubishi Outlander,145000,2007,0,Diesel,SUV,2.0L,Manual,5,7,Euro 4,1489
Suzuki Swift,11589,2020,1,Petrol Hybrid,Hatchback,1.2L,Manual,5,5,Euro 6,10707
Fiat Doblo,85000,2004,0,Diesel,Estate,1.3L,Manual,5,5,Euro 4,1495
Honda Civic,69000,2004,3,Diesel,Hatchback,1.7L,Manual,3,5,Euro 4,1795
Honda Accord,153636,2000,0,Petrol,Coupe,3.0L,Automatic,2,4,Euro 3,1195
Mazda Mazda6,112000,2010,0,Diesel,Hatchback,2.2L,Manual,5,5,Euro 5,1650
Vauxhall Corsa,109091,2009,0,Petrol,Hatchback,1.2L,Manual,5,5,Euro 4,1995
Ford Focus C-max,91617,2007,0,Petrol,MPV,1.6L,Manual,5,5,Euro 4,700
Citroen C1,135000,2006,4,Petrol,Hatchback,1.0L,Manual,5,4,Euro 4,993
Citroen C1,107000,2005,0,Petrol,Hatchback,1.0L,Manual,5,4,Euro 4,3494
Honda Cr-z,112000,2010,0,Petrol Hybrid,Coupe,1.5L,Manual,3,4,Euro 5,2795
Vauxhall Corsa,39993,2020,0,Petrol,Hatchback,1.2L,Manual,5,5,Euro 6,10998
Vauxhall Astra,60139,2015,2,Petrol,Hatchback,1.6L,Manual,5,5,Euro 6,4999
Renault Clio,85434,2014,4,Diesel,Hatchback,1.5L,Manual,5,5,Euro 5,3500
Ford Streetka,78715,2003,0,Petrol,Convertible,1.6L,Manual,2,2,Euro 4,1000
Renault Clio,115083,2007,7,Petrol,Hatchback,1.2L,Manual,5,5,Euro 4,500
Volvo V50,153092,2009,2,Diesel,Estate,2.4L,Automatic,5,5,Euro 4,2299
Peugeot 207,94700,2009,1,Petrol,Hatchback,1.4L,Manual,5,5,Euro 5,1450
Rover 45,24000,2004,0,Petrol,Saloon,1.8L,Automatic,4,5,Euro 3,2495
Nissan Qashqai,76000,2012,4,Diesel,SUV,1.5L,Manual,5,5,Euro 5,3989
Alfa Romeo 159,68000,2008,2,Diesel,Saloon,2.4L,Automatic,4,5,Euro 4,2489
Suzuki Swift,109000,2006,0,Petrol,Hatchback,1.3L,Manual,5,5,Euro 4,1450
Fiat Punto,75061,2004,0,Petrol,Hatchback,1.2L,Manual,3,5,Euro 3,1995
Volkswagen Jetta,61637,2013,0,Diesel,Saloon,2.0L,Manual,4,5,Euro 5,6698
Suzuki Swift,11589,2020,1,Petrol Hybrid,Hatchback,1.2L,Manual,5,5,Euro 6,10707
Nissan Micra,79000,2006,0,Petrol,Hatchback,1.2L,Manual,3,5,Euro 4,1490
Lexus GS 450h,160000,2006,0,Petrol Hybrid,Saloon,3.5L,Automatic,4,5,Euro 5,2500
Honda Jazz,136000,2006,6,Petrol,Hatchback,1.4L,Manual,5,5,Euro 4,975
Ford Mondeo,128000,2009,0,Diesel,Hatchback,2.0L,Manual,5,5,Euro 4,1250
Vauxhall Astra,87000,2010,0,Petrol,Hatchback,1.6L,Manual,5,5,Euro 5,2850
Renault Grand Scenic,65500,2010,3,Diesel,MPV,1.5L,Manual,5,7,Euro 5,2500
BMW 3 Series,138000,2009,0,Petrol,Saloon,2.0L,Automatic,4,5,Euro 5,2995
Alfa Romeo Mito,81710,2010,0,Petrol,Hatchback,1.4L,Manual,3,4,Euro 5,2495
Mazda Mazda2,90000,2010,3,Petrol,Hatchback,1.3L,Manual,5,5,Euro 4,2480
Citroen C4,121255,2012,0,Diesel,Hatchback,1.6L,Manual,5,5,Euro 5,2190
Mitsubishi Outlander,145000,2007,0,Diesel,SUV,2.0L,Manual,5,7,Euro 4,1489
Suzuki Swift,11589,2020,1,Petrol Hybrid,Hatchback,1.2L,Manual,5,5,Euro 6,10707
Peugeot 307,75000,2005,0,Diesel,Hatchback,2.0L,Manual,5,5,Euro 3,1495
Nissan Qashqai,115000,2009,1,Diesel,Hatchback,1.5L,Manual,5,5,Euro 4,1695
Peugeot 206,128000,2004,0,Petrol,Hatchback,1.1L,Manual,5,5,Euro 3,999
Jaguar XF,146000,2015,0,Diesel,Saloon,2.0L,Automatic,4,5,Euro 6,3494
Honda Civic,71360,2004,2,Petrol,Hatchback,1.6L,Automatic,3,5,Euro 3,1880
Ford Fiesta,65000,2009,3,Petrol,Hatchback,1.3L,Manual,3,5,Euro 4,2799
Renault Clio,60160,2009,1,Petrol,Hatchback,1.2L,Manual,3,5,Euro 4,1990
BMW X1,65000,2012,0,Diesel,SUV,2.0L,Automatic,5,5,Euro 5,6995
Vauxhall Corsa,135000,2015,0,Petrol,Hatchback,1.4L,Manual,3,5,Euro 6,2789
Volkswagen Jetta,61637,2013,0,Diesel,Saloon,2.0L,Manual,4,5,Euro 5,6698
Vauxhall Astra,60139,2015,2,Petrol,Hatchback,1.6L,Manual,5,5,Euro 6,4999
Vauxhall Corsa,70020,2014,0,Diesel,Hatchback,1.3L,Manual,5,5,Euro 5,2989
Peugeot 207 SW,115000,2009,9,Petrol,Estate,1.4L,Manual,5,5,Euro 4,1450
Toyota Carina,120000,1991,0,Petrol,Saloon,1.6L,Manual,4,null,null,2450
Ford Fiesta,83985,2009,0,Diesel,Hatchback,1.6L,Manual,3,5,Euro 4,2390
MINI Hatch,129000,2011,6,Diesel,Hatchback,2.0L,Automatic,3,4,Euro 5,3490
Volkswagen Golf,98785,2009,3,Diesel,Hatchback,2.0L,Manual,5,5,Euro 5,2500
Peugeot 206 CC,89000,2004,0,Petrol,Convertible,1.6L,Manual,2,4,Euro 3,994
Citroen C5,66203,2009,0,Diesel,Saloon,2.7L,Automatic,4,5,Euro 4,2495
MINI Hatch,124000,2004,0,Petrol,Hatchback,1.6L,Manual,3,4,Euro 3,1495
Honda Civic,138000,2006,0,Petrol,Hatchback,1.8L,Manual,5,5,Euro 4,1190
Ford Ecosport,98000,2014,3,Diesel,SUV,1.5L,Manual,5,5,Euro 5,3850
Ford Fiesta,61981,2018,2,Petrol,Hatchback,1.0L,Manual,5,5,Euro 6,9990
Ford Focus,64000,2014,2,Petrol,Hatchback,1.0L,Manual,5,5,Euro 5,6000
Ford Focus,84000,2005,0,Petrol,Hatchback,1.6L,Manual,5,5,Euro 4,1495
Hyundai Amica,54000,2007,3,Petrol,Hatchback,1.1L,Manual,5,4,Euro 4,1100
SEAT Ibiza,89839,2011,0,Petrol,Hatchback,1.2L,Manual,3,5,Euro 5,3095
Mitsubishi Outlander,132000,2007,3,Diesel,SUV,2.0L,Manual,5,7,Euro 4,1995
Fiat 500,64000,2013,7,Petrol,Hatchback,1.2L,Manual,3,4,Euro 5,2500
Vauxhall Astra,76000,2013,2,Diesel,Hatchback,2.0L,Manual,5,5,Euro 5,4190
Peugeot 206 CC,62000,2002,0,Petrol,Convertible,1.6L,Automatic,2,4,Euro 3,1789
BMW 1 Series,98800,2013,4,Diesel,Hatchback,2.0L,Manual,3,5,Euro 5,3495
Peugeot 207,81000,2012,4,Petrol,Hatchback,1.4L,Manual,5,5,Euro 5,1990
MINI Hatch,33156,2018,1,Petrol,Hatchback,1.5L,Manual,5,5,Euro 6,11999
Ford Fiesta,61981,2018,2,Petrol,Hatchback,1.0L,Manual,5,5,Euro 6,9990
SEAT Ibiza,56000,2008,0,Petrol,Hatchback,1.2L,Manual,5,5,Euro 4,2999
Land Rover Range Rover Evoque,160214,2014,3,Diesel,SUV,2.2L,Manual,5,5,Euro 5,6495
Fiat Punto,110000,2012,0,Petrol,Hatchback,1.4L,Manual,3,5,Euro 5,2000
Lexus IS 250,72000,2007,2,Petrol,Saloon,2.5L,Manual,4,5,Euro 4,2795
Alfa Romeo Brera,109000,2007,0,Diesel,Coupe,2.4L,Manual,3,4,Euro 4,1990
Ford Fiesta,93000,2008,3,Diesel,Hatchback,1.6L,Manual,3,5,Euro 4,1500
Fiat 500,103000,2008,0,Petrol,Hatchback,1.4L,Manual,3,4,Euro 4,1995
MINI Hatch,87000,2007,8,Petrol,Hatchback,1.4L,Manual,3,4,Euro 4,2195
Ford KA,50879,2007,3,Petrol,Hatchback,1.3L,Manual,3,5,Euro 4,995
Jeep Patriot,112654,2008,4,Diesel,SUV,2.0L,Manual,5,5,Euro 4,1000
Ford Fiesta,61981,2018,2,Petrol,Hatchback,1.0L,Manual,5,5,Euro 6,9990
SEAT Ibiza,80210,2009,0,Petrol,Hatchback,1.2L,Manual,5,5,Euro 4,2695
Ford Focus,143500,2011,4,Diesel,Hatchback,1.6L,Manual,5,5,Euro 5,1095
Vauxhall Corsa,110000,2013,0,Petrol,Hatchback,1.2L,Manual,5,5,Euro 5,2000
MINI Hatch,143598,2004,0,Diesel,Hatchback,1.4L,Manual,3,4,Euro 3,1325
Toyota Yaris,76185,2001,0,Petrol,Hatchback,1.3L,Automatic,5,5,Euro 3,2485
Peugeot 3008,107000,2010,6,Diesel,SUV,1.6L,Manual,5,5,Euro 4,1390
Citroen C4,107000,2011,3,Petrol,Hatchback,1.6L,Manual,5,5,Euro 5,2250
Vauxhall Zafira,119000,2013,3,Petrol,MPV,1.6L,Manual,5,7,Euro 5,1675
Mitsubishi Shogun Sport,123000,2005,7,Diesel,SUV,2.5L,Manual,5,5,Euro 3,2495
BMW 3 Series,124184,2010,0,Diesel,Saloon,2.0L,Automatic,4,5,Euro 5,3350
Toyota Verso,118000,2010,3,Diesel,MPV,2.0L,Manual,5,7,Euro 5,1575
Ford C-max,111866,2011,2,Petrol,MPV,1.6L,Manual,5,5,Euro 5,2985
SEAT Ibiza,88126,2011,3,Diesel,Estate,1.6L,Manual,5,5,Euro 5,2495
Honda Jazz,97000,2007,7,Petrol,Hatchback,1.2L,Manual,5,5,Euro 4,1595
Vauxhall Corsa,75000,2010,2,Petrol,Hatchback,1.0L,Manual,3,5,Euro 5,2499
Ford Fiesta,136404,2008,4,Petrol,Hatchback,1.6L,Manual,3,5,Euro 4,1795
BMW 1 Series,112000,2012,0,Diesel,Hatchback,2.0L,Manual,3,5,Euro 5,3500
Vauxhall Vivaro,102000,2005,0,Diesel,Combi Van,1.9L,Manual,5,6,Euro 3,2495
SKODA Superb,160000,2004,0,Diesel,Saloon,1.9L,Automatic,4,5,Euro 4,695
KIA Ceed,99500,2010,1,Petrol,Hatchback,1.4L,Manual,5,5,Euro 4,2350
Ford Mondeo,119424,2010,0,Diesel,Hatchback,1.8L,Manual,5,5,Euro 4,1795
Peugeot 207,81000,2012,4,Petrol,Hatchback,1.4L,Manual,5,5,Euro 5,1990
MINI Hatch,33156,2018,1,Petrol,Hatchback,1.5L,Manual,5,5,Euro 6,11999
Volkswagen Jetta,61637,2013,0,Diesel,Saloon,2.0L,Manual,4,5,Euro 5,6698
Volvo C30,140000,2011,3,Diesel,Coupe,1.6L,Manual,3,4,Euro 5,2489
Honda Legend,79000,2001,0,Petrol,Saloon,3.5L,Automatic,4,5,Euro 2,2499
Vauxhall Corsa,136000,2008,0,Petrol,Hatchback,1.2L,Manual,5,5,Euro 4,1270
Citroen C4 Picasso,152000,2007,0,Petrol,MPV,2.0L,Automatic,5,5,Euro 4,1487
Toyota RAV4,173000,2006,0,Diesel,SUV,2.2L,Manual,5,5,Euro 4,1585
Volvo S60,108358,2010,0,Diesel,Saloon,2.4L,Automatic,4,5,Euro 5,3995
Honda Civic,76000,2007,0,Petrol,Hatchback,1.8L,Manual,5,5,Euro 4,1989
SKODA Fabia,77000,2007,0,Petrol,Hatchback,1.2L,Manual,5,5,Euro 4,1895
Ford Fiesta,113750,2010,6,Diesel,Hatchback,1.6L,Manual,3,5,Euro 5,2500
Peugeot 308,91000,2010,1,Petrol,Hatchback,1.6L,Manual,5,5,Euro 5,999
Toyota Verso,118000,2010,3,Diesel,MPV,2.0L,Manual,5,7,Euro 5,1575
Volkswagen Jetta,61637,2013,0,Diesel,Saloon,2.0L,Manual,4,5,Euro 5,6698
SEAT Ibiza,136000,2011,5,Petrol,Hatchback,1.4L,Automatic,3,5,Euro 5,3499
Ford Focus,105743,2007,0,Diesel,Estate,1.6L,Manual,5,5,Euro 4,1148
Ford Mondeo,103000,2006,0,Petrol,Hatchback,2.0L,Automatic,5,5,Euro 4,1175
Citroen C3 Picasso,88000,2009,3,Diesel,MPV,1.6L,Manual,5,5,Euro 4,2495
MINI Hatch,91000,2009,5,Petrol,Hatchback,1.4L,Manual,3,4,Euro 4,1800
Vauxhall Corsa,70345,2011,5,Petrol,Hatchback,1.2L,Manual,5,5,Euro 5,1999
Hyundai Getz,136000,2006,0,Diesel,Hatchback,1.5L,Manual,3,5,Euro 4,925
Honda Civic,126000,2008,3,Petrol,Hatchback,1.8L,Manual,3,5,Euro 4,1895
Ford Fiesta,129000,2015,1,Diesel,Hatchback,1.5L,Manual,5,5,Euro 5,3250
Suzuki SX4,52000,2008,2,Petrol,SUV,1.6L,Manual,5,5,Euro 4,2499
Mitsubishi Outlander,98000,2012,5,Diesel,SUV,2.2L,Manual,5,7,Euro 5,795
Volkswagen Jetta,61637,2013,0,Diesel,Saloon,2.0L,Manual,4,5,Euro 5,6698
Peugeot 308,55301,2016,0,Diesel,Hatchback,1.6L,Manual,5,5,Euro 6,9149
Vauxhall Astra,114840,2013,0,Petrol,Hatchback,1.4L,Manual,5,5,Euro 5,2995
Vauxhall Astra,89000,2003,3,Petrol,Hatchback,1.6L,Manual,5,5,Euro 4,795
Peugeot 206 CC,93000,2005,0,Petrol,Convertible,1.6L,Automatic,2,4,Euro 3,1489
Suzuki Swift,77186,2009,3,Petrol,Hatchback,1.3L,Manual,3,4,Euro 4,2199
Ford Focus,92187,2002,3,Petrol,Hatchback,1.6L,Manual,5,5,Euro 3,1000
Nissan Note,163000,2012,5,Diesel,Hatchback,1.5L,Manual,5,5,Euro 5,1490
Ford Fiesta,107767,2005,0,Petrol,Hatchback,1.3L,Manual,3,5,Euro 4,995
Renault Clio,75000,2012,3,Petrol,Hatchback,1.2L,Manual,3,5,Euro 5,2350
Jeep Patriot,112654,2008,4,Diesel,SUV,2.0L,Manual,5,5,Euro 4,1000
Vauxhall Zafira Tourer,42847,2017,0,Diesel,MPV,2.0L,Manual,5,7,Euro 6,13399
Volkswagen Jetta,61637,2013,0,Diesel,Saloon,2.0L,Manual,4,5,Euro 5,6698
Fiat 500,78000,2009,0,Petrol,Hatchback,1.2L,Manual,3,4,Euro 4,2499
Audi A4,147000,2008,0,Diesel,Saloon,2.0L,Manual,4,5,Euro 4,1989
Honda Jazz,126553,2003,0,Petrol,Hatchback,1.4L,Automatic,5,5,Euro 3,1650
Ford Grand C-max,105649,2011,3,Diesel,MPV,2.0L,Automatic,5,7,Euro 5,3499
Vauxhall Antara,121520,2014,4,Diesel,SUV,2.2L,Manual,5,5,Euro 5,2800
Volvo XC90,161000,2010,0,Diesel,SUV,2.4L,Automatic,5,5,Euro 4,1994
Volvo V50,88000,2007,0,Diesel,Estate,1.6L,Manual,5,5,Euro 4,2495
Peugeot 5008,146000,2010,3,Diesel,MPV,2.0L,Automatic,5,7,Euro 5,2350
Citroen C4,143577,2013,0,Diesel,Hatchback,1.6L,Manual,5,5,Euro 5,1995
Mitsubishi Colt,101078,2007,0,Petrol,Hatchback,1.5L,Manual,3,5,Euro 4,995
Toyota Verso,118000,2010,3,Diesel,MPV,2.0L,Manual,5,7,Euro 5,1575
Vauxhall Corsa,39993,2020,0,Petrol,Hatchback,1.2L,Manual,5,5,Euro 6,10998
Suzuki Swift,11589,2020,1,Petrol Hybrid,Hatchback,1.2L,Manual,5,5,Euro 6,10707
BMW 3 Series,208000,2009,4,Diesel,Coupe,3.0L,Automatic,2,4,Euro 4,1995
Peugeot 607,135634,2007,5,Diesel,Saloon,2.0L,Manual,4,5,Euro 4,2200
Isuzu Trooper,147700,2001,0,Diesel,SUV,null,Automatic,5,5,null,2250
Vauxhall Corsa,88000,2009,4,Petrol,Hatchback,1.2L,Manual,3,5,Euro 4,1850
Volvo V70,144726,2006,0,Petrol,Estate,2.4L,Automatic,5,5,Euro 4,2195
Suzuki Swift,139215,2007,3,Petrol,Hatchback,1.3L,Manual,3,5,Euro 4,975
Mercedes-Benz CLK,139571,2009,0,Petrol,Coupe,1.8L,Automatic,2,4,Euro 4,2000
Audi A3,132018,2008,0,Petrol,Hatchback,1.6L,Manual,3,5,Euro 4,1600
Nissan Qashqai+2,140000,2010,2,Petrol,SUV,1.6L,Manual,5,7,Euro 4,2989
Citroen Xsara Picasso,64000,2006,0,Petrol,MPV,1.6L,Manual,5,5,Euro 4,1495
Mitsubishi Outlander,98000,2012,5,Diesel,SUV,2.2L,Manual,5,7,Euro 5,795
Vauxhall Astra,60139,2015,2,Petrol,Hatchback,1.6L,Manual,5,5,Euro 6,4999
Vauxhall Zafira,82000,2009,7,Diesel,MPV,1.9L,Automatic,5,7,Euro 4,1995
Ford Mondeo,138676,2003,0,Diesel,Hatchback,2.0L,Manual,5,5,Euro 3,1100
Toyota Yaris,62324,2003,0,Petrol,Hatchback,1.3L,Manual,5,5,Euro 4,2350
Alfa Romeo Mito,135000,2012,4,Diesel,Hatchback,1.3L,Manual,3,4,Euro 5,1690
Vauxhall Astra,121000,2012,1,Diesel,Estate,2.0L,Manual,5,5,Euro 5,1990
Vauxhall Astra,95000,2016,0,Diesel,Hatchback,1.6L,Manual,5,5,Euro 6,4000
BMW 1 Series,140049,2013,2,Diesel,Hatchback,2.0L,Manual,5,5,Euro 5,2950
Honda Civic,66700,2010,7,Petrol,Hatchback,1.4L,Manual,5,5,Euro 5,1995
Vauxhall Zafira Tourer,42847,2017,0,Diesel,MPV,2.0L,Manual,5,7,Euro 6,13399
Ford Fiesta,119000,2004,6,Petrol,Hatchback,1.4L,Manual,5,5,Euro 4,1290
Volkswagen Golf,127000,2009,5,Petrol,Hatchback,1.4L,Manual,5,5,Euro 5,1995
Toyota Auris,158469,2008,4,Diesel,Hatchback,2.0L,Manual,5,5,Euro 4,1295
Mercedes-Benz C Class,170000,2007,5,Petrol,Saloon,1.8L,Automatic,4,5,Euro 4,1250
Hyundai Getz,121000,2003,4,Petrol,Hatchback,1.3L,Manual,5,5,Euro 3,990
Peugeot 207,110000,2007,4,Petrol,Hatchback,1.4L,Manual,5,5,Euro 4,1250
Renault Grand Espace,136000,2011,0,Diesel,MPV,2.0L,Manual,5,7,Euro 5,2499
SEAT Leon,128000,2013,1,Diesel,Hatchback,2.0L,Manual,5,5,Euro 5,5495
Mitsubishi Outlander,98000,2012,5,Diesel,SUV,2.2L,Manual,5,7,Euro 5,795
Vauxhall Zafira Tourer,42847,2017,0,Diesel,MPV,2.0L,Manual,5,7,Euro 6,13399
Vauxhall Astra,60139,2015,2,Petrol,Hatchback,1.6L,Manual,5,5,Euro 6,4999
SEAT Leon,128000,2013,1,Diesel,Hatchback,2.0L,Manual,5,5,Euro 5,5495
Suzuki Swift,139215,2007,3,Petrol,Hatchback,1.3L,Manual,3,5,Euro 4,975
Vauxhall Insignia,164400,2014,4,Diesel,Estate,2.0L,Manual,5,5,Euro 5,2490
Vauxhall Astra,96859,2009,0,Petrol,Hatchback,1.6L,Manual,5,5,Euro 4,1595
Toyota Aygo,89000,2010,0,Petrol,Hatchback,1.0L,Manual,3,4,Euro 4,1990
Vauxhall Corsa,75000,2008,3,Petrol,Hatchback,1.2L,Manual,3,5,Euro 4,1990
Citroen C3,130460,2010,4,Petrol,Hatchback,1.4L,Manual,5,5,Euro 5,1999
Volkswagen Golf,131000,2001,0,Petrol,Hatchback,2.8L,Manual,5,5,Euro 4,2500
Jeep Patriot,112654,2008,4,Diesel,SUV,2.0L,Manual,5,5,Euro 4,1000
Vauxhall Astra,60139,2015,2,Petrol,Hatchback,1.6L,Manual,5,5,Euro 6,4999
Honda Cr-v,165350,2010,4,Diesel,SUV,2.2L,Manual,5,5,Euro 5,2500
Mazda Mazda3,100367,2009,2,Diesel,Hatchback,2.2L,Manual,5,5,Euro 5,2495
MINI Hatch,81000,2005,6,Petrol,Hatchback,1.6L,Manual,3,4,Euro 4,3495
SKODA Fabia,64000,2008,4,Petrol,Hatchback,1.2L,Manual,5,5,Euro 4,2390
Toyota Verso,139000,2013,0,Diesel,MPV,2.0L,Manual,5,7,Euro 5,3995
Jaguar XE,89000,2015,0,Diesel,Saloon,2.0L,Manual,4,5,Euro 6,3494
Peugeot 107,93700,2007,0,Petrol,Hatchback,1.0L,Manual,3,4,Euro 4,1499
Renault Megane,57000,2007,0,Petrol,Hatchback,1.6L,Manual,5,5,Euro 4,1495
Suzuki Swift,89204,2009,5,Petrol,Hatchback,1.3L,Manual,5,5,Euro 4,2299
Honda Accord,107795,2007,0,Diesel,Saloon,2.2L,Manual,4,5,Euro 4,1795
Toyota Verso,118000,2010,3,Diesel,MPV,2.0L,Manual,5,7,Euro 5,1575
Vauxhall Corsa,28045,2020,0,Electric,Hatchback,null,Automatic,5,5,null,13998
Vauxhall Astra,60139,2015,2,Petrol,Hatchback,1.6L,Manual,5,5,Euro 6,4999
Toyota Auris,84000,2007,0,Diesel,Hatchback,2.0L,Manual,5,5,Euro 4,1995
MINI Hatch,116000,2003,0,Petrol,Hatchback,1.6L,Manual,3,4,Euro 3,1425
Vauxhall Astra GTC,50312,2015,3,Petrol,Coupe,1.4L,Manual,3,5,Euro 6,7495
Hyundai i20,88000,2012,3,Petrol,Hatchback,1.2L,Manual,5,5,Euro 5,2945
Fiat Punto,46443,2013,0,Petrol,Hatchback,1.2L,Manual,5,5,Euro 5,3999
MG MG ZS,52953,2003,0,Petrol,Hatchback,1.8L,Manual,5,5,Euro 3,1348
Nissan Note,115600,2010,5,Diesel,Hatchback,1.5L,Manual,5,5,Euro 4,1970
Honda Civic,124000,2009,0,Petrol,Hatchback,1.8L,Manual,3,5,Euro 4,2490
Suzuki SX4 S-Cross,87000,2014,3,Petrol,SUV,1.6L,Manual,5,5,Euro 6,2500
Volkswagen EOS,84000,2007,2,Petrol,Convertible,2.0L,Manual,2,4,Euro 4,2490
Mitsubishi Outlander,98000,2012,5,Diesel,SUV,2.2L,Manual,5,7,Euro 5,795
Vauxhall Astra,60139,2015,2,Petrol,Hatchback,1.6L,Manual,5,5,Euro 6,4999
Suzuki Swift,11589,2020,1,Petrol Hybrid,Hatchback,1.2L,Manual,5,5,Euro 6,10707
Ford Focus,101743,2012,0,Petrol,Hatchback,1.0L,Manual,5,5,Euro 5,3000
Citroen C3 Picasso,117000,2009,3,Diesel,MPV,1.6L,Manual,5,5,Euro 4,1750
Nissan Qashqai,67000,2015,3,Petrol,SUV,1.2L,Manual,5,5,Euro 5,7995
Mazda Mazda3,63000,2008,0,Petrol,Saloon,1.6L,Manual,4,5,Euro 4,2295
BMW 1 Series,59100,2010,2,Petrol,Hatchback,2.0L,Manual,5,5,Euro 5,2249
Ford Mondeo,111000,2007,0,Petrol,Hatchback,2.0L,Manual,5,5,Euro 4,2489
Vauxhall Zafira,136250,2006,2,Diesel,MPV,1.9L,Manual,5,7,Euro 3,1295
Daihatsu Terios,106000,2006,0,Petrol,SUV,1.5L,Manual,5,5,Euro 4,1895
KIA RIO,100000,2012,5,Petrol,Hatchback,1.3L,Manual,3,5,Euro 5,1995
Vauxhall Astra,78557,2016,1,Diesel,Hatchback,1.6L,Manual,5,5,Euro 6,4995
Fiat 500,85089,2008,6,Petrol,Hatchback,1.2L,Manual,3,4,Euro 4,2000
Vauxhall Astra,60139,2015,2,Petrol,Hatchback,1.6L,Manual,5,5,Euro 6,4999
MINI Hatch,33156,2018,1,Petrol,Hatchback,1.5L,Manual,5,5,Euro 6,11999
Mitsubishi Outlander,122000,2012,5,Diesel,SUV,2.2L,Manual,5,7,Euro 5,2790
Vauxhall Astra,138400,2011,0,Diesel,Estate,2.0L,Manual,5,5,Euro 5,1995
Vauxhall Corsa,88000,2009,4,Petrol,Hatchback,1.2L,Manual,3,5,Euro 4,1850
Ford Fiesta,106000,2010,0,Petrol,Hatchback,1.4L,Manual,5,5,Euro 4,2490
Audi A3,107000,2007,0,Diesel,Hatchback,2.0L,Manual,3,5,Euro 4,1495
Vauxhall Corsa,126000,2013,2,Diesel,Hatchback,1.3L,Manual,5,5,Euro 5,1995
KIA Optima,138676,2013,3,Diesel,Saloon,1.7L,Automatic,4,5,Euro 5,4800
Toyota Auris,158469,2008,4,Diesel,Hatchback,2.0L,Manual,5,5,Euro 4,1295
Ford Fiesta,80000,2015,3,Petrol,Hatchback,1.0L,Manual,3,5,Euro 6,4800
Renault Megane,80000,2011,3,Diesel,Convertible,1.9L,Manual,2,4,Euro 5,2999
Peugeot 207,81000,2012,4,Petrol,Hatchback,1.4L,Manual,5,5,Euro 5,1990
MINI Hatch,33156,2018,1,Petrol,Hatchback,1.5L,Manual,5,5,Euro 6,11999
Vauxhall Astra,60139,2015,2,Petrol,Hatchback,1.6L,Manual,5,5,Euro 6,4999
Renault Megane,79000,2010,4,Petrol,Hatchback,1.6L,Manual,5,5,Euro 5,1989
Peugeot 207,82506,2006,0,Petrol,Hatchback,1.4L,Manual,3,5,Euro 4,1495
Renault Clio,72000,2010,0,Petrol,Hatchback,1.2L,Manual,3,5,Euro 5,1745
Peugeot 207,86118,2008,1,Petrol,Convertible,1.6L,Manual,2,4,Euro 4,1595
Audi A3,122000,2008,5,Petrol,Hatchback,1.8L,Automatic,5,5,Euro 4,2995
SEAT Ibiza,83000,2012,0,Petrol,Hatchback,1.4L,Manual,5,5,Euro 5,3795
Citroen C1,69783,2008,5,Petrol,Hatchback,1.0L,Manual,3,4,Euro 4,1999
Renault Megane,129000,2013,4,Diesel,Hatchback,1.5L,Manual,5,5,Euro 5,2489
Fiat Idea,84000,2007,0,Diesel,Hatchback,1.3L,Manual,5,5,Euro 4,1295
Volkswagen Polo,120000,2009,4,Petrol,Hatchback,1.2L,Manual,5,5,Euro 4,1499
Mitsubishi Outlander,145000,2007,0,Diesel,SUV,2.0L,Manual,5,7,Euro 4,1489
Vauxhall Astra,60139,2015,2,Petrol,Hatchback,1.6L,Manual,5,5,Euro 6,4999
Vauxhall Astra,60139,2015,2,Petrol,Hatchback,1.6L,Manual,5,5,Euro 6,4999
Rover 800,34000,1995,0,Petrol,Saloon,2.7L,Automatic,4,null,null,3975
Jeep Cherokee,100000,2004,3,Petrol,SUV,3.7L,Automatic,5,5,Euro 3,2750
Honda Prelude,156097,1998,2,Petrol,Coupe,2.2L,Automatic,2,4,Euro 2,2475
Citroen C3,85962,2009,0,Diesel,Hatchback,1.4L,Manual,5,5,Euro 4,1795
Nissan Qashqai,104000,2009,3,Petrol,Hatchback,1.6L,Manual,5,5,Euro 4,1695
Renault Megane,76202,2006,4,Petrol,Hatchback,1.6L,Manual,5,5,Euro 4,1395
Audi A4,119000,2012,0,Petrol,Saloon,2.0L,Manual,4,5,Euro 5,6990
BMW 3 Series,139000,2013,0,Diesel,Saloon,2.0L,Manual,4,5,Euro 5,3995
Honda Accord,179190,2007,0,Diesel,Estate,2.2L,Manual,5,5,Euro 4,1390
Vauxhall Corsa,82160,2013,7,Petrol,Hatchback,1.2L,Manual,5,5,Euro 5,2000
